processed_date,composite_ticker,constituent_name,market_value,us_code,country_of_exchange,shares_held,currency_traded,constituent_rank,effective_date,requested_date,requested_year,weight,constituent_ticker,isin,sedol,asset_class,security_type,figi,exchange
2017-12-29,XLK,SSI US GOV MONEY MARKET CLASS STATE STREET INST US GOV,0.0,924QSGII3,US,0.0,USD,20,2017-12-29,2018-01-01,2018,,,,,,,,
2017-12-29,XLK,SSI US GOV MONEY MARKET CLASS STATE STREET INST US GOV,0.0,924QSGII3,US,0.0,USD,19,2017-12-29,2018-01-01,2018,,,,,,,,
2017-12-29,XLK,SSI US GOV MONEY MARKET CLASS STATE STREET INST US GOV,0.0,924QSGII3,US,0.0,USD,7,2017-12-29,2018-01-01,2018,,,,,,,,
2017-12-29,XLK,SSI US GOV MONEY MARKET CLASS STATE STREET INST US GOV,0.0,924QSGII3,US,0.0,USD,18,2017-12-29,2018-01-01,2018,,,,,,,,
2017-12-29,XLK,SSI US GOV MONEY MARKET CLASS STATE STREET INST US GOV,0.0,924QSGII3,US,0.0,USD,17,2017-12-29,2018-01-01,2018,,,,,,,,
2017-12-29,XLK,SSI US GOV MONEY MARKET CLASS STATE STREET INST US GOV,0.0,924QSGII3,US,0.0,USD,16,2017-12-29,2018-01-01,2018,,,,,,,,
2017-12-29,XLK,SSI US GOV MONEY MARKET CLASS STATE STREET INST US GOV,0.0,924QSGII3,US,0.0,USD,12,2017-12-29,2018-01-01,2018,,,,,,,,
2017-12-29,XLK,SSI US GOV MONEY MARKET CLASS STATE STREET INST US GOV,0.0,924QSGII3,US,0.0,USD,5,2017-12-29,2018-01-01,2018,,,,,,,,
2017-12-29,XLK,SSI US GOV MONEY MARKET CLASS STATE STREET INST US GOV,0.0,924QSGII3,US,0.0,USD,4,2017-12-29,2018-01-01,2018,,,,,,,,
2017-12-29,XLK,SSI US GOV MONEY MARKET CLASS STATE STREET INST US GOV,0.0,924QSGII3,US,0.0,USD,1,2017-12-29,2018-01-01,2018,,,,,,,,
2017-12-29,XLK,SSI US GOV MONEY MARKET CLASS STATE STREET INST US GOV,0.0,924QSGII3,US,0.0,USD,3,2017-12-29,2018-01-01,2018,,,,,,,,
2017-12-29,XLK,SSI US GOV MONEY MARKET CLASS STATE STREET INST US GOV,0.0,924QSGII3,US,0.0,USD,15,2017-12-29,2018-01-01,2018,,,,,,,,
2017-12-29,XLK,SSI US GOV MONEY MARKET CLASS STATE STREET INST US GOV,0.0,924QSGII3,US,0.0,USD,14,2017-12-29,2018-01-01,2018,,,,,,,,
2017-12-29,XLK,SSI US GOV MONEY MARKET CLASS STATE STREET INST US GOV,0.0,924QSGII3,US,0.0,USD,22,2017-12-29,2018-01-01,2018,,,,,,,,
2017-12-29,XLK,SSI US GOV MONEY MARKET CLASS STATE STREET INST US GOV,0.0,924QSGII3,US,0.0,USD,11,2017-12-29,2018-01-01,2018,,,,,,,,
2017-12-29,XLK,SSI US GOV MONEY MARKET CLASS STATE STREET INST US GOV,0.0,924QSGII3,US,0.0,USD,6,2017-12-29,2018-01-01,2018,,,,,,,,
2017-12-29,XLK,SSI US GOV MONEY MARKET CLASS STATE STREET INST US GOV,50086977.61,924QSGII3,US,50086977.61,USD,75,2017-12-29,2018-01-01,2018,0.0025772132,,,,,,,
2017-12-29,XLK,SSI US GOV MONEY MARKET CLASS STATE STREET INST US GOV,185.23,924QSGII3,US,185.23,USD,99,2017-12-29,2018-01-01,2018,9.5e-09,,,,,,,
2017-12-29,XLK,SSI US GOV MONEY MARKET CLASS STATE STREET INST US GOV,0.0,924QSGII3,US,0.0,USD,9,2017-12-29,2018-01-01,2018,,,,,,,,
2017-12-29,XLK,SSI US GOV MONEY MARKET CLASS STATE STREET INST US GOV,0.0,924QSGII3,US,0.0,USD,8,2017-12-29,2018-01-01,2018,,,,,,,,
2017-12-29,XLK,SSI US GOV MONEY MARKET CLASS STATE STREET INST US GOV,0.0,924QSGII3,US,0.0,USD,13,2017-12-29,2018-01-01,2018,,,,,,,,
2017-12-29,XLK,SSI US GOV MONEY MARKET CLASS STATE STREET INST US GOV,1285.88,924QSGII3,US,1285.88,USD,98,2017-12-29,2018-01-01,2018,6.62e-08,,,,,,,
2017-12-29,XLK,SSI US GOV MONEY MARKET CLASS STATE STREET INST US GOV,3361.58,924QSGII3,US,3361.58,USD,97,2017-12-29,2018-01-01,2018,1.73e-07,,,,,,,
2017-12-29,XLK,SSI US GOV MONEY MARKET CLASS STATE STREET INST US GOV,110172.98,924QSGII3,US,110172.98,USD,96,2017-12-29,2018-01-01,2018,5.6689e-06,,,,,,,
2017-12-29,XLK,SSI US GOV MONEY MARKET CLASS STATE STREET INST US GOV,0.0,924QSGII3,US,0.0,USD,2,2017-12-29,2018-01-01,2018,,,,,,,,
2017-12-29,XLK,SSI US GOV MONEY MARKET CLASS STATE STREET INST US GOV,0.0,924QSGII3,US,0.0,USD,10,2017-12-29,2018-01-01,2018,,,,,,,,
2017-12-29,XLK,SSI US GOV MONEY MARKET CLASS STATE STREET INST US GOV,0.0,924QSGII3,US,0.0,USD,21,2017-12-29,2018-01-01,2018,,,,,,,,
2017-12-29,XLK,SSI US GOV MONEY MARKET CLASS STATE STREET INST US GOV,2933638.86,924QSGII3,US,2933638.86,USD,95,2017-12-29,2018-01-01,2018,0.0001509497,,,,,,,
2017-12-29,XLK,XEROX CORP,21743742.9,984121608,US,745926.0,USD,93,2017-12-29,2018-01-01,2018,0.001118819,XRX,US9841216081,BYWTW73,Equity,Common Stock,,
2017-12-29,XLK,XILINX INC,58319918.08,983919101,US,865024.0,USD,69,2017-12-29,2018-01-01,2018,0.0030008371,XLNX,US9839191015,2985677,Equity,Common Stock,BBG000C0F570,NASDAQ/NGS (GLOBAL SELECT MARKET)
2017-12-29,XLK,WESTERN UNION CO,30685219.62,959802109,US,1614162.0,USD,89,2017-12-29,2018-01-01,2018,0.0015789005,WU,US9598021098,B1F76F9,Equity,Common Stock,BBG000BB5373,"NEW YORK STOCK EXCHANGE, INC."
2017-12-29,XLK,WESTERN DIGITAL CORP,80744900.28,958102105,US,1015276.0,USD,61,2017-12-29,2018-01-01,2018,0.0041547091,WDC,US9581021055,2954699,Equity,Common Stock,BBG000BWNFZ9,NASDAQ/NGS (GLOBAL SELECT MARKET)
2017-12-29,XLK,VERIZON COMMUNICATIONS INC,585458941.72,92343V104,US,11061004.0,USD,32,2017-12-29,2018-01-01,2018,0.0301246467,VZ,US92343V1044,2090571,Equity,Common Stock,BBG000HS77T5,"NEW YORK STOCK EXCHANGE, INC."
2017-12-29,XLK,VERISIGN INC,34536618.72,92343E102,US,301788.0,USD,87,2017-12-29,2018-01-01,2018,0.0017770733,VRSN,US92343E1029,2142922,Equity,Common Stock,BBG000BGKHZ3,NASDAQ/NGS (GLOBAL SELECT MARKET)
2017-12-29,XLK,VISA INC-CLASS A SHARES,680803728.3,92826C839,US,5970915.0,USD,30,2017-12-29,2018-01-01,2018,0.0350305894,V,US92826C8394,B2PZN04,Equity,Common Stock,BBG000PSKYX7,"NEW YORK STOCK EXCHANGE, INC."
2017-12-29,XLK,TEXAS INSTRUMENTS INC,340761296.68,882508104,US,3262747.0,USD,38,2017-12-29,2018-01-01,2018,0.0175337892,TXN,US8825081040,2885409,Equity,Common Stock,BBG000BVV7G1,NASDAQ/NGS (GLOBAL SELECT MARKET)
2017-12-29,XLK,TOTAL SYSTEM SERVICES INC,46330210.19,891906109,US,585791.0,USD,76,2017-12-29,2018-01-01,2018,0.0023839096,TSS,US8919061098,2897697,Equity,Common Stock,BBG000C1JTL6,
2017-12-29,XLK,TE CONNECTIVITY LTD,112823124.48,,US,1187112.0,USD,52,2017-12-29,2018-01-01,2018,0.0058052863,TEL,CH0102993182,B62B7C3,Equity,Common Stock,BBG000RGM5P1,
2017-12-29,XLK,AT&T INC,782368943.04,00206R102,US,20122658.0,USD,28,2017-12-29,2018-01-01,2018,0.0402566027,T,US00206R1023,2831811,Equity,Common Stock,BBG000BSJK37,
2017-12-29,XLK,SYMANTEC CORP,59724924.32,871503108,US,2128472.0,USD,68,2017-12-29,2018-01-01,2018,0.0030731314,SYMC,US8715031089,2861078,Equity,Common Stock,BBG000BH2JM1,NASDAQ/NGS (GLOBAL SELECT MARKET)
2017-12-29,XLK,SKYWORKS SOLUTIONS INC,59970325.05,83088M102,US,631599.0,USD,67,2017-12-29,2018-01-01,2018,0.0030857584,SWKS,US83088M1027,2961053,Equity,Common Stock,BBG000KLB4Q1,NASDAQ/NGS (GLOBAL SELECT MARKET)
2017-12-29,XLK,SEAGATE TECHNOLOGY,42816252.72,,US,1023333.0,USD,78,2017-12-29,2018-01-01,2018,0.0022030998,STX,IE00B58JVZ52,B58JVZ5,Equity,Common Stock,BBG000F0KF42,NASDAQ/NGS (GLOBAL SELECT MARKET)
2017-12-29,XLK,SYNOPSYS INC,41890089.88,871607107,US,491437.0,USD,80,2017-12-29,2018-01-01,2018,0.0021554443,SNPS,US8716071076,2867719,Equity,Common Stock,BBG000BSFRF3,
2017-12-29,XLK,RED HAT INC,72853500.7,756577102,US,606607.0,USD,65,2017-12-29,2018-01-01,2018,0.0037486591,RHT,US7565771026,2447218,Equity,Common Stock,BBG000BWXL85,"NEW YORK STOCK EXCHANGE, INC."
2017-12-29,XLK,QORVO INC,30137698.8,74736K101,US,452518.0,USD,90,2017-12-29,2018-01-01,2018,0.0015507279,QRVO,US74736K1016,BR9YYP4,Equity,Common Stock,BBG007TJF1N7,NASDAQ/NGS (GLOBAL SELECT MARKET)
2017-12-29,XLK,QUALCOMM INC,311774199.0,747525103,US,4869950.0,USD,40,2017-12-29,2018-01-01,2018,0.0160422652,QCOM,US7475251036,2714923,Equity,Common Stock,BBG000CGC1X8,NASDAQ/NGS (GLOBAL SELECT MARKET)
2017-12-29,XLK,PAYPAL HOLDINGS INC,276863175.72,70450Y103,US,3760706.0,USD,42,2017-12-29,2018-01-01,2018,0.014245927,PYPL,US70450Y1038,BYW36M8,Equity,Common Stock,BBG0077VNXV6,NASDAQ/NGS (GLOBAL SELECT MARKET)
2017-12-29,XLK,PAYCHEX INC,73562210.08,704326107,US,1080526.0,USD,64,2017-12-29,2018-01-01,2018,0.0037851255,PAYX,US7043261079,2674458,Equity,Common Stock,BBG000BQSQ38,
2017-12-29,XLK,ORACLE CORP,474415463.04,68389X105,US,10034168.0,USD,33,2017-12-29,2018-01-01,2018,0.0244109316,ORCL,US68389X1054,2661568,Equity,Common Stock,BBG000BQLTW7,"NEW YORK STOCK EXCHANGE, INC."
2017-12-29,XLK,NVIDIA CORP,393996573.0,67066G104,US,2036158.0,USD,36,2017-12-29,2018-01-01,2018,0.0202729973,NVDA,US67066G1040,2379504,Equity,Common Stock,BBG000BBJQV0,NASDAQ/NGS (GLOBAL SELECT MARKET)
2017-12-29,XLK,NETAPP INC,53071186.68,64110D104,US,959349.0,USD,73,2017-12-29,2018-01-01,2018,0.0027307649,NTAP,US64110D1046,2630643,Equity,Common Stock,BBG000FP1N32,NASDAQ/NGS (GLOBAL SELECT MARKET)
2017-12-29,XLK,MICRON TECHNOLOGY INC,162078468.64,595112103,US,3941597.0,USD,46,2017-12-29,2018-01-01,2018,0.008339708,MU,US5951121038,2588184,Equity,Common Stock,BBG000C5Z1S3,NASDAQ/NGS (GLOBAL SELECT MARKET)
2017-12-29,XLK,MOTOROLA SOLUTIONS INC,50836395.82,620076307,US,562723.0,USD,74,2017-12-29,2018-01-01,2018,0.0026157743,MSI,US6200763075,B5BKPQ4,Equity,Common Stock,BBG000BP8Z50,"NEW YORK STOCK EXCHANGE, INC."
2017-12-29,XLK,MICROSOFT CORP,2163394791.74,594918104,US,25291031.0,USD,24,2017-12-29,2018-01-01,2018,0.11131695,MSFT,US5949181045,2588173,Equity,Common Stock,BBG000BPH459,NASDAQ/NGS (GLOBAL SELECT MARKET)
2017-12-29,XLK,MICROCHIP TECHNOLOGY INC,71097907.92,595017104,US,809034.0,USD,66,2017-12-29,2018-01-01,2018,0.0036583255,MCHP,US5950171042,2592174,Equity,Common Stock,BBG000BHCP19,NASDAQ/NGS (GLOBAL SELECT MARKET)
2017-12-29,XLK,MASTERCARD INC - A,464038731.2,57636Q104,US,3065795.0,USD,34,2017-12-29,2018-01-01,2018,0.0238769994,MA,US57636Q1040,B121557,Equity,Common Stock,BBG000F1ZSQ2,"NEW YORK STOCK EXCHANGE, INC."
2017-12-29,XLK,LAM RESEARCH CORP,102460540.73,512807108,US,556639.0,USD,56,2017-12-29,2018-01-01,2018,0.0052720821,LRCX,US5128071082,2502247,Equity,Common Stock,BBG000BNFLM9,NASDAQ/NGS (GLOBAL SELECT MARKET)
2017-12-29,XLK,KLA-TENCOR CORP,56714684.6,482480100,US,539780.0,USD,70,2017-12-29,2018-01-01,2018,0.0029182402,KLAC,US4824801009,2480138,Equity,Common Stock,BBG000BMTFR4,NASDAQ/NGS (GLOBAL SELECT MARKET)
2017-12-29,XLK,JUNIPER NETWORKS INC,37738788.0,48203R104,US,1324168.0,USD,84,2017-12-29,2018-01-01,2018,0.0019418401,JNPR,US48203R1041,2431846,Equity,Common Stock,BBG000BY33P5,"NEW YORK STOCK EXCHANGE, INC."
2017-12-29,XLK,Gartner Inc,36497719.2,366651107,US,296368.0,USD,86,2017-12-29,2018-01-01,2018,0.0018779812,IT,US3666511072,2372763,Equity,Common Stock,BBG000BB65D0,"NEW YORK STOCK EXCHANGE, INC."
2017-12-29,XLK,INTUIT INC,128654443.12,461202103,US,815404.0,USD,49,2017-12-29,2018-01-01,2018,0.0066198829,INTU,US4612021034,2459020,Equity,Common Stock,BBG000BH5DV1,NASDAQ/NGS (GLOBAL SELECT MARKET)
2017-12-29,XLK,INTEL CORP,711125034.8,458140100,US,15405655.0,USD,29,2017-12-29,2018-01-01,2018,0.0365907648,INTC,US4581401001,2463247,Equity,Common Stock,BBG000C0G1D1,NASDAQ/NGS (GLOBAL SELECT MARKET)
2017-12-29,XLK,International Business Machines Corporation,435089147.7,459200101,US,2835935.0,USD,35,2017-12-29,2018-01-01,2018,0.0223874057,IBM,US4592001014,2005973,Equity,Common Stock,BBG000BLNNH6,"NEW YORK STOCK EXCHANGE, INC."
2017-12-29,XLK,HP INC,118420490.87,40434L105,US,5636387.0,USD,51,2017-12-29,2018-01-01,2018,0.0060932974,HPQ,US40434L1052,BYX4D52,Equity,Common Stock,BBG000KHWT55,
2017-12-29,XLK,HEWLETT PACKA,76666690.16,42824C109,US,5338906.0,USD,63,2017-12-29,2018-01-01,2018,0.0039448658,HPE,US42824C1099,BYVYWS0,Equity,Common Stock,BBG0078W3NQ3,
2017-12-29,XLK,GLOBAL PAYMENTS INC,55097316.96,37940X102,US,549654.0,USD,71,2017-12-29,2018-01-01,2018,0.002835019,GPN,US37940X1028,2712013,Equity,Common Stock,BBG000CX0P89,
2017-12-29,XLK,ALPHABET INC-CL A,1028930571.4,02079K305,US,976771.0,USD,27,2017-12-29,2018-01-01,2018,0.0529433709,GOOGL,US02079K3059,BYVY8G0,Equity,Common Stock,BBG009S39JX6,
2017-12-29,XLK,ALPHABET INC-CL C,1035220262.4,02079K107,US,989316.0,USD,26,2017-12-29,2018-01-01,2018,0.0532670055,GOOG,US02079K1079,BYY88Y7,Equity,Common Stock,BBG009S3NB30,
2017-12-29,XLK,CORNING INC,93796087.56,219350105,US,2932044.0,USD,57,2017-12-29,2018-01-01,2018,0.0048262547,GLW,US2193501051,2224701,Equity,Common Stock,BBG000BKFZM4,"NEW YORK STOCK EXCHANGE, INC."
2017-12-29,XLK,FLIR SYSTEMS INC,23916899.16,302445101,US,513018.0,USD,92,2017-12-29,2018-01-01,2018,0.0012306382,FLIR,US3024451011,2344717,Equity,Common Stock,BBG000BHK836,
2017-12-29,XLK,FISERV INC,91860761.16,337738108,US,700532.0,USD,58,2017-12-29,2018-01-01,2018,0.004726673,FISV,US3377381088,2342034,Equity,Common Stock,BBG000BJKPG0,NASDAQ/NGS (GLOBAL SELECT MARKET)
2017-12-29,XLK,FIDELITY NATIONAL INFO SERV,106028421.47,31620M106,US,1126883.0,USD,55,2017-12-29,2018-01-01,2018,0.0054556665,FIS,US31620M1062,2769796,Equity,,BBG000BK2F42,
2017-12-29,XLK,F5 NETWORKS INC,29433039.66,315616102,US,224303.0,USD,91,2017-12-29,2018-01-01,2018,0.0015144699,FFIV,US3156161024,2427599,Equity,Common Stock,BBG000CXYSZ6,
2017-12-29,XLK,Facebook Inc.,1379443757.82,30303M102,US,7817317.0,USD,25,2017-12-29,2018-01-01,2018,0.0709789412,FB,US30303M1027,B7TL820,Equity,Common Stock,BBG000MM2P62,NASDAQ/NGS (GLOBAL SELECT MARKET)
2017-12-29,XLK,EBAY INC,123162112.38,278642103,US,3263437.0,USD,50,2017-12-29,2018-01-01,2018,0.0063372764,EBAY,US2786421030,2293819,Equity,Common Stock,BBG000C43RR5,NASDAQ/NGS (GLOBAL SELECT MARKET)
2017-12-29,XLK,ELECTRONIC ARTS INC,109206192.9,285512109,US,1039465.0,USD,54,2017-12-29,2018-01-01,2018,0.005619178,EA,US2855121099,2310194,Equity,,BBG000BP0KQ8,
2017-12-29,XLK,DXC Technology Co.,88747822.8,23355L106,US,935172.0,USD,60,2017-12-29,2018-01-01,2018,0.0045664975,DXC,US23355L1061,BYXD7B3,Equity,Common Stock,BBG00FN64XT9,
2017-12-29,XLK,CITRIX SYSTEMS INC,43395792.0,177376100,US,493134.0,USD,77,2017-12-29,2018-01-01,2018,0.0022329199,CTXS,US1773761002,2182553,Equity,Common Stock,BBG000FQ6PY6,NASDAQ/NGS (GLOBAL SELECT MARKET)
2017-12-29,XLK,COGNIZANT TECH SOLUTIONS-A,139912311.82,192446102,US,1970041.0,USD,48,2017-12-29,2018-01-01,2018,0.0071991538,CTSH,US1924461023,2257019,Equity,Common Stock,BBG000BBDV81,NASDAQ/NGS (GLOBAL SELECT MARKET)
2017-12-29,XLK,CENTURYLINK INC,55051155.72,156700106,US,3300429.0,USD,72,2017-12-29,2018-01-01,2018,0.0028326438,CTL,US1567001060,2185046,Equity,Common Stock,BBG000BGLRN3,"NEW YORK STOCK EXCHANGE, INC."
2017-12-29,XLK,CSRA INC,19048238.88,12650T104,US,636639.0,USD,94,2017-12-29,2018-01-01,2018,0.0009801225,CSRA,US12650T1043,BYQKXC4,Equity,Common Stock,BBG008S3V4G5,
2017-12-29,XLK,CISCO SYSTEMS INC,623523655.3,17275R102,US,16279991.0,USD,31,2017-12-29,2018-01-01,2018,0.0320832572,CSCO,US17275R1023,2198163,Equity,Common Stock,BBG000C3J3C9,NASDAQ/NGS (GLOBAL SELECT MARKET)
2017-12-29,XLK,SALESFORCE.COM INC,232682840.56,79466L302,US,2276072.0,USD,43,2017-12-29,2018-01-01,2018,0.0119726387,CRM,US79466L3024,2310525,Equity,,BBG000BN2DC2,
2017-12-29,XLK,CADENCE DESIGN SYS INC,38706668.28,127387108,US,925554.0,USD,83,2017-12-29,2018-01-01,2018,0.0019916422,CDNS,US1273871087,2302232,Equity,Common Stock,BBG000C13CD9,NASDAQ/NGS (GLOBAL SELECT MARKET)
2017-12-29,XLK,CA INC,36538777.6,12673P105,US,1097920.0,USD,85,2017-12-29,2018-01-01,2018,0.0018800939,CA,US12673P1057,2214832,Equity,Common Stock,BBG000BDWKC5,NASDAQ/NGS (GLOBAL SELECT MARKET)
2017-12-29,XLK,ACTIVISION BLIZZARD INC,161570857.92,00507V109,US,2551656.0,USD,47,2017-12-29,2018-01-01,2018,0.008313589,ATVI,US00507V1098,2575818,Equity,Common Stock,BBG000CVWGS6,NASDAQ/NGS (GLOBAL SELECT MARKET)
2017-12-29,XLK,AMPHENOL CORP-CL A,90965892.4,032095101,US,1036058.0,USD,59,2017-12-29,2018-01-01,2018,0.0046806277,APH,US0320951017,2145084,Equity,Common Stock,BBG000B9YJ35,
2017-12-29,XLK,ANSYS INC,40922574.48,03662Q105,US,277272.0,USD,81,2017-12-29,2018-01-01,2018,0.0021056611,ANSS,US03662Q1058,2045623,Equity,Common Stock,BBG000GXZ4W7,NASDAQ/NGS (GLOBAL SELECT MARKET)
2017-12-29,XLK,ADVANCED MICRO DEVICES INC,31457468.2,007903107,US,3060065.0,USD,88,2017-12-29,2018-01-01,2018,0.0016186363,AMD,US0079031078,2007849,Equity,Common Stock,BBG000BBQCY0,NASDAQ CAPITAL MARKET
2017-12-29,XLK,APPLIED MATERIALS INC,182919935.52,038222105,US,3578246.0,USD,44,2017-12-29,2018-01-01,2018,0.0094121006,AMAT,US0382221051,2046552,Equity,Common Stock,BBG000BBPFB9,
2017-12-29,XLK,AKAMAI TECHNOLOGIES INC,38754994.56,00971T101,US,595864.0,USD,82,2017-12-29,2018-01-01,2018,0.0019941288,AKAM,US00971T1016,2507457,Equity,Common Stock,BBG000BJQWD2,
2017-12-29,XLK,AUTODESK INC,78960576.75,052769106,US,753225.0,USD,62,2017-12-29,2018-01-01,2018,0.0040628972,ADSK,US0527691069,2065159,Equity,Common Stock,BBG000BM7HL0,
2017-12-29,XLK,ALLIANCE DATA SYSTEMS CORP,42130403.84,018581108,US,166208.0,USD,79,2017-12-29,2018-01-01,2018,0.0021678096,ADS,US0185811082,2762030,Equity,Common Stock,BBG000BFNR17,"NEW YORK STOCK EXCHANGE, INC."
2017-12-29,XLK,AUTOMATIC DATA PROCESSING,173233070.56,053015103,US,1478224.0,USD,45,2017-12-29,2018-01-01,2018,0.0089136653,ADP,US0530151036,2065308,Equity,,BBG000JG0547,
2017-12-29,XLK,ANALOG DEVICES INC,111112199.93,032654105,US,1248031.0,USD,53,2017-12-29,2018-01-01,2018,0.0057172511,ADI,US0326541051,2032067,Equity,,BBG000BB6G37,
2017-12-29,XLK,ADOBE SYSTEMS INC,286997207.12,00724F101,US,1637738.0,USD,41,2017-12-29,2018-01-01,2018,0.0147673711,ADBE,US00724F1012,2008154,Equity,Common Stock,BBG000BB5006,NASDAQ/NGS (GLOBAL SELECT MARKET)
2017-12-29,XLK,ACCENTURE PLC-CL A,312747254.82,,US,2042898.0,USD,39,2017-12-29,2018-01-01,2018,0.0160923335,ACN,IE00B4BNMY34,B4BNMY3,Equity,Common Stock,BBG000D9D830,
2017-12-29,XLK,APPLE INC,2849021572.92,037833100,US,16835204.0,USD,23,2017-12-29,2018-01-01,2018,0.1465957084,AAPL,US0378331005,2046251,Equity,Common Stock,BBG000B9XRY4,NASDAQ/NGS (GLOBAL SELECT MARKET)
2017-12-29,XLK,BROADCOM LTD COMMON STOCK EUR,345986754.4,,US,1346776.0,USD,37,2017-12-29,2018-01-01,2018,0.0178026638,9876590D,SG9999014823,BD9WQP4,Equity,Common Stock,BBG009XV39D8,
2018-12-31,XLK,SSI US GOV MONEY MARKET CLASS STATE STREET INST US GOV,0.0,924QSGII3,US,0.0,USD,8,2018-12-31,2019-01-01,2019,,,,,,,,
2018-12-31,XLK,SSI US GOV MONEY MARKET CLASS STATE STREET INST US GOV,0.0,924QSGII3,US,0.0,USD,11,2018-12-31,2019-01-01,2019,,,,,,,,
2018-12-31,XLK,SSI US GOV MONEY MARKET CLASS STATE STREET INST US GOV,0.0,924QSGII3,US,0.0,USD,17,2018-12-31,2019-01-01,2019,,,,,,,,
2018-12-31,XLK,SSI US GOV MONEY MARKET CLASS STATE STREET INST US GOV,0.0,924QSGII3,US,0.0,USD,10,2018-12-31,2019-01-01,2019,,,,,,,,
2018-12-31,XLK,SSI US GOV MONEY MARKET CLASS STATE STREET INST US GOV,0.0,924QSGII3,US,0.0,USD,1,2018-12-31,2019-01-01,2019,,,,,,,,
2018-12-31,XLK,SSI US GOV MONEY MARKET CLASS STATE STREET INST US GOV,0.0,924QSGII3,US,0.0,USD,12,2018-12-31,2019-01-01,2019,,,,,,,,
2018-12-31,XLK,SSI US GOV MONEY MARKET CLASS STATE STREET INST US GOV,0.0,924QSGII3,US,0.0,USD,14,2018-12-31,2019-01-01,2019,,,,,,,,
2018-12-31,XLK,SSI US GOV MONEY MARKET CLASS STATE STREET INST US GOV,0.0,924QSGII3,US,0.0,USD,16,2018-12-31,2019-01-01,2019,,,,,,,,
2018-12-31,XLK,SSI US GOV MONEY MARKET CLASS STATE STREET INST US GOV,0.0,924QSGII3,US,0.0,USD,5,2018-12-31,2019-01-01,2019,,,,,,,,
2018-12-31,XLK,SSI US GOV MONEY MARKET CLASS STATE STREET INST US GOV,0.0,924QSGII3,US,0.0,USD,7,2018-12-31,2019-01-01,2019,,,,,,,,
2018-12-31,XLK,SSI US GOV MONEY MARKET CLASS STATE STREET INST US GOV,0.0,924QSGII3,US,0.0,USD,13,2018-12-31,2019-01-01,2019,,,,,,,,
2018-12-31,XLK,SSI US GOV MONEY MARKET CLASS STATE STREET INST US GOV,0.0,924QSGII3,US,0.0,USD,18,2018-12-31,2019-01-01,2019,,,,,,,,
2018-12-31,XLK,SSI US GOV MONEY MARKET CLASS STATE STREET INST US GOV,30173810.79,924QSGII3,US,30173810.79,USD,83,2018-12-31,2019-01-01,2019,0.0017373337,,,,,,,
2018-12-31,XLK,SSI US GOV MONEY MARKET CLASS STATE STREET INST US GOV,5234923.55,924QSGII3,US,5234923.55,USD,88,2018-12-31,2019-01-01,2019,0.000301414,,,,,,,
2018-12-31,XLK,SSI US GOV MONEY MARKET CLASS STATE STREET INST US GOV,0.0,924QSGII3,US,0.0,USD,6,2018-12-31,2019-01-01,2019,,,,,,,,
2018-12-31,XLK,SSI US GOV MONEY MARKET CLASS STATE STREET INST US GOV,0.0,924QSGII3,US,0.0,USD,4,2018-12-31,2019-01-01,2019,,,,,,,,
2018-12-31,XLK,SSI US GOV MONEY MARKET CLASS STATE STREET INST US GOV,0.0,924QSGII3,US,0.0,USD,15,2018-12-31,2019-01-01,2019,,,,,,,,
2018-12-31,XLK,SSI US GOV MONEY MARKET CLASS STATE STREET INST US GOV,0.0,924QSGII3,US,0.0,USD,9,2018-12-31,2019-01-01,2019,,,,,,,,
2018-12-31,XLK,SSI US GOV MONEY MARKET CLASS STATE STREET INST US GOV,353262.19,924QSGII3,US,353262.19,USD,89,2018-12-31,2019-01-01,2019,2.034e-05,,,,,,,
2018-12-31,XLK,SSI US GOV MONEY MARKET CLASS STATE STREET INST US GOV,0.0,924QSGII3,US,0.0,USD,3,2018-12-31,2019-01-01,2019,,,,,,,,
2018-12-31,XLK,SSI US GOV MONEY MARKET CLASS STATE STREET INST US GOV,0.0,924QSGII3,US,0.0,USD,2,2018-12-31,2019-01-01,2019,,,,,,,,
2018-12-31,XLK,XEROX CORP,16787799.6,984121608,US,849585.0,USD,86,2018-12-31,2019-01-01,2019,0.0009666001,XRX,US9841216081,BYWTW73,Equity,Common Stock,,
2018-12-31,XLK,XILINX INC,88068846.12,983919101,US,1034036.0,USD,49,2018-12-31,2019-01-01,2019,0.0050707872,XLNX,US9839191015,2985677,Equity,Common Stock,BBG000C0F570,NASDAQ/NGS (GLOBAL SELECT MARKET)
2018-12-31,XLK,WESTERN UNION CO,30898611.38,959802109,US,1811173.0,USD,82,2018-12-31,2019-01-01,2019,0.0017790659,WU,US9598021098,B1F76F9,Equity,Common Stock,BBG000BB5373,"NEW YORK STOCK EXCHANGE, INC."
2018-12-31,XLK,WESTERN DIGITAL CORP,43762719.92,958102105,US,1183736.0,USD,74,2018-12-31,2019-01-01,2019,0.0025197496,WDC,US9581021055,2954699,Equity,Common Stock,BBG000BWNFZ9,NASDAQ/NGS (GLOBAL SELECT MARKET)
2018-12-31,XLK,VERISIGN INC,64517716.62,92343E102,US,435078.0,USD,58,2018-12-31,2019-01-01,2019,0.0037147712,VRSN,US92343E1029,2142922,Equity,Common Stock,BBG000BGKHZ3,NASDAQ/NGS (GLOBAL SELECT MARKET)
2018-12-31,XLK,VISA INC-CLASS A SHARES,948314000.16,92826C839,US,7187464.0,USD,21,2018-12-31,2019-01-01,2019,0.054601584,V,US92826C8394,B2PZN04,Equity,Common Stock,BBG000PSKYX7,"NEW YORK STOCK EXCHANGE, INC."
2018-12-31,XLK,TEXAS INSTRUMENTS INC,371264418.0,882508104,US,3928724.0,USD,31,2018-12-31,2019-01-01,2019,0.0213764906,TXN,US8825081040,2885409,Equity,Common Stock,BBG000BVV7G1,NASDAQ/NGS (GLOBAL SELECT MARKET)
2018-12-31,XLK,TOTAL SYSTEM SERVICES INC,55863057.03,891906109,US,687207.0,USD,63,2018-12-31,2019-01-01,2019,0.0032164572,TSS,US8919061098,2897697,Equity,Common Stock,BBG000C1JTL6,
2018-12-31,XLK,TE CONNECTIVITY LTD,106108738.74,,US,1402998.0,USD,46,2018-12-31,2019-01-01,2019,0.0061094798,TEL,CH0102993182,B62B7C3,Equity,Common Stock,BBG000RGM5P1,
2018-12-31,XLK,SYMANTEC CORP,49375204.72,871503108,US,2613136.0,USD,67,2018-12-31,2019-01-01,2019,0.0028429027,SYMC,US8715031089,2861078,Equity,Common Stock,BBG000BH2JM1,NASDAQ/NGS (GLOBAL SELECT MARKET)
2018-12-31,XLK,SKYWORKS SOLUTIONS INC,48663423.06,83088M102,US,726103.0,USD,69,2018-12-31,2019-01-01,2019,0.00280192,SWKS,US83088M1027,2961053,Equity,Common Stock,BBG000KLB4Q1,NASDAQ/NGS (GLOBAL SELECT MARKET)
2018-12-31,XLK,SEAGATE TECHNOLOGY,41237081.05,,US,1068595.0,USD,76,2018-12-31,2019-01-01,2019,0.0023743295,STX,IE00B58JVZ52,B58JVZ5,Equity,Common Stock,BBG000F0KF42,NASDAQ/NGS (GLOBAL SELECT MARKET)
2018-12-31,XLK,SYNOPSYS INC,51254901.36,871607107,US,608439.0,USD,65,2018-12-31,2019-01-01,2019,0.002951131,SNPS,US8716071076,2867719,Equity,Common Stock,BBG000BSFRF3,
2018-12-31,XLK,RED HAT INC,126985436.68,756577102,US,722987.0,USD,43,2018-12-31,2019-01-01,2019,0.0073115086,RHT,US7565771026,2447218,Equity,Common Stock,BBG000BWXL85,"NEW YORK STOCK EXCHANGE, INC."
2018-12-31,XLK,QORVO INC,31025863.86,74736K101,US,510882.0,USD,81,2018-12-31,2019-01-01,2019,0.0017863928,QRVO,US74736K1016,BR9YYP4,Equity,Common Stock,BBG007TJF1N7,NASDAQ/NGS (GLOBAL SELECT MARKET)
2018-12-31,XLK,QUALCOMM INC,282032472.33,747525103,US,4955763.0,USD,34,2018-12-31,2019-01-01,2019,0.016238735,QCOM,US7475251036,2714923,Equity,Common Stock,BBG000CGC1X8,NASDAQ/NGS (GLOBAL SELECT MARKET)
2018-12-31,XLK,PAYPAL HOLDINGS INC,405283611.69,70450Y103,US,4819641.0,USD,30,2018-12-31,2019-01-01,2019,0.023335232,PYPL,US70450Y1038,BYW36M8,Equity,Common Stock,BBG0077VNXV6,NASDAQ/NGS (GLOBAL SELECT MARKET)
2018-12-31,XLK,PAYCHEX INC,85268776.05,704326107,US,1308807.0,USD,51,2018-12-31,2019-01-01,2019,0.0049095661,PAYX,US7043261079,2674458,Equity,Common Stock,BBG000BQSQ38,
2018-12-31,XLK,ORACLE CORP,470975226.75,68389X105,US,10431345.0,USD,25,2018-12-31,2019-01-01,2019,0.0271175933,ORCL,US68389X1054,2661568,Equity,Common Stock,BBG000BQLTW7,"NEW YORK STOCK EXCHANGE, INC."
2018-12-31,XLK,NVIDIA CORP,333088507.5,67066G104,US,2495045.0,USD,33,2018-12-31,2019-01-01,2019,0.0191784157,NVDA,US67066G1040,2379504,Equity,Common Stock,BBG000BBJQV0,NASDAQ/NGS (GLOBAL SELECT MARKET)
2018-12-31,XLK,NETAPP INC,61478836.38,64110D104,US,1030314.0,USD,59,2018-12-31,2019-01-01,2019,0.0035397999,NTAP,US64110D1046,2630643,Equity,Common Stock,BBG000FP1N32,NASDAQ/NGS (GLOBAL SELECT MARKET)
2018-12-31,XLK,MAXIM INTEGRATED PRODUCTS,57620880.9,57772K101,US,1133154.0,USD,61,2018-12-31,2019-01-01,2019,0.0033176684,MXIM,US57772K1016,2573760,Equity,Common Stock,BBG000BPNP00,
2018-12-31,XLK,MICRON TECHNOLOGY INC,145367631.62,595112103,US,4581394.0,USD,38,2018-12-31,2019-01-01,2019,0.0083699101,MU,US5951121038,2588184,Equity,Common Stock,BBG000C5Z1S3,NASDAQ/NGS (GLOBAL SELECT MARKET)
2018-12-31,XLK,MOTOROLA SOLUTIONS INC,76942778.4,620076307,US,668835.0,USD,52,2018-12-31,2019-01-01,2019,0.0044301756,MSI,US6200763075,B5BKPQ4,Equity,Common Stock,BBG000BP8Z50,"NEW YORK STOCK EXCHANGE, INC."
2018-12-31,XLK,MICROSOFT CORP,3210860600.01,594918104,US,31612293.0,USD,19,2018-12-31,2019-01-01,2019,0.1848734435,MSFT,US5949181045,2588173,Equity,Common Stock,BBG000BPH459,NASDAQ/NGS (GLOBAL SELECT MARKET)
2018-12-31,XLK,MICROCHIP TECHNOLOGY INC,69365042.0,595017104,US,964475.0,USD,54,2018-12-31,2019-01-01,2019,0.0039938682,MCHP,US5950171042,2592174,Equity,Common Stock,BBG000BHCP19,NASDAQ/NGS (GLOBAL SELECT MARKET)
2018-12-31,XLK,MASTERCARD INC - A,701093766.45,57636Q104,US,3716373.0,USD,24,2018-12-31,2019-01-01,2019,0.0403672519,MA,US57636Q1040,B121557,Equity,Common Stock,BBG000F1ZSQ2,"NEW YORK STOCK EXCHANGE, INC."
2018-12-31,XLK,LAM RESEARCH CORP,86418928.8,512807108,US,634640.0,USD,50,2018-12-31,2019-01-01,2019,0.004975789,LRCX,US5128071082,2502247,Equity,Common Stock,BBG000BNFLM9,NASDAQ/NGS (GLOBAL SELECT MARKET)
2018-12-31,XLK,KLA-TENCOR CORP,56027630.73,482480100,US,626077.0,USD,62,2018-12-31,2019-01-01,2019,0.003225933,KLAC,US4824801009,2480138,Equity,Common Stock,BBG000BMTFR4,NASDAQ/NGS (GLOBAL SELECT MARKET)
2018-12-31,XLK,KEYSIGHT TEC,47682158.08,49338L103,US,768076.0,USD,70,2018-12-31,2019-01-01,2019,0.0027454212,KEYS,US49338L1035,BQZJ0Q9,Equity,Common Stock,BBG0059FN811,
2018-12-31,XLK,JUNIPER NETWORKS INC,37933466.22,48203R104,US,1409642.0,USD,80,2018-12-31,2019-01-01,2019,0.0021841155,JNPR,US48203R1041,2431846,Equity,Common Stock,BBG000BY33P5,"NEW YORK STOCK EXCHANGE, INC."
2018-12-31,XLK,JACK HENRY,40015492.56,426281101,US,316278.0,USD,79,2018-12-31,2019-01-01,2019,0.0023039935,JKHY,US4262811015,2469193,Equity,Common Stock,BBG000BMH2Q7,
2018-12-31,XLK,Gartner Inc,47547403.36,366651107,US,371929.0,USD,71,2018-12-31,2019-01-01,2019,0.0027376624,IT,US3666511072,2372763,Equity,Common Stock,BBG000BB65D0,"NEW YORK STOCK EXCHANGE, INC."
2018-12-31,XLK,IPG PHOTONICS CORP,16585882.58,44980X109,US,146402.0,USD,87,2018-12-31,2019-01-01,2019,0.0009549743,IPGP,US44980X1090,2698782,Equity,Common Stock,BBG000DCGRL8,
2018-12-31,XLK,INTUIT INC,208961196.25,461202103,US,1061525.0,USD,36,2018-12-31,2019-01-01,2019,0.0120314709,INTU,US4612021034,2459020,Equity,Common Stock,BBG000BH5DV1,NASDAQ/NGS (GLOBAL SELECT MARKET)
2018-12-31,XLK,INTEL CORP,876057562.25,458140100,US,18667325.0,USD,22,2018-12-31,2019-01-01,2019,0.0504412363,INTC,US4581401001,2463247,Equity,Common Stock,BBG000C0G1D1,NASDAQ/NGS (GLOBAL SELECT MARKET)
2018-12-31,XLK,International Business Machines Corporation,422519119.56,459200101,US,3717068.0,USD,29,2018-12-31,2019-01-01,2019,0.02432761,IBM,US4592001014,2005973,Equity,Common Stock,BBG000BLNNH6,"NEW YORK STOCK EXCHANGE, INC."
2018-12-31,XLK,HP INC,132366276.9,40434L105,US,6469515.0,USD,40,2018-12-31,2019-01-01,2019,0.0076213241,HPQ,US40434L1052,BYX4D52,Equity,Common Stock,BBG000KHWT55,
2018-12-31,XLK,HEWLETT PACKA,76885436.45,42824C109,US,5820245.0,USD,53,2018-12-31,2019-01-01,2019,0.004426874,HPE,US42824C1099,BYVYWS0,Equity,Common Stock,BBG0078W3NQ3,
2018-12-31,XLK,GLOBAL PAYMENTS INC,66695408.56,37940X102,US,646712.0,USD,56,2018-12-31,2019-01-01,2019,0.0038401573,GPN,US37940X1028,2712013,Equity,Common Stock,BBG000CX0P89,
2018-12-31,XLK,CORNING INC,98901558.42,219350105,US,3273802.0,USD,48,2018-12-31,2019-01-01,2019,0.0056945081,GLW,US2193501051,2224701,Equity,Common Stock,BBG000BKFZM4,"NEW YORK STOCK EXCHANGE, INC."
2018-12-31,XLK,FORTINET INC,41385372.3,34959E109,US,587610.0,USD,75,2018-12-31,2019-01-01,2019,0.0023828678,FTNT,US34959E1091,B5B2106,Equity,Common Stock,BBG000BCMBG4,
2018-12-31,XLK,FLEETCOR TECHNOLOGIES INC,67109736.28,339041105,US,361349.0,USD,55,2018-12-31,2019-01-01,2019,0.0038640133,FLT,US3390411052,B4R28B3,Equity,Common Stock,BBG000GPXKX9,
2018-12-31,XLK,FLIR SYSTEMS INC,24655700.58,302445101,US,566277.0,USD,85,2018-12-31,2019-01-01,2019,0.0014196145,FLIR,US3024451011,2344717,Equity,Common Stock,BBG000BHK836,
2018-12-31,XLK,FISERV INC,119778043.95,337738108,US,1629855.0,USD,44,2018-12-31,2019-01-01,2019,0.0068965247,FISV,US3377381088,2342034,Equity,Common Stock,BBG000BJKPG0,NASDAQ/NGS (GLOBAL SELECT MARKET)
2018-12-31,XLK,FIDELITY NATIONAL INFO SERV,137357110.8,31620M106,US,1339416.0,USD,39,2018-12-31,2019-01-01,2019,0.0079086841,FIS,US31620M1062,2769796,Equity,,BBG000BK2F42,
2018-12-31,XLK,F5 NETWORKS INC,40305448.59,315616102,US,248753.0,USD,78,2018-12-31,2019-01-01,2019,0.0023206884,FFIV,US3156161024,2427599,Equity,Common Stock,BBG000CXYSZ6,
2018-12-31,XLK,DXC Technology Co.,60918676.78,23355L106,US,1145734.0,USD,60,2018-12-31,2019-01-01,2019,0.0035075473,DXC,US23355L1061,BYXD7B3,Equity,Common Stock,BBG00FN64XT9,
2018-12-31,XLK,CITRIX SYSTEMS INC,53780844.16,177376100,US,524896.0,USD,64,2018-12-31,2019-01-01,2019,0.0030965685,CTXS,US1773761002,2182553,Equity,Common Stock,BBG000FQ6PY6,NASDAQ/NGS (GLOBAL SELECT MARKET)
2018-12-31,XLK,COGNIZANT TECH SOLUTIONS-A,150335875.2,192446102,US,2368240.0,USD,37,2018-12-31,2019-01-01,2019,0.0086559693,CTSH,US1924461023,2257019,Equity,Common Stock,BBG000BBDV81,NASDAQ/NGS (GLOBAL SELECT MARKET)
2018-12-31,XLK,CISCO SYSTEMS INC,796796669.9,17275R102,US,18389030.0,USD,23,2018-12-31,2019-01-01,2019,0.0458775894,CSCO,US17275R1023,2198163,Equity,Common Stock,BBG000C3J3C9,NASDAQ/NGS (GLOBAL SELECT MARKET)
2018-12-31,XLK,SALESFORCE.COM INC,428571596.65,79466L302,US,3128945.0,USD,28,2018-12-31,2019-01-01,2019,0.0246760968,CRM,US79466L3024,2310525,Equity,,BBG000BN2DC2,
2018-12-31,XLK,CADENCE DESIGN SYS INC,50279793.72,127387108,US,1156389.0,USD,66,2018-12-31,2019-01-01,2019,0.0028949867,CDNS,US1273871087,2302232,Equity,Common Stock,BBG000C13CD9,NASDAQ/NGS (GLOBAL SELECT MARKET)
2018-12-31,XLK,"Broadridge Financial Solutions, Inc.",45830111.25,11133T103,US,476157.0,USD,72,2018-12-31,2019-01-01,2019,0.0026387849,BR,US11133T1034,B1VP7R6,Equity,Common Stock,BBG000PPFKQ7,
2018-12-31,XLK,Broadcom Inc.,430008076.68,11135F101,US,1691081.0,USD,27,2018-12-31,2019-01-01,2019,0.0247588057,AVGO,US11135F1012,BDZ78H9,Equity,Common Stock,BBG00KHY5S69,
2018-12-31,XLK,AMPHENOL CORP-CL A,99856339.8,032095101,US,1232490.0,USD,47,2018-12-31,2019-01-01,2019,0.0057494821,APH,US0320951017,2145084,Equity,Common Stock,BBG000B9YJ35,
2018-12-31,XLK,ANSYS INC,48849887.94,03662Q105,US,341751.0,USD,68,2018-12-31,2019-01-01,2019,0.0028126562,ANSS,US03662Q1058,2045623,Equity,Common Stock,BBG000GXZ4W7,NASDAQ/NGS (GLOBAL SELECT MARKET)
2018-12-31,XLK,ARISTA NETWORKS INC,44848337.8,040413106,US,212854.0,USD,73,2018-12-31,2019-01-01,2019,0.0025822568,ANET,US0404131064,BN33VM5,Equity,Common Stock,BBG000N2HDY5,
2018-12-31,XLK,ADVANCED MICRO DEVICES INC,66404699.66,007903107,US,3597221.0,USD,57,2018-12-31,2019-01-01,2019,0.003823419,AMD,US0079031078,2007849,Equity,Common Stock,BBG000BBQCY0,NASDAQ CAPITAL MARKET
2018-12-31,XLK,APPLIED MATERIALS INC,131578524.08,038222105,US,4018892.0,USD,41,2018-12-31,2019-01-01,2019,0.0075759673,AMAT,US0382221051,2046552,Equity,Common Stock,BBG000BBPFB9,
2018-12-31,XLK,AKAMAI TECHNOLOGIES INC,40690152.24,00971T101,US,666178.0,USD,77,2018-12-31,2019-01-01,2019,0.0023428387,AKAM,US00971T1016,2507457,Equity,Common Stock,BBG000BJQWD2,
2018-12-31,XLK,AUTODESK INC,114955733.52,052769106,US,893832.0,USD,45,2018-12-31,2019-01-01,2019,0.0066188679,ADSK,US0527691069,2065159,Equity,Common Stock,BBG000BM7HL0,
2018-12-31,XLK,ALLIANCE DATA SYSTEMS CORP,28759980.48,018581108,US,191631.0,USD,84,2018-12-31,2019-01-01,2019,0.0016559288,ADS,US0185811082,2762030,Equity,Common Stock,BBG000BFNR17,"NEW YORK STOCK EXCHANGE, INC."
2018-12-31,XLK,AUTOMATIC DATA PROCESSING,234847851.92,053015103,US,1791091.0,USD,35,2018-12-31,2019-01-01,2019,0.0135219608,ADP,US0530151036,2065308,Equity,,BBG000JG0547,
2018-12-31,XLK,ANALOG DEVICES INC,129941384.37,032654105,US,1513939.0,USD,42,2018-12-31,2019-01-01,2019,0.0074817048,ADI,US0326541051,2032067,Equity,,BBG000BB6G37,
2018-12-31,XLK,ADOBE SYSTEMS INC,451695173.44,00724F101,US,1996531.0,USD,26,2018-12-31,2019-01-01,2019,0.0260074953,ADBE,US00724F1012,2008154,Equity,Common Stock,BBG000BB5006,NASDAQ/NGS (GLOBAL SELECT MARKET)
2018-12-31,XLK,ACCENTURE PLC-CL A,367653257.85,,US,2607285.0,USD,32,2018-12-31,2019-01-01,2019,0.0211685689,ACN,IE00B4BNMY34,B4BNMY3,Equity,Common Stock,BBG000D9D830,
2018-12-31,XLK,APPLE INC,2908551612.78,037833100,US,18438897.0,USD,20,2018-12-31,2019-01-01,2019,0.1674672367,AAPL,US0378331005,2046251,Equity,Common Stock,BBG000B9XRY4,NASDAQ/NGS (GLOBAL SELECT MARKET)
2019-12-31,XLK,STATE STREET INSTITUTIONAL LIQ STATE ST INST LIQ RES PREM,51155670.96,964WKM905,,51150555.9,USD,122,2019-12-30,2020-01-01,2020,0.0019751538,,,,,,,
2019-12-31,XLK,ZEBRA TECHNOLOGIES CORP-CL A,57245900.8,989207105,US,225280.0,USD,112,2019-12-30,2020-01-01,2020,0.0022103015,ZBRA,US9892071054,2989356,Equity,Common Stock,BBG000CC7LQ7,
2019-12-31,XLK,XEROX HOLDINGS CORP COMMON STOCK USD1.0,28824102.9,98421M106,US,781141.0,USD,138,2019-12-30,2020-01-01,2020,0.0011129174,XRX,US98421M1062,BJJD5G3,Equity,Common Stock,BBG00NNG2ZJ8,
2019-12-31,XLK,XILINX INC,102640874.16,983919101,US,1050787.0,USD,76,2019-12-30,2020-01-01,2020,0.0039630311,XLNX,US9839191015,2985677,Equity,Common Stock,BBG000C0F570,NASDAQ/NGS (GLOBAL SELECT MARKET)
2019-12-31,XLK,WESTERN UNION CO,46914596.56,959802109,US,1751852.0,USD,124,2019-12-30,2020-01-01,2020,0.0018114032,WU,US9598021098,B1F76F9,Equity,Common Stock,BBG000BB5373,"NEW YORK STOCK EXCHANGE, INC."
2019-12-31,XLK,WESTERN DIGITAL CORP,77677509.78,958102105,US,1245231.0,USD,96,2019-12-30,2020-01-01,2020,0.0029991793,WDC,US9581021055,2954699,Equity,Common Stock,BBG000BWNFZ9,NASDAQ/NGS (GLOBAL SELECT MARKET)
2019-12-31,XLK,VERISIGN INC,83032322.94,92343E102,US,431718.0,USD,90,2019-12-30,2020-01-01,2020,0.0032059321,VRSN,US92343E1029,2142922,Equity,Common Stock,BBG000BGKHZ3,NASDAQ/NGS (GLOBAL SELECT MARKET)
2019-12-31,XLK,VISA INC-CLASS A SHARES,1343513992.77,92826C839,US,7152819.0,USD,6,2019-12-30,2020-01-01,2020,0.0518739509,V,US92826C8394,B2PZN04,Equity,Common Stock,BBG000PSKYX7,"NEW YORK STOCK EXCHANGE, INC."
2019-12-31,XLK,TEXAS INSTRUMENTS INC,498634853.6,882508104,US,3905960.0,USD,26,2019-12-30,2020-01-01,2020,0.0192526167,TXN,US8825081040,2885409,Equity,Common Stock,BBG000BVV7G1,NASDAQ/NGS (GLOBAL SELECT MARKET)
2019-12-31,XLK,TE CONNECTIVITY LTD,133582416.84,,US,1397598.0,USD,62,2019-12-30,2020-01-01,2020,0.0051577042,TEL,CH0102993182,B62B7C3,Equity,Common Stock,BBG000RGM5P1,
2019-12-31,XLK,SKYWORKS SOLUTIONS INC,86163556.57,83088M102,US,711919.0,USD,84,2019-12-30,2020-01-01,2020,0.0033268311,SWKS,US83088M1027,2961053,Equity,Common Stock,BBG000KLB4Q1,NASDAQ/NGS (GLOBAL SELECT MARKET)
2019-12-31,XLK,SEAGATE TECHNOLOGY,57276630.18,,US,966042.0,USD,110,2019-12-30,2020-01-01,2020,0.002211488,STX,IE00B58JVZ52,B58JVZ5,Equity,Common Stock,BBG000F0KF42,NASDAQ/NGS (GLOBAL SELECT MARKET)
2019-12-31,XLK,SYNOPSYS INC,87379003.4,871607107,US,628174.0,USD,82,2019-12-30,2020-01-01,2020,0.0033737603,SNPS,US8716071076,2867719,Equity,Common Stock,BBG000BSFRF3,
2019-12-31,XLK,QORVO INC,56409379.89,74736K101,US,485409.0,USD,118,2019-12-30,2020-01-01,2020,0.0021780029,QRVO,US74736K1016,BR9YYP4,Equity,Common Stock,BBG007TJF1N7,NASDAQ/NGS (GLOBAL SELECT MARKET)
2019-12-31,XLK,QUALCOMM INC,421911025.9,747525103,US,4771130.0,USD,32,2019-12-30,2020-01-01,2020,0.0162902597,QCOM,US7475251036,2714923,Equity,Common Stock,BBG000CGC1X8,NASDAQ/NGS (GLOBAL SELECT MARKET)
2019-12-31,XLK,PAYPAL HOLDINGS INC,529739041.38,70450Y103,US,4906354.0,USD,22,2019-12-30,2020-01-01,2020,0.0204535697,PYPL,US70450Y1038,BYW36M8,Equity,Common Stock,BBG0077VNXV6,NASDAQ/NGS (GLOBAL SELECT MARKET)
2019-12-31,XLK,PAYCHEX INC,112997503.45,704326107,US,1331105.0,USD,70,2019-12-30,2020-01-01,2020,0.0043629073,PAYX,US7043261079,2674458,Equity,Common Stock,BBG000BQSQ38,
2019-12-31,XLK,ORACLE CORP,477065274.4,68389X105,US,9052472.0,USD,30,2019-12-30,2020-01-01,2020,0.0184198012,ORCL,US68389X1054,2661568,Equity,Common Stock,BBG000BQLTW7,"NEW YORK STOCK EXCHANGE, INC."
2019-12-31,XLK,NVIDIA CORP,594087310.08,67066G104,US,2557194.0,USD,18,2019-12-30,2020-01-01,2020,0.0229380983,NVDA,US67066G1040,2379504,Equity,Common Stock,BBG000BBJQV0,NASDAQ/NGS (GLOBAL SELECT MARKET)
2019-12-31,XLK,NETAPP INC,58675377.18,64110D104,US,953606.0,USD,106,2019-12-30,2020-01-01,2020,0.0022654946,NTAP,US64110D1046,2630643,Equity,Common Stock,BBG000FP1N32,NASDAQ/NGS (GLOBAL SELECT MARKET)
2019-12-31,XLK,SERVICENOW INC,222772547.91,81762P102,US,787711.0,USD,48,2019-12-30,2020-01-01,2020,0.0086013933,NOW,US81762P1021,B80NXX8,Equity,Common Stock,BBG000M1R011,
2019-12-31,XLK,Nortonlifelock Inc,60948771.52,668771108,US,2392024.0,USD,102,2019-12-30,2020-01-01,2020,0.0023532718,NLOK,US6687711084,BJN4XN5,Equity,Common Stock,,
2019-12-31,XLK,MAXIM INTEGRATED PRODUCTS,69685349.15,57772K101,US,1130705.0,USD,98,2019-12-30,2020-01-01,2020,0.0026905968,MXIM,US57772K1016,2573760,Equity,Common Stock,BBG000BPNP00,
2019-12-31,XLK,MICRON TECHNOLOGY INC,246139350.1,595112103,US,4625810.0,USD,42,2019-12-30,2020-01-01,2020,0.0095036007,MU,US5951121038,2588184,Equity,Common Stock,BBG000C5Z1S3,NASDAQ/NGS (GLOBAL SELECT MARKET)
2019-12-31,XLK,MOTOROLA SOLUTIONS INC,115241565.44,620076307,US,715964.0,USD,68,2019-12-30,2020-01-01,2020,0.004449552,MSI,US6200763075,B5BKPQ4,Equity,Common Stock,BBG000BP8Z50,"NEW YORK STOCK EXCHANGE, INC."
2019-12-31,XLK,MICROSOFT CORP,5023452935.16,594918104,US,31876724.0,USD,4,2019-12-30,2020-01-01,2020,0.193958792,MSFT,US5949181045,2588173,Equity,Common Stock,BBG000BPH459,NASDAQ/NGS (GLOBAL SELECT MARKET)
2019-12-31,XLK,MICROCHIP TECHNOLOGY INC,104841334.16,595017104,US,998584.0,USD,72,2019-12-30,2020-01-01,2020,0.0040479922,MCHP,US5950171042,2592174,Equity,Common Stock,BBG000BHCP19,NASDAQ/NGS (GLOBAL SELECT MARKET)
2019-12-31,XLK,MASTERCARD INC - A,1104546558.96,57636Q104,US,3710018.0,USD,8,2019-12-30,2020-01-01,2020,0.0426472626,MA,US57636Q1040,B121557,Equity,Common Stock,BBG000F1ZSQ2,"NEW YORK STOCK EXCHANGE, INC."
2019-12-31,XLK,LAM RESEARCH CORP,177337455.46,512807108,US,606199.0,USD,54,2019-12-30,2020-01-01,2020,0.0068471147,LRCX,US5128071082,2502247,Equity,Common Stock,BBG000BNFLM9,NASDAQ/NGS (GLOBAL SELECT MARKET)
2019-12-31,XLK,LEIDOS HOLDINGS INC,54532215.78,525327102,US,556054.0,USD,120,2019-12-30,2020-01-01,2020,0.0021055244,LDOS,US5253271028,BDV82B8,Equity,Common Stock,BBG000C23PB0,
2019-12-31,XLK,KLA Corporation,117607367.65,482480100,US,659345.0,USD,66,2019-12-30,2020-01-01,2020,0.0045408971,KLAC,US4824801009,2480138,Equity,Common Stock,BBG000BMTFR4,NASDAQ/NGS (GLOBAL SELECT MARKET)
2019-12-31,XLK,KEYSIGHT TEC,80086129.5,49338L103,US,783775.0,USD,94,2019-12-30,2020-01-01,2020,0.0030921777,KEYS,US49338L1035,BQZJ0Q9,Equity,Common Stock,BBG0059FN811,
2019-12-31,XLK,JUNIPER NETWORKS INC,34265871.5,48203R104,US,1398607.0,USD,134,2019-12-30,2020-01-01,2020,0.0013230276,JNPR,US48203R1041,2431846,Equity,Common Stock,BBG000BY33P5,"NEW YORK STOCK EXCHANGE, INC."
2019-12-31,XLK,JACK HENRY,46743030.39,426281101,US,321501.0,USD,126,2019-12-30,2020-01-01,2020,0.0018047789,JKHY,US4262811015,2469193,Equity,Common Stock,BBG000BMH2Q7,
2019-12-31,XLK,Gartner Inc,57107106.47,366651107,US,373811.0,USD,114,2019-12-30,2020-01-01,2020,0.0022049426,IT,US3666511072,2372763,Equity,Common Stock,BBG000BB65D0,"NEW YORK STOCK EXCHANGE, INC."
2019-12-31,XLK,IPG PHOTONICS CORP,21429099.3,44980X109,US,149415.0,USD,140,2019-12-30,2020-01-01,2020,0.0008273915,IPGP,US44980X1090,2698782,Equity,Common Stock,BBG000DCGRL8,
2019-12-31,XLK,INTUIT INC,285881605.76,461202103,US,1087664.0,USD,38,2019-12-30,2020-01-01,2020,0.0110380751,INTU,US4612021034,2459020,Equity,Common Stock,BBG000BH5DV1,NASDAQ/NGS (GLOBAL SELECT MARKET)
2019-12-31,XLK,INTEL CORP,1083669992.46,458140100,US,18176283.0,USD,10,2019-12-30,2020-01-01,2020,0.0418412047,INTC,US4581401001,2463247,Equity,Common Stock,BBG000C0G1D1,NASDAQ/NGS (GLOBAL SELECT MARKET)
2019-12-31,XLK,International Business Machines Corporation,491480271.87,459200101,US,3700627.0,USD,28,2019-12-30,2020-01-01,2020,0.0189763736,IBM,US4592001014,2005973,Equity,Common Stock,BBG000BLNNH6,"NEW YORK STOCK EXCHANGE, INC."
2019-12-31,XLK,HP INC,126877235.46,40434L105,US,6192154.0,USD,64,2019-12-30,2020-01-01,2020,0.0048988128,HPQ,US40434L1052,BYX4D52,Equity,Common Stock,BBG000KHWT55,
2019-12-31,XLK,HEWLETT PACKA,85321686.78,42824C109,US,5406951.0,USD,88,2019-12-30,2020-01-01,2020,0.0032943259,HPE,US42824C1099,BYVYWS0,Equity,Common Stock,BBG0078W3NQ3,
2019-12-31,XLK,GLOBAL PAYMENTS INC,227749848.3,37940X102,US,1255858.0,USD,46,2019-12-30,2020-01-01,2020,0.0087935701,GPN,US37940X1028,2712013,Equity,Common Stock,BBG000CX0P89,
2019-12-31,XLK,CORNING INC,93229669.08,219350105,US,3213708.0,USD,78,2019-12-30,2020-01-01,2020,0.0035996583,GLW,US2193501051,2224701,Equity,Common Stock,BBG000BKFZM4,"NEW YORK STOCK EXCHANGE, INC."
2019-12-31,XLK,FORTINET INC,63442098.3,34959E109,US,593194.0,USD,100,2019-12-30,2020-01-01,2020,0.0024495408,FTNT,US34959E1091,B5B2106,Equity,Common Stock,BBG000BCMBG4,
2019-12-31,XLK,FLEETCOR TECHNOLOGIES INC,103787856.9,339041105,US,362565.0,USD,74,2019-12-30,2020-01-01,2020,0.0040073168,FLT,US3390411052,B4R28B3,Equity,Common Stock,BBG000GPXKX9,
2019-12-31,XLK,FLIR SYSTEMS INC,29284318.9,302445101,US,563702.0,USD,136,2019-12-30,2020-01-01,2020,0.0011306866,FLIR,US3024451011,2344717,Equity,Common Stock,BBG000BHK836,
2019-12-31,XLK,FISERV INC,275549756.04,337738108,US,2386332.0,USD,40,2019-12-30,2020-01-01,2020,0.0106391557,FISV,US3377381088,2342034,Equity,Common Stock,BBG000BJKPG0,NASDAQ/NGS (GLOBAL SELECT MARKET)
2019-12-31,XLK,FIDELITY NATIONAL INFO SERV,355930205.4,31620M106,US,2568039.0,USD,34,2019-12-30,2020-01-01,2020,0.0137426972,FIS,US31620M1062,2769796,Equity,,BBG000BK2F42,
2019-12-31,XLK,F5 NETWORKS INC,35236887.75,315616102,US,252975.0,USD,132,2019-12-30,2020-01-01,2020,0.0013605192,FFIV,US3156161024,2427599,Equity,Common Stock,BBG000CXYSZ6,
2019-12-31,XLK,DXC Technology Co.,39127870.16,23355L106,US,1069652.0,USD,130,2019-12-30,2020-01-01,2020,0.0015107526,DXC,US23355L1061,BYXD7B3,Equity,Common Stock,BBG00FN64XT9,
2019-12-31,XLK,CITRIX SYSTEMS INC,56445277.4,177376100,US,511465.0,USD,116,2019-12-30,2020-01-01,2020,0.002179389,CTXS,US1773761002,2182553,Equity,Common Stock,BBG000FQ6PY6,NASDAQ/NGS (GLOBAL SELECT MARKET)
2019-12-31,XLK,COGNIZANT TECH SOLUTIONS-A,141054028.65,192446102,US,2287981.0,USD,58,2019-12-30,2020-01-01,2020,0.005446188,CTSH,US1924461023,2257019,Equity,Common Stock,BBG000BBDV81,NASDAQ/NGS (GLOBAL SELECT MARKET)
2019-12-31,XLK,CISCO SYSTEMS INC,843583671.3,17275R102,US,17726070.0,USD,12,2019-12-30,2020-01-01,2020,0.0325713154,CSCO,US17275R1023,2198163,Equity,Common Stock,BBG000C3J3C9,NASDAQ/NGS (GLOBAL SELECT MARKET)
2019-12-31,XLK,SALESFORCE.COM INC,602057057.4,79466L302,US,3706335.0,USD,16,2019-12-30,2020-01-01,2020,0.0232458154,CRM,US79466L3024,2310525,Equity,,BBG000BN2DC2,
2019-12-31,XLK,CDW CORP/DE,85718972.46,12514G108,US,600357.0,USD,86,2019-12-30,2020-01-01,2020,0.0033096654,CDW,US12514G1085,BBM5MD6,Equity,Common Stock,BBG001P63B80,
2019-12-31,XLK,CADENCE DESIGN SYS INC,82059635.52,127387108,US,1172448.0,USD,92,2019-12-30,2020-01-01,2020,0.003168376,CDNS,US1273871087,2302232,Equity,Common Stock,BBG000C13CD9,NASDAQ/NGS (GLOBAL SELECT MARKET)
2019-12-31,XLK,"Broadridge Financial Solutions, Inc.",58818006.27,11133T103,US,479013.0,USD,104,2019-12-30,2020-01-01,2020,0.0022710016,BR,US11133T1034,B1VP7R6,Equity,Common Stock,BBG000PPFKQ7,
2019-12-31,XLK,Broadcom Inc.,519563398.06,11135F101,US,1657511.0,USD,24,2019-12-30,2020-01-01,2020,0.0200606814,AVGO,US11135F1012,BDZ78H9,Equity,Common Stock,BBG00KHY5S69,
2019-12-31,XLK,AMPHENOL CORP-CL A,134146792.64,032095101,US,1238888.0,USD,60,2019-12-30,2020-01-01,2020,0.0051794951,APH,US0320951017,2145084,Equity,Common Stock,BBG000B9YJ35,
2019-12-31,XLK,ANSYS INC,91823976.0,03662Q105,US,357570.0,USD,80,2019-12-30,2020-01-01,2020,0.0035453836,ANSS,US03662Q1058,2045623,Equity,Common Stock,BBG000GXZ4W7,NASDAQ/NGS (GLOBAL SELECT MARKET)
2019-12-31,XLK,ARISTA NETWORKS INC,46041445.8,040413106,US,226660.0,USD,128,2019-12-30,2020-01-01,2020,0.0017776902,ANET,US0404131064,BN33VM5,Equity,Common Stock,BBG000N2HDY5,
2019-12-31,XLK,ADVANCED MICRO DEVICES INC,211814346.8,007903107,US,4653215.0,USD,50,2019-12-30,2020-01-01,2020,0.00817829,AMD,US0079031078,2007849,Equity,Common Stock,BBG000BBQCY0,NASDAQ CAPITAL MARKET
2019-12-31,XLK,APPLIED MATERIALS INC,235181635.38,038222105,US,3859866.0,USD,44,2019-12-30,2020-01-01,2020,0.0090805162,AMAT,US0382221051,2046552,Equity,Common Stock,BBG000BBPFB9,
2019-12-31,XLK,AKAMAI TECHNOLOGIES INC,57992874.64,00971T101,US,675278.0,USD,108,2019-12-30,2020-01-01,2020,0.0022391427,AKAM,US00971T1016,2507457,Equity,Common Stock,BBG000BJQWD2,
2019-12-31,XLK,AUTODESK INC,168526203.3,052769106,US,919401.0,USD,56,2019-12-30,2020-01-01,2020,0.0065069066,ADSK,US0527691069,2065159,Equity,Common Stock,BBG000BM7HL0,
2019-12-31,XLK,ALLIANCE DATA SYSTEMS CORP,19069230.44,018581108,US,172276.0,USD,142,2019-12-30,2020-01-01,2020,0.0007362754,ADS,US0185811082,2762030,Equity,Common Stock,BBG000BFNR17,"NEW YORK STOCK EXCHANGE, INC."
2019-12-31,XLK,AUTOMATIC DATA PROCESSING,306615836.97,053015103,US,1807983.0,USD,36,2019-12-30,2020-01-01,2020,0.0118386373,ADP,US0530151036,2065308,Equity,,BBG000JG0547,
2019-12-31,XLK,ANALOG DEVICES INC,182920310.16,032654105,US,1538956.0,USD,52,2019-12-30,2020-01-01,2020,0.0070626724,ADI,US0326541051,2032067,Equity,,BBG000BB6G37,
2019-12-31,XLK,ADOBE SYSTEMS INC,664150720.02,00724F101,US,2022753.0,USD,14,2019-12-30,2020-01-01,2020,0.0256432922,ADBE,US00724F1012,2008154,Equity,Common Stock,BBG000BB5006,NASDAQ/NGS (GLOBAL SELECT MARKET)
2019-12-31,XLK,ACCENTURE PLC-CL A,558952829.52,,US,2653593.0,USD,20,2019-12-30,2020-01-01,2020,0.0215815331,ACN,IE00B4BNMY34,B4BNMY3,Equity,Common Stock,BBG000D9D830,
2019-12-31,XLK,APPLE INC,5087608497.6,037833100,US,17452005.0,USD,2,2019-12-30,2020-01-01,2020,0.1964358801,AAPL,US0378331005,2046251,Equity,Common Stock,BBG000B9XRY4,NASDAQ/NGS (GLOBAL SELECT MARKET)
2019-12-30,XLK,STATE STREET INSTITUTIONAL LIQ STATE ST INST LIQ RES PREM,51155670.96,964WKM905,,51150555.9,USD,121,2019-12-30,2020-01-01,2020,0.0019751538,,,,,,,
2019-12-30,XLK,ZEBRA TECHNOLOGIES CORP-CL A,57245900.8,989207105,US,225280.0,USD,111,2019-12-30,2020-01-01,2020,0.0022103015,ZBRA,US9892071054,2989356,Equity,Common Stock,BBG000CC7LQ7,
2019-12-30,XLK,XEROX HOLDINGS CORP COMMON STOCK USD1.0,28824102.9,98421M106,US,781141.0,USD,137,2019-12-30,2020-01-01,2020,0.0011129174,XRX,US98421M1062,BJJD5G3,Equity,Common Stock,BBG00NNG2ZJ8,
2019-12-30,XLK,XILINX INC,102640874.16,983919101,US,1050787.0,USD,75,2019-12-30,2020-01-01,2020,0.0039630311,XLNX,US9839191015,2985677,Equity,Common Stock,BBG000C0F570,NASDAQ/NGS (GLOBAL SELECT MARKET)
2019-12-30,XLK,WESTERN UNION CO,46914596.56,959802109,US,1751852.0,USD,123,2019-12-30,2020-01-01,2020,0.0018114032,WU,US9598021098,B1F76F9,Equity,Common Stock,BBG000BB5373,"NEW YORK STOCK EXCHANGE, INC."
2019-12-30,XLK,WESTERN DIGITAL CORP,77677509.78,958102105,US,1245231.0,USD,95,2019-12-30,2020-01-01,2020,0.0029991793,WDC,US9581021055,2954699,Equity,Common Stock,BBG000BWNFZ9,NASDAQ/NGS (GLOBAL SELECT MARKET)
2019-12-30,XLK,VERISIGN INC,83032322.94,92343E102,US,431718.0,USD,89,2019-12-30,2020-01-01,2020,0.0032059321,VRSN,US92343E1029,2142922,Equity,Common Stock,BBG000BGKHZ3,NASDAQ/NGS (GLOBAL SELECT MARKET)
2019-12-30,XLK,VISA INC-CLASS A SHARES,1343513992.77,92826C839,US,7152819.0,USD,5,2019-12-30,2020-01-01,2020,0.0518739509,V,US92826C8394,B2PZN04,Equity,Common Stock,BBG000PSKYX7,"NEW YORK STOCK EXCHANGE, INC."
2019-12-30,XLK,TEXAS INSTRUMENTS INC,498634853.6,882508104,US,3905960.0,USD,25,2019-12-30,2020-01-01,2020,0.0192526167,TXN,US8825081040,2885409,Equity,Common Stock,BBG000BVV7G1,NASDAQ/NGS (GLOBAL SELECT MARKET)
2019-12-30,XLK,TE CONNECTIVITY LTD,133582416.84,,US,1397598.0,USD,61,2019-12-30,2020-01-01,2020,0.0051577042,TEL,CH0102993182,B62B7C3,Equity,Common Stock,BBG000RGM5P1,
2019-12-30,XLK,SKYWORKS SOLUTIONS INC,86163556.57,83088M102,US,711919.0,USD,83,2019-12-30,2020-01-01,2020,0.0033268311,SWKS,US83088M1027,2961053,Equity,Common Stock,BBG000KLB4Q1,NASDAQ/NGS (GLOBAL SELECT MARKET)
2019-12-30,XLK,SEAGATE TECHNOLOGY,57276630.18,,US,966042.0,USD,109,2019-12-30,2020-01-01,2020,0.002211488,STX,IE00B58JVZ52,B58JVZ5,Equity,Common Stock,BBG000F0KF42,NASDAQ/NGS (GLOBAL SELECT MARKET)
2019-12-30,XLK,SYNOPSYS INC,87379003.4,871607107,US,628174.0,USD,81,2019-12-30,2020-01-01,2020,0.0033737603,SNPS,US8716071076,2867719,Equity,Common Stock,BBG000BSFRF3,
2019-12-30,XLK,QORVO INC,56409379.89,74736K101,US,485409.0,USD,117,2019-12-30,2020-01-01,2020,0.0021780029,QRVO,US74736K1016,BR9YYP4,Equity,Common Stock,BBG007TJF1N7,NASDAQ/NGS (GLOBAL SELECT MARKET)
2019-12-30,XLK,QUALCOMM INC,421911025.9,747525103,US,4771130.0,USD,31,2019-12-30,2020-01-01,2020,0.0162902597,QCOM,US7475251036,2714923,Equity,Common Stock,BBG000CGC1X8,NASDAQ/NGS (GLOBAL SELECT MARKET)
2019-12-30,XLK,PAYPAL HOLDINGS INC,529739041.38,70450Y103,US,4906354.0,USD,21,2019-12-30,2020-01-01,2020,0.0204535697,PYPL,US70450Y1038,BYW36M8,Equity,Common Stock,BBG0077VNXV6,NASDAQ/NGS (GLOBAL SELECT MARKET)
2019-12-30,XLK,PAYCHEX INC,112997503.45,704326107,US,1331105.0,USD,69,2019-12-30,2020-01-01,2020,0.0043629073,PAYX,US7043261079,2674458,Equity,Common Stock,BBG000BQSQ38,
2019-12-30,XLK,ORACLE CORP,477065274.4,68389X105,US,9052472.0,USD,29,2019-12-30,2020-01-01,2020,0.0184198012,ORCL,US68389X1054,2661568,Equity,Common Stock,BBG000BQLTW7,"NEW YORK STOCK EXCHANGE, INC."
2019-12-30,XLK,NVIDIA CORP,594087310.08,67066G104,US,2557194.0,USD,17,2019-12-30,2020-01-01,2020,0.0229380983,NVDA,US67066G1040,2379504,Equity,Common Stock,BBG000BBJQV0,NASDAQ/NGS (GLOBAL SELECT MARKET)
2019-12-30,XLK,NETAPP INC,58675377.18,64110D104,US,953606.0,USD,105,2019-12-30,2020-01-01,2020,0.0022654946,NTAP,US64110D1046,2630643,Equity,Common Stock,BBG000FP1N32,NASDAQ/NGS (GLOBAL SELECT MARKET)
2019-12-30,XLK,SERVICENOW INC,222772547.91,81762P102,US,787711.0,USD,47,2019-12-30,2020-01-01,2020,0.0086013933,NOW,US81762P1021,B80NXX8,Equity,Common Stock,BBG000M1R011,
2019-12-30,XLK,Nortonlifelock Inc,60948771.52,668771108,US,2392024.0,USD,101,2019-12-30,2020-01-01,2020,0.0023532718,NLOK,US6687711084,BJN4XN5,Equity,Common Stock,,
2019-12-30,XLK,MAXIM INTEGRATED PRODUCTS,69685349.15,57772K101,US,1130705.0,USD,97,2019-12-30,2020-01-01,2020,0.0026905968,MXIM,US57772K1016,2573760,Equity,Common Stock,BBG000BPNP00,
2019-12-30,XLK,MICRON TECHNOLOGY INC,246139350.1,595112103,US,4625810.0,USD,41,2019-12-30,2020-01-01,2020,0.0095036007,MU,US5951121038,2588184,Equity,Common Stock,BBG000C5Z1S3,NASDAQ/NGS (GLOBAL SELECT MARKET)
2019-12-30,XLK,MOTOROLA SOLUTIONS INC,115241565.44,620076307,US,715964.0,USD,67,2019-12-30,2020-01-01,2020,0.004449552,MSI,US6200763075,B5BKPQ4,Equity,Common Stock,BBG000BP8Z50,"NEW YORK STOCK EXCHANGE, INC."
2019-12-30,XLK,MICROSOFT CORP,5023452935.16,594918104,US,31876724.0,USD,3,2019-12-30,2020-01-01,2020,0.193958792,MSFT,US5949181045,2588173,Equity,Common Stock,BBG000BPH459,NASDAQ/NGS (GLOBAL SELECT MARKET)
2019-12-30,XLK,MICROCHIP TECHNOLOGY INC,104841334.16,595017104,US,998584.0,USD,71,2019-12-30,2020-01-01,2020,0.0040479922,MCHP,US5950171042,2592174,Equity,Common Stock,BBG000BHCP19,NASDAQ/NGS (GLOBAL SELECT MARKET)
2019-12-30,XLK,MASTERCARD INC - A,1104546558.96,57636Q104,US,3710018.0,USD,7,2019-12-30,2020-01-01,2020,0.0426472626,MA,US57636Q1040,B121557,Equity,Common Stock,BBG000F1ZSQ2,"NEW YORK STOCK EXCHANGE, INC."
2019-12-30,XLK,LAM RESEARCH CORP,177337455.46,512807108,US,606199.0,USD,53,2019-12-30,2020-01-01,2020,0.0068471147,LRCX,US5128071082,2502247,Equity,Common Stock,BBG000BNFLM9,NASDAQ/NGS (GLOBAL SELECT MARKET)
2019-12-30,XLK,LEIDOS HOLDINGS INC,54532215.78,525327102,US,556054.0,USD,119,2019-12-30,2020-01-01,2020,0.0021055244,LDOS,US5253271028,BDV82B8,Equity,Common Stock,BBG000C23PB0,
2019-12-30,XLK,KLA Corporation,117607367.65,482480100,US,659345.0,USD,65,2019-12-30,2020-01-01,2020,0.0045408971,KLAC,US4824801009,2480138,Equity,Common Stock,BBG000BMTFR4,NASDAQ/NGS (GLOBAL SELECT MARKET)
2019-12-30,XLK,KEYSIGHT TEC,80086129.5,49338L103,US,783775.0,USD,93,2019-12-30,2020-01-01,2020,0.0030921777,KEYS,US49338L1035,BQZJ0Q9,Equity,Common Stock,BBG0059FN811,
2019-12-30,XLK,JUNIPER NETWORKS INC,34265871.5,48203R104,US,1398607.0,USD,133,2019-12-30,2020-01-01,2020,0.0013230276,JNPR,US48203R1041,2431846,Equity,Common Stock,BBG000BY33P5,"NEW YORK STOCK EXCHANGE, INC."
2019-12-30,XLK,JACK HENRY,46743030.39,426281101,US,321501.0,USD,125,2019-12-30,2020-01-01,2020,0.0018047789,JKHY,US4262811015,2469193,Equity,Common Stock,BBG000BMH2Q7,
2019-12-30,XLK,Gartner Inc,57107106.47,366651107,US,373811.0,USD,113,2019-12-30,2020-01-01,2020,0.0022049426,IT,US3666511072,2372763,Equity,Common Stock,BBG000BB65D0,"NEW YORK STOCK EXCHANGE, INC."
2019-12-30,XLK,IPG PHOTONICS CORP,21429099.3,44980X109,US,149415.0,USD,139,2019-12-30,2020-01-01,2020,0.0008273915,IPGP,US44980X1090,2698782,Equity,Common Stock,BBG000DCGRL8,
2019-12-30,XLK,INTUIT INC,285881605.76,461202103,US,1087664.0,USD,37,2019-12-30,2020-01-01,2020,0.0110380751,INTU,US4612021034,2459020,Equity,Common Stock,BBG000BH5DV1,NASDAQ/NGS (GLOBAL SELECT MARKET)
2019-12-30,XLK,INTEL CORP,1083669992.46,458140100,US,18176283.0,USD,9,2019-12-30,2020-01-01,2020,0.0418412047,INTC,US4581401001,2463247,Equity,Common Stock,BBG000C0G1D1,NASDAQ/NGS (GLOBAL SELECT MARKET)
2019-12-30,XLK,International Business Machines Corporation,491480271.87,459200101,US,3700627.0,USD,27,2019-12-30,2020-01-01,2020,0.0189763736,IBM,US4592001014,2005973,Equity,Common Stock,BBG000BLNNH6,"NEW YORK STOCK EXCHANGE, INC."
2019-12-30,XLK,HP INC,126877235.46,40434L105,US,6192154.0,USD,63,2019-12-30,2020-01-01,2020,0.0048988128,HPQ,US40434L1052,BYX4D52,Equity,Common Stock,BBG000KHWT55,
2019-12-30,XLK,HEWLETT PACKA,85321686.78,42824C109,US,5406951.0,USD,87,2019-12-30,2020-01-01,2020,0.0032943259,HPE,US42824C1099,BYVYWS0,Equity,Common Stock,BBG0078W3NQ3,
2019-12-30,XLK,GLOBAL PAYMENTS INC,227749848.3,37940X102,US,1255858.0,USD,45,2019-12-30,2020-01-01,2020,0.0087935701,GPN,US37940X1028,2712013,Equity,Common Stock,BBG000CX0P89,
2019-12-30,XLK,CORNING INC,93229669.08,219350105,US,3213708.0,USD,77,2019-12-30,2020-01-01,2020,0.0035996583,GLW,US2193501051,2224701,Equity,Common Stock,BBG000BKFZM4,"NEW YORK STOCK EXCHANGE, INC."
2019-12-30,XLK,FORTINET INC,63442098.3,34959E109,US,593194.0,USD,99,2019-12-30,2020-01-01,2020,0.0024495408,FTNT,US34959E1091,B5B2106,Equity,Common Stock,BBG000BCMBG4,
2019-12-30,XLK,FLEETCOR TECHNOLOGIES INC,103787856.9,339041105,US,362565.0,USD,73,2019-12-30,2020-01-01,2020,0.0040073168,FLT,US3390411052,B4R28B3,Equity,Common Stock,BBG000GPXKX9,
2019-12-30,XLK,FLIR SYSTEMS INC,29284318.9,302445101,US,563702.0,USD,135,2019-12-30,2020-01-01,2020,0.0011306866,FLIR,US3024451011,2344717,Equity,Common Stock,BBG000BHK836,
2019-12-30,XLK,FISERV INC,275549756.04,337738108,US,2386332.0,USD,39,2019-12-30,2020-01-01,2020,0.0106391557,FISV,US3377381088,2342034,Equity,Common Stock,BBG000BJKPG0,NASDAQ/NGS (GLOBAL SELECT MARKET)
2019-12-30,XLK,FIDELITY NATIONAL INFO SERV,355930205.4,31620M106,US,2568039.0,USD,33,2019-12-30,2020-01-01,2020,0.0137426972,FIS,US31620M1062,2769796,Equity,,BBG000BK2F42,
2019-12-30,XLK,F5 NETWORKS INC,35236887.75,315616102,US,252975.0,USD,131,2019-12-30,2020-01-01,2020,0.0013605192,FFIV,US3156161024,2427599,Equity,Common Stock,BBG000CXYSZ6,
2019-12-30,XLK,DXC Technology Co.,39127870.16,23355L106,US,1069652.0,USD,129,2019-12-30,2020-01-01,2020,0.0015107526,DXC,US23355L1061,BYXD7B3,Equity,Common Stock,BBG00FN64XT9,
2019-12-30,XLK,CITRIX SYSTEMS INC,56445277.4,177376100,US,511465.0,USD,115,2019-12-30,2020-01-01,2020,0.002179389,CTXS,US1773761002,2182553,Equity,Common Stock,BBG000FQ6PY6,NASDAQ/NGS (GLOBAL SELECT MARKET)
2019-12-30,XLK,COGNIZANT TECH SOLUTIONS-A,141054028.65,192446102,US,2287981.0,USD,57,2019-12-30,2020-01-01,2020,0.005446188,CTSH,US1924461023,2257019,Equity,Common Stock,BBG000BBDV81,NASDAQ/NGS (GLOBAL SELECT MARKET)
2019-12-30,XLK,CISCO SYSTEMS INC,843583671.3,17275R102,US,17726070.0,USD,11,2019-12-30,2020-01-01,2020,0.0325713154,CSCO,US17275R1023,2198163,Equity,Common Stock,BBG000C3J3C9,NASDAQ/NGS (GLOBAL SELECT MARKET)
2019-12-30,XLK,SALESFORCE.COM INC,602057057.4,79466L302,US,3706335.0,USD,15,2019-12-30,2020-01-01,2020,0.0232458154,CRM,US79466L3024,2310525,Equity,,BBG000BN2DC2,
2019-12-30,XLK,CDW CORP/DE,85718972.46,12514G108,US,600357.0,USD,85,2019-12-30,2020-01-01,2020,0.0033096654,CDW,US12514G1085,BBM5MD6,Equity,Common Stock,BBG001P63B80,
2019-12-30,XLK,CADENCE DESIGN SYS INC,82059635.52,127387108,US,1172448.0,USD,91,2019-12-30,2020-01-01,2020,0.003168376,CDNS,US1273871087,2302232,Equity,Common Stock,BBG000C13CD9,NASDAQ/NGS (GLOBAL SELECT MARKET)
2019-12-30,XLK,"Broadridge Financial Solutions, Inc.",58818006.27,11133T103,US,479013.0,USD,103,2019-12-30,2020-01-01,2020,0.0022710016,BR,US11133T1034,B1VP7R6,Equity,Common Stock,BBG000PPFKQ7,
2019-12-30,XLK,Broadcom Inc.,519563398.06,11135F101,US,1657511.0,USD,23,2019-12-30,2020-01-01,2020,0.0200606814,AVGO,US11135F1012,BDZ78H9,Equity,Common Stock,BBG00KHY5S69,
2019-12-30,XLK,AMPHENOL CORP-CL A,134146792.64,032095101,US,1238888.0,USD,59,2019-12-30,2020-01-01,2020,0.0051794951,APH,US0320951017,2145084,Equity,Common Stock,BBG000B9YJ35,
2019-12-30,XLK,ANSYS INC,91823976.0,03662Q105,US,357570.0,USD,79,2019-12-30,2020-01-01,2020,0.0035453836,ANSS,US03662Q1058,2045623,Equity,Common Stock,BBG000GXZ4W7,NASDAQ/NGS (GLOBAL SELECT MARKET)
2019-12-30,XLK,ARISTA NETWORKS INC,46041445.8,040413106,US,226660.0,USD,127,2019-12-30,2020-01-01,2020,0.0017776902,ANET,US0404131064,BN33VM5,Equity,Common Stock,BBG000N2HDY5,
2019-12-30,XLK,ADVANCED MICRO DEVICES INC,211814346.8,007903107,US,4653215.0,USD,49,2019-12-30,2020-01-01,2020,0.00817829,AMD,US0079031078,2007849,Equity,Common Stock,BBG000BBQCY0,NASDAQ CAPITAL MARKET
2019-12-30,XLK,APPLIED MATERIALS INC,235181635.38,038222105,US,3859866.0,USD,43,2019-12-30,2020-01-01,2020,0.0090805162,AMAT,US0382221051,2046552,Equity,Common Stock,BBG000BBPFB9,
2019-12-30,XLK,AKAMAI TECHNOLOGIES INC,57992874.64,00971T101,US,675278.0,USD,107,2019-12-30,2020-01-01,2020,0.0022391427,AKAM,US00971T1016,2507457,Equity,Common Stock,BBG000BJQWD2,
2019-12-30,XLK,AUTODESK INC,168526203.3,052769106,US,919401.0,USD,55,2019-12-30,2020-01-01,2020,0.0065069066,ADSK,US0527691069,2065159,Equity,Common Stock,BBG000BM7HL0,
2019-12-30,XLK,ALLIANCE DATA SYSTEMS CORP,19069230.44,018581108,US,172276.0,USD,141,2019-12-30,2020-01-01,2020,0.0007362754,ADS,US0185811082,2762030,Equity,Common Stock,BBG000BFNR17,"NEW YORK STOCK EXCHANGE, INC."
2019-12-30,XLK,AUTOMATIC DATA PROCESSING,306615836.97,053015103,US,1807983.0,USD,35,2019-12-30,2020-01-01,2020,0.0118386373,ADP,US0530151036,2065308,Equity,,BBG000JG0547,
2019-12-30,XLK,ANALOG DEVICES INC,182920310.16,032654105,US,1538956.0,USD,51,2019-12-30,2020-01-01,2020,0.0070626724,ADI,US0326541051,2032067,Equity,,BBG000BB6G37,
2019-12-30,XLK,ADOBE SYSTEMS INC,664150720.02,00724F101,US,2022753.0,USD,13,2019-12-30,2020-01-01,2020,0.0256432922,ADBE,US00724F1012,2008154,Equity,Common Stock,BBG000BB5006,NASDAQ/NGS (GLOBAL SELECT MARKET)
2019-12-30,XLK,ACCENTURE PLC-CL A,558952829.52,,US,2653593.0,USD,19,2019-12-30,2020-01-01,2020,0.0215815331,ACN,IE00B4BNMY34,B4BNMY3,Equity,Common Stock,BBG000D9D830,
2019-12-30,XLK,APPLE INC,5087608497.6,037833100,US,17452005.0,USD,1,2019-12-30,2020-01-01,2020,0.1964358801,AAPL,US0378331005,2046251,Equity,Common Stock,BBG000B9XRY4,NASDAQ/NGS (GLOBAL SELECT MARKET)
2020-12-31,XLK,STATE STREET INSTITUTIONAL LIQ STATE ST INST LIQ RES PREM,61541421.3,964WKM905,,61529115.48,USD,124,2020-12-30,2021-01-01,2021,0.0016160026,,,,,,,
2020-12-31,XLK,ZEBRA TECHNOLOGIES CORP-CL A,89284810.0,989207105,US,232664.0,USD,96,2020-12-30,2021-01-01,2021,0.0023445101,ZBRA,US9892071054,2989356,Equity,Common Stock,BBG000CC7LQ7,
2020-12-31,XLK,XEROX HOLDINGS CORP COMMON STOCK USD1.0,16643364.78,98421M106,US,727102.0,USD,148,2020-12-30,2021-01-01,2021,0.0004370344,XRX,US98421M1062,BJJD5G3,Equity,Common Stock,BBG00NNG2ZJ8,
2020-12-31,XLK,XILINX INC,152110660.8,983919101,US,1070448.0,USD,72,2020-12-30,2021-01-01,2021,0.0039942402,XLNX,US9839191015,2985677,Equity,Common Stock,BBG000C0F570,NASDAQ/NGS (GLOBAL SELECT MARKET)
2020-12-31,XLK,WESTERN UNION CO,39071403.36,959802109,US,1793912.0,USD,136,2020-12-30,2021-01-01,2021,0.0010259673,WU,US9598021098,B1F76F9,Equity,Common Stock,BBG000BB5373,"NEW YORK STOCK EXCHANGE, INC."
2020-12-31,XLK,WESTERN DIGITAL CORP,65612291.94,958102105,US,1324698.0,USD,116,2020-12-30,2021-01-01,2021,0.0017228986,WDC,US9581021055,2954699,Equity,Common Stock,BBG000BWNFZ9,NASDAQ/NGS (GLOBAL SELECT MARKET)
2020-12-31,XLK,VERISIGN INC,93987894.0,92343E102,US,438172.0,USD,94,2020-12-30,2021-01-01,2021,0.0024680073,VRSN,US92343E1029,2142922,Equity,Common Stock,BBG000BGKHZ3,NASDAQ/NGS (GLOBAL SELECT MARKET)
2020-12-31,XLK,VONTIER CORP COMMON STOCK,19371627.2,928881101,US,589520.0,USD,146,2020-12-30,2021-01-01,2021,0.0005086753,VNT,US9288811014,BH4GV32,Equity,Common Stock,BBG00RRGSJR4,
2020-12-31,XLK,VISA INC-CLASS A SHARES,1615685818.24,92826C839,US,7399184.0,USD,6,2020-12-30,2021-01-01,2021,0.0424259361,V,US92826C8394,B2PZN04,Equity,Common Stock,BBG000PSKYX7,"NEW YORK STOCK EXCHANGE, INC."
2020-12-31,XLK,TYLER TECHNOLOGIES INC,75581755.3,902252105,US,176210.0,USD,108,2020-12-30,2021-01-01,2021,0.0019846846,TYL,US9022521051,2909644,Equity,Common Stock,BBG000BVWZF9,
2020-12-31,XLK,TEXAS INSTRUMENTS INC,651697778.6,882508104,US,4005518.0,USD,28,2020-12-30,2021-01-01,2021,0.0171127877,TXN,US8825081040,2885409,Equity,Common Stock,BBG000BVV7G1,NASDAQ/NGS (GLOBAL SELECT MARKET)
2020-12-31,XLK,TERADYNE INC,87164539.8,880770102,US,724620.0,USD,98,2020-12-30,2021-01-01,2021,0.0022888343,TER,US8807701029,2884183,Equity,Common Stock,BBG000BV4DR6,
2020-12-31,XLK,TE CONNECTIVITY LTD,172833919.44,,US,1443169.0,USD,62,2020-12-30,2021-01-01,2021,0.0045384076,TEL,CH0102993182,B62B7C3,Equity,Common Stock,BBG000RGM5P1,
2020-12-31,XLK,SKYWORKS SOLUTIONS INC,110697466.75,83088M102,US,724697.0,USD,84,2020-12-30,2021-01-01,2021,0.0029067803,SWKS,US83088M1027,2961053,Equity,Common Stock,BBG000KLB4Q1,NASDAQ/NGS (GLOBAL SELECT MARKET)
2020-12-31,XLK,SEAGATE TECHNOLOGY,59108331.0,,US,975385.0,USD,128,2020-12-30,2021-01-01,2021,0.0015521126,STX,IE00B58JVZ52,B58JVZ5,Equity,Common Stock,BBG000F0KF42,NASDAQ/NGS (GLOBAL SELECT MARKET)
2020-12-31,XLK,SYNOPSYS INC,170820486.64,871607107,US,664904.0,USD,64,2020-12-30,2021-01-01,2021,0.0044855373,SNPS,US8716071076,2867719,Equity,Common Stock,BBG000BSFRF3,
2020-12-31,XLK,QORVO INC,83296032.12,74736K101,US,497676.0,USD,102,2020-12-30,2021-01-01,2021,0.0021872521,QRVO,US74736K1016,BR9YYP4,Equity,Common Stock,BBG007TJF1N7,NASDAQ/NGS (GLOBAL SELECT MARKET)
2020-12-31,XLK,QUALCOMM INC,740042836.8,747525103,US,4935264.0,USD,24,2020-12-30,2021-01-01,2021,0.019432621,QCOM,US7475251036,2714923,Equity,Common Stock,BBG000CGC1X8,NASDAQ/NGS (GLOBAL SELECT MARKET)
2020-12-31,XLK,PAYPAL HOLDINGS INC,1183649742.87,70450Y103,US,5112737.0,USD,12,2020-12-30,2021-01-01,2021,0.0310811965,PYPL,US70450Y1038,BYW36M8,Equity,Common Stock,BBG0077VNXV6,NASDAQ/NGS (GLOBAL SELECT MARKET)
2020-12-31,XLK,PAYCHEX INC,128640155.32,704326107,US,1396138.0,USD,78,2020-12-30,2021-01-01,2021,0.0033779334,PAYX,US7043261079,2674458,Equity,Common Stock,BBG000BQSQ38,
2020-12-31,XLK,PAYCOM SOFTWARE INC,95744345.78,70432V102,US,213758.0,USD,92,2020-12-30,2021-01-01,2021,0.0025141296,PAYC,US70432V1026,BL95MY0,Equity,Common Stock,BBG0064N0ZZ5,
2020-12-31,XLK,ORACLE CORP,533044531.6,68389X105,US,8277089.0,USD,30,2020-12-30,2021-01-01,2021,0.0139970983,ORCL,US68389X1054,2661568,Equity,Common Stock,BBG000BQLTW7,"NEW YORK STOCK EXCHANGE, INC."
2020-12-31,XLK,NVIDIA CORP,1420277346.6,67066G104,US,2701020.0,USD,8,2020-12-30,2021-01-01,2021,0.0372947483,NVDA,US67066G1040,2379504,Equity,Common Stock,BBG000BBJQV0,NASDAQ/NGS (GLOBAL SELECT MARKET)
2020-12-31,XLK,NETAPP INC,63583010.47,64110D104,US,973259.0,USD,120,2020-12-30,2021-01-01,2021,0.0016696122,NTAP,US64110D1046,2630643,Equity,Common Stock,BBG000FP1N32,NASDAQ/NGS (GLOBAL SELECT MARKET)
2020-12-31,XLK,SERVICENOW INC,466011415.62,81762P102,US,851349.0,USD,36,2020-12-30,2021-01-01,2021,0.0122368906,NOW,US81762P1021,B80NXX8,Equity,Common Stock,BBG000M1R011,
2020-12-31,XLK,Nortonlifelock Inc,53591025.0,668771108,US,2582700.0,USD,130,2020-12-30,2021-01-01,2021,0.0014072349,NLOK,US6687711084,BJN4XN5,Equity,Common Stock,,
2020-12-31,XLK,MAXIM INTEGRATED PRODUCTS,102078076.8,57772K101,US,1166340.0,USD,88,2020-12-30,2021-01-01,2021,0.0026804456,MXIM,US57772K1016,2573760,Equity,Common Stock,BBG000BPNP00,
2020-12-31,XLK,MICRON TECHNOLOGY INC,349356434.4,595112103,US,4857570.0,USD,42,2020-12-30,2021-01-01,2021,0.0091736732,MU,US5951121038,2588184,Equity,Common Stock,BBG000C5Z1S3,NASDAQ/NGS (GLOBAL SELECT MARKET)
2020-12-31,XLK,MOTOROLA SOLUTIONS INC,123517443.72,620076307,US,739714.0,USD,80,2020-12-30,2021-01-01,2021,0.0032434172,MSI,US6200763075,B5BKPQ4,Equity,Common Stock,BBG000BP8Z50,"NEW YORK STOCK EXCHANGE, INC."
2020-12-31,XLK,MICROSOFT CORP,7313392120.16,594918104,US,32990762.0,USD,4,2020-12-30,2021-01-01,2021,0.1920407441,MSFT,US5949181045,2588173,Equity,Common Stock,BBG000BPH459,NASDAQ/NGS (GLOBAL SELECT MARKET)
2020-12-31,XLK,MICROCHIP TECHNOLOGY INC,155411359.49,595017104,US,1136131.0,USD,70,2020-12-30,2021-01-01,2021,0.0040809125,MCHP,US5950171042,2592174,Equity,Common Stock,BBG000BHCP19,NASDAQ/NGS (GLOBAL SELECT MARKET)
2020-12-31,XLK,MASTERCARD INC - A,1364885340.0,57636Q104,US,3838800.0,USD,10,2020-12-30,2021-01-01,2021,0.0358402219,MA,US57636Q1040,B121557,Equity,Common Stock,BBG000F1ZSQ2,"NEW YORK STOCK EXCHANGE, INC."
2020-12-31,XLK,LAM RESEARCH CORP,304399313.0,512807108,US,628340.0,USD,48,2020-12-30,2021-01-01,2021,0.0079931542,LRCX,US5128071082,2502247,Equity,Common Stock,BBG000BNFLM9,NASDAQ/NGS (GLOBAL SELECT MARKET)
2020-12-31,XLK,LEIDOS HOLDINGS INC,60702068.28,525327102,US,583786.0,USD,126,2020-12-30,2021-01-01,2021,0.0015939622,LDOS,US5253271028,BDV82B8,Equity,Common Stock,BBG000C23PB0,
2020-12-31,XLK,KLA Corporation,175336157.15,482480100,US,673981.0,USD,60,2020-12-30,2021-01-01,2021,0.0046041133,KLAC,US4824801009,2480138,Equity,Common Stock,BBG000BMTFR4,NASDAQ/NGS (GLOBAL SELECT MARKET)
2020-12-31,XLK,KEYSIGHT TEC,106111739.68,49338L103,US,808532.0,USD,86,2020-12-30,2021-01-01,2021,0.0027863647,KEYS,US49338L1035,BQZJ0Q9,Equity,Common Stock,BBG0059FN811,
2020-12-31,XLK,JUNIPER NETWORKS INC,31942581.0,48203R104,US,1438855.0,USD,140,2020-12-30,2021-01-01,2021,0.0008387732,JNPR,US48203R1041,2431846,Equity,Common Stock,BBG000BY33P5,"NEW YORK STOCK EXCHANGE, INC."
2020-12-31,XLK,JACK HENRY,52865972.5,426281101,US,333014.0,USD,132,2020-12-30,2021-01-01,2021,0.0013881959,JKHY,US4262811015,2469193,Equity,Common Stock,BBG000BMH2Q7,
2020-12-31,XLK,Gartner Inc,61782337.05,366651107,US,389671.0,USD,122,2020-12-30,2021-01-01,2021,0.0016223287,IT,US3666511072,2372763,Equity,Common Stock,BBG000BB65D0,"NEW YORK STOCK EXCHANGE, INC."
2020-12-31,XLK,IPG PHOTONICS CORP,35051816.91,44980X109,US,156279.0,USD,138,2020-12-30,2021-01-01,2021,0.0009204179,IPGP,US44980X1090,2698782,Equity,Common Stock,BBG000DCGRL8,
2020-12-31,XLK,INTUIT INC,430582721.45,461202103,US,1146539.0,USD,38,2020-12-30,2021-01-01,2021,0.0113065763,INTU,US4612021034,2459020,Equity,Common Stock,BBG000BH5DV1,NASDAQ/NGS (GLOBAL SELECT MARKET)
2020-12-31,XLK,INTEL CORP,871742235.0,458140100,US,17881892.0,USD,18,2020-12-30,2021-01-01,2021,0.0228908863,INTC,US4581401001,2463247,Equity,Common Stock,BBG000C0G1D1,NASDAQ/NGS (GLOBAL SELECT MARKET)
2020-12-31,XLK,International Business Machines Corporation,483457295.92,459200101,US,3888188.0,USD,34,2020-12-30,2021-01-01,2021,0.0126949981,IBM,US4592001014,2005973,Equity,Common Stock,BBG000BLNNH6,"NEW YORK STOCK EXCHANGE, INC."
2020-12-31,XLK,HP INC,145758272.0,40434L105,US,5993350.0,USD,74,2020-12-30,2021-01-01,2021,0.0038274342,HPQ,US40434L1052,BYX4D52,Equity,Common Stock,BBG000KHWT55,
2020-12-31,XLK,HEWLETT PACKA,65593525.12,42824C109,US,5615884.0,USD,118,2020-12-30,2021-01-01,2021,0.0017224059,HPE,US42824C1099,BYVYWS0,Equity,Common Stock,BBG0078W3NQ3,
2020-12-31,XLK,GLOBAL PAYMENTS INC,274469107.5,37940X102,US,1306125.0,USD,54,2020-12-30,2021-01-01,2021,0.0072072235,GPN,US37940X1028,2712013,Equity,Common Stock,BBG000CX0P89,
2020-12-31,XLK,CORNING INC,119912649.45,219350105,US,3333685.0,USD,82,2020-12-30,2021-01-01,2021,0.0031487597,GLW,US2193501051,2224701,Equity,Common Stock,BBG000BKFZM4,"NEW YORK STOCK EXCHANGE, INC."
2020-12-31,XLK,FORTINET INC,87054114.48,34959E109,US,588124.0,USD,100,2020-12-30,2021-01-01,2021,0.0022859347,FTNT,US34959E1091,B5B2106,Equity,Common Stock,BBG000BCMBG4,
2020-12-31,XLK,FLEETCOR TECHNOLOGIES INC,98280928.89,339041105,US,363963.0,USD,90,2020-12-30,2021-01-01,2021,0.0025807371,FLT,US3390411052,B4R28B3,Equity,Common Stock,BBG000GPXKX9,
2020-12-31,XLK,FLIR SYSTEMS INC,25204287.29,302445101,US,575309.0,USD,144,2020-12-30,2021-01-01,2021,0.0006618338,FLIR,US3024451011,2344717,Equity,Common Stock,BBG000BHK836,
2020-12-31,XLK,FISERV INC,283155980.72,337738108,US,2508469.0,USD,52,2020-12-30,2021-01-01,2021,0.0074353302,FISV,US3377381088,2342034,Equity,Common Stock,BBG000BJKPG0,NASDAQ/NGS (GLOBAL SELECT MARKET)
2020-12-31,XLK,FIDELITY NATIONAL INFO SERV,377795613.9,31620M106,US,2707630.0,USD,40,2020-12-30,2021-01-01,2021,0.0099204514,FIS,US31620M1062,2769796,Equity,,BBG000BK2F42,
2020-12-31,XLK,F5 NETWORKS INC,47061070.6,315616102,US,267910.0,USD,134,2020-12-30,2021-01-01,2021,0.0012357662,FFIV,US3156161024,2427599,Equity,Common Stock,BBG000CXYSZ6,
2020-12-31,XLK,DXC Technology Co.,27020977.98,23355L106,US,1110147.0,USD,142,2020-12-30,2021-01-01,2021,0.0007095379,DXC,US23355L1061,BYXD7B3,Equity,Common Stock,BBG00FN64XT9,
2020-12-31,XLK,CITRIX SYSTEMS INC,68922647.89,177376100,US,537241.0,USD,112,2020-12-30,2021-01-01,2021,0.0018098245,CTXS,US1773761002,2182553,Equity,Common Stock,BBG000FQ6PY6,NASDAQ/NGS (GLOBAL SELECT MARKET)
2020-12-31,XLK,COGNIZANT TECH SOLUTIONS-A,189132337.57,192446102,US,2332951.0,USD,58,2020-12-30,2021-01-01,2021,0.0049663842,CTSH,US1924461023,2257019,Equity,Common Stock,BBG000BBDV81,NASDAQ/NGS (GLOBAL SELECT MARKET)
2020-12-31,XLK,CISCO SYSTEMS INC,820138074.88,17275R102,US,18438356.0,USD,20,2020-12-30,2021-01-01,2021,0.0215358241,CSCO,US17275R1023,2198163,Equity,Common Stock,BBG000C3J3C9,NASDAQ/NGS (GLOBAL SELECT MARKET)
2020-12-31,XLK,SALESFORCE.COM INC,887971587.2,79466L302,US,3992678.0,USD,16,2020-12-30,2021-01-01,2021,0.0233170493,CRM,US79466L3024,2310525,Equity,,BBG000BN2DC2,
2020-12-31,XLK,CDW CORP/DE,81120650.0,12514G108,US,624005.0,USD,104,2020-12-30,2021-01-01,2021,0.0021301292,CDW,US12514G1085,BBM5MD6,Equity,Common Stock,BBG001P63B80,
2020-12-31,XLK,CADENCE DESIGN SYS INC,164618049.75,127387108,US,1217139.0,USD,68,2020-12-30,2021-01-01,2021,0.0043226689,CDNS,US1273871087,2302232,Equity,Common Stock,BBG000C13CD9,NASDAQ/NGS (GLOBAL SELECT MARKET)
2020-12-31,XLK,"Broadridge Financial Solutions, Inc.",76838518.61,11133T103,US,505151.0,USD,106,2020-12-30,2021-01-01,2021,0.0020176856,BR,US11133T1034,B1VP7R6,Equity,Common Stock,BBG000PPFKQ7,
2020-12-31,XLK,Broadcom Inc.,767477993.81,11135F101,US,1765007.0,USD,22,2020-12-30,2021-01-01,2021,0.0201530347,AVGO,US11135F1012,BDZ78H9,Equity,Common Stock,BBG00KHY5S69,
2020-12-31,XLK,AMPHENOL CORP-CL A,169487163.36,032095101,US,1305354.0,USD,66,2020-12-30,2021-01-01,2021,0.0044505259,APH,US0320951017,2145084,Equity,Common Stock,BBG000B9YJ35,
2020-12-31,XLK,ANSYS INC,135777246.08,03662Q105,US,374744.0,USD,76,2020-12-30,2021-01-01,2021,0.0035653446,ANSS,US03662Q1058,2045623,Equity,Common Stock,BBG000GXZ4W7,NASDAQ/NGS (GLOBAL SELECT MARKET)
2020-12-31,XLK,ARISTA NETWORKS INC,68700240.0,040413106,US,237750.0,USD,114,2020-12-30,2021-01-01,2021,0.0018039844,ANET,US0404131064,BN33VM5,Equity,Common Stock,BBG000N2HDY5,
2020-12-31,XLK,ADVANCED MICRO DEVICES INC,484351117.47,007903107,US,5248143.0,USD,32,2020-12-30,2021-01-01,2021,0.0127184687,AMD,US0079031078,2007849,Equity,Common Stock,BBG000BBQCY0,NASDAQ CAPITAL MARKET
2020-12-31,XLK,APPLIED MATERIALS INC,346625737.6,038222105,US,3985120.0,USD,44,2020-12-30,2021-01-01,2021,0.0091019685,AMAT,US0382221051,2046552,Equity,Common Stock,BBG000BBPFB9,
2020-12-31,XLK,AKAMAI TECHNOLOGIES INC,74338232.15,00971T101,US,710351.0,USD,110,2020-12-30,2021-01-01,2021,0.0019520312,AKAM,US00971T1016,2507457,Equity,Common Stock,BBG000BJQWD2,
2020-12-31,XLK,AUTODESK INC,287301560.19,052769106,US,959559.0,USD,50,2020-12-30,2021-01-01,2021,0.007544188,ADSK,US0527691069,2065159,Equity,Common Stock,BBG000BM7HL0,
2020-12-31,XLK,AUTOMATIC DATA PROCESSING,325219019.58,053015103,US,1871118.0,USD,46,2020-12-30,2021-01-01,2021,0.0085398542,ADP,US0530151036,2065308,Equity,,BBG000JG0547,
2020-12-31,XLK,ANALOG DEVICES INC,235677535.56,032654105,US,1612242.0,USD,56,2020-12-30,2021-01-01,2021,0.0061886042,ADI,US0326541051,2032067,Equity,,BBG000BB6G37,
2020-12-31,XLK,ADOBE SYSTEMS INC,1041292187.0,00724F101,US,2093260.0,USD,14,2020-12-30,2021-01-01,2021,0.0273430609,ADBE,US00724F1012,2008154,Equity,Common Stock,BBG000BB5006,NASDAQ/NGS (GLOBAL SELECT MARKET)
2020-12-31,XLK,ACCENTURE PLC-CL A,712008476.08,,US,2764652.0,USD,26,2020-12-30,2021-01-01,2021,0.0186964729,ACN,IE00B4BNMY34,B4BNMY3,Equity,Common Stock,BBG000D9D830,
2020-12-31,XLK,APPLE INC,9325257046.8,037833100,US,69737190.0,USD,2,2020-12-30,2021-01-01,2021,0.2448698597,AAPL,US0378331005,2046251,Equity,Common Stock,BBG000B9XRY4,NASDAQ/NGS (GLOBAL SELECT MARKET)
2020-12-30,XLK,STATE STREET INSTITUTIONAL LIQ STATE ST INST LIQ RES PREM,61541421.3,964WKM905,,61529115.48,USD,123,2020-12-30,2021-01-01,2021,0.0016160026,,,,,,,
2020-12-30,XLK,ZEBRA TECHNOLOGIES CORP-CL A,89284810.0,989207105,US,232664.0,USD,95,2020-12-30,2021-01-01,2021,0.0023445101,ZBRA,US9892071054,2989356,Equity,Common Stock,BBG000CC7LQ7,
2020-12-30,XLK,XEROX HOLDINGS CORP COMMON STOCK USD1.0,16643364.78,98421M106,US,727102.0,USD,147,2020-12-30,2021-01-01,2021,0.0004370344,XRX,US98421M1062,BJJD5G3,Equity,Common Stock,BBG00NNG2ZJ8,
2020-12-30,XLK,XILINX INC,152110660.8,983919101,US,1070448.0,USD,71,2020-12-30,2021-01-01,2021,0.0039942402,XLNX,US9839191015,2985677,Equity,Common Stock,BBG000C0F570,NASDAQ/NGS (GLOBAL SELECT MARKET)
2020-12-30,XLK,WESTERN UNION CO,39071403.36,959802109,US,1793912.0,USD,135,2020-12-30,2021-01-01,2021,0.0010259673,WU,US9598021098,B1F76F9,Equity,Common Stock,BBG000BB5373,"NEW YORK STOCK EXCHANGE, INC."
2020-12-30,XLK,WESTERN DIGITAL CORP,65612291.94,958102105,US,1324698.0,USD,115,2020-12-30,2021-01-01,2021,0.0017228986,WDC,US9581021055,2954699,Equity,Common Stock,BBG000BWNFZ9,NASDAQ/NGS (GLOBAL SELECT MARKET)
2020-12-30,XLK,VERISIGN INC,93987894.0,92343E102,US,438172.0,USD,93,2020-12-30,2021-01-01,2021,0.0024680073,VRSN,US92343E1029,2142922,Equity,Common Stock,BBG000BGKHZ3,NASDAQ/NGS (GLOBAL SELECT MARKET)
2020-12-30,XLK,VONTIER CORP COMMON STOCK,19371627.2,928881101,US,589520.0,USD,145,2020-12-30,2021-01-01,2021,0.0005086753,VNT,US9288811014,BH4GV32,Equity,Common Stock,BBG00RRGSJR4,
2020-12-30,XLK,VISA INC-CLASS A SHARES,1615685818.24,92826C839,US,7399184.0,USD,5,2020-12-30,2021-01-01,2021,0.0424259361,V,US92826C8394,B2PZN04,Equity,Common Stock,BBG000PSKYX7,"NEW YORK STOCK EXCHANGE, INC."
2020-12-30,XLK,TYLER TECHNOLOGIES INC,75581755.3,902252105,US,176210.0,USD,107,2020-12-30,2021-01-01,2021,0.0019846846,TYL,US9022521051,2909644,Equity,Common Stock,BBG000BVWZF9,
2020-12-30,XLK,TEXAS INSTRUMENTS INC,651697778.6,882508104,US,4005518.0,USD,27,2020-12-30,2021-01-01,2021,0.0171127877,TXN,US8825081040,2885409,Equity,Common Stock,BBG000BVV7G1,NASDAQ/NGS (GLOBAL SELECT MARKET)
2020-12-30,XLK,TERADYNE INC,87164539.8,880770102,US,724620.0,USD,97,2020-12-30,2021-01-01,2021,0.0022888343,TER,US8807701029,2884183,Equity,Common Stock,BBG000BV4DR6,
2020-12-30,XLK,TE CONNECTIVITY LTD,172833919.44,,US,1443169.0,USD,61,2020-12-30,2021-01-01,2021,0.0045384076,TEL,CH0102993182,B62B7C3,Equity,Common Stock,BBG000RGM5P1,
2020-12-30,XLK,SKYWORKS SOLUTIONS INC,110697466.75,83088M102,US,724697.0,USD,83,2020-12-30,2021-01-01,2021,0.0029067803,SWKS,US83088M1027,2961053,Equity,Common Stock,BBG000KLB4Q1,NASDAQ/NGS (GLOBAL SELECT MARKET)
2020-12-30,XLK,SEAGATE TECHNOLOGY,59108331.0,,US,975385.0,USD,127,2020-12-30,2021-01-01,2021,0.0015521126,STX,IE00B58JVZ52,B58JVZ5,Equity,Common Stock,BBG000F0KF42,NASDAQ/NGS (GLOBAL SELECT MARKET)
2020-12-30,XLK,SYNOPSYS INC,170820486.64,871607107,US,664904.0,USD,63,2020-12-30,2021-01-01,2021,0.0044855373,SNPS,US8716071076,2867719,Equity,Common Stock,BBG000BSFRF3,
2020-12-30,XLK,QORVO INC,83296032.12,74736K101,US,497676.0,USD,101,2020-12-30,2021-01-01,2021,0.0021872521,QRVO,US74736K1016,BR9YYP4,Equity,Common Stock,BBG007TJF1N7,NASDAQ/NGS (GLOBAL SELECT MARKET)
2020-12-30,XLK,QUALCOMM INC,740042836.8,747525103,US,4935264.0,USD,23,2020-12-30,2021-01-01,2021,0.019432621,QCOM,US7475251036,2714923,Equity,Common Stock,BBG000CGC1X8,NASDAQ/NGS (GLOBAL SELECT MARKET)
2020-12-30,XLK,PAYPAL HOLDINGS INC,1183649742.87,70450Y103,US,5112737.0,USD,11,2020-12-30,2021-01-01,2021,0.0310811965,PYPL,US70450Y1038,BYW36M8,Equity,Common Stock,BBG0077VNXV6,NASDAQ/NGS (GLOBAL SELECT MARKET)
2020-12-30,XLK,PAYCHEX INC,128640155.32,704326107,US,1396138.0,USD,77,2020-12-30,2021-01-01,2021,0.0033779334,PAYX,US7043261079,2674458,Equity,Common Stock,BBG000BQSQ38,
2020-12-30,XLK,PAYCOM SOFTWARE INC,95744345.78,70432V102,US,213758.0,USD,91,2020-12-30,2021-01-01,2021,0.0025141296,PAYC,US70432V1026,BL95MY0,Equity,Common Stock,BBG0064N0ZZ5,
2020-12-30,XLK,ORACLE CORP,533044531.6,68389X105,US,8277089.0,USD,29,2020-12-30,2021-01-01,2021,0.0139970983,ORCL,US68389X1054,2661568,Equity,Common Stock,BBG000BQLTW7,"NEW YORK STOCK EXCHANGE, INC."
2020-12-30,XLK,NVIDIA CORP,1420277346.6,67066G104,US,2701020.0,USD,7,2020-12-30,2021-01-01,2021,0.0372947483,NVDA,US67066G1040,2379504,Equity,Common Stock,BBG000BBJQV0,NASDAQ/NGS (GLOBAL SELECT MARKET)
2020-12-30,XLK,NETAPP INC,63583010.47,64110D104,US,973259.0,USD,119,2020-12-30,2021-01-01,2021,0.0016696122,NTAP,US64110D1046,2630643,Equity,Common Stock,BBG000FP1N32,NASDAQ/NGS (GLOBAL SELECT MARKET)
2020-12-30,XLK,SERVICENOW INC,466011415.62,81762P102,US,851349.0,USD,35,2020-12-30,2021-01-01,2021,0.0122368906,NOW,US81762P1021,B80NXX8,Equity,Common Stock,BBG000M1R011,
2020-12-30,XLK,Nortonlifelock Inc,53591025.0,668771108,US,2582700.0,USD,129,2020-12-30,2021-01-01,2021,0.0014072349,NLOK,US6687711084,BJN4XN5,Equity,Common Stock,,
2020-12-30,XLK,MAXIM INTEGRATED PRODUCTS,102078076.8,57772K101,US,1166340.0,USD,87,2020-12-30,2021-01-01,2021,0.0026804456,MXIM,US57772K1016,2573760,Equity,Common Stock,BBG000BPNP00,
2020-12-30,XLK,MICRON TECHNOLOGY INC,349356434.4,595112103,US,4857570.0,USD,41,2020-12-30,2021-01-01,2021,0.0091736732,MU,US5951121038,2588184,Equity,Common Stock,BBG000C5Z1S3,NASDAQ/NGS (GLOBAL SELECT MARKET)
2020-12-30,XLK,MOTOROLA SOLUTIONS INC,123517443.72,620076307,US,739714.0,USD,79,2020-12-30,2021-01-01,2021,0.0032434172,MSI,US6200763075,B5BKPQ4,Equity,Common Stock,BBG000BP8Z50,"NEW YORK STOCK EXCHANGE, INC."
2020-12-30,XLK,MICROSOFT CORP,7313392120.16,594918104,US,32990762.0,USD,3,2020-12-30,2021-01-01,2021,0.1920407441,MSFT,US5949181045,2588173,Equity,Common Stock,BBG000BPH459,NASDAQ/NGS (GLOBAL SELECT MARKET)
2020-12-30,XLK,MICROCHIP TECHNOLOGY INC,155411359.49,595017104,US,1136131.0,USD,69,2020-12-30,2021-01-01,2021,0.0040809125,MCHP,US5950171042,2592174,Equity,Common Stock,BBG000BHCP19,NASDAQ/NGS (GLOBAL SELECT MARKET)
2020-12-30,XLK,MASTERCARD INC - A,1364885340.0,57636Q104,US,3838800.0,USD,9,2020-12-30,2021-01-01,2021,0.0358402219,MA,US57636Q1040,B121557,Equity,Common Stock,BBG000F1ZSQ2,"NEW YORK STOCK EXCHANGE, INC."
2020-12-30,XLK,LAM RESEARCH CORP,304399313.0,512807108,US,628340.0,USD,47,2020-12-30,2021-01-01,2021,0.0079931542,LRCX,US5128071082,2502247,Equity,Common Stock,BBG000BNFLM9,NASDAQ/NGS (GLOBAL SELECT MARKET)
2020-12-30,XLK,LEIDOS HOLDINGS INC,60702068.28,525327102,US,583786.0,USD,125,2020-12-30,2021-01-01,2021,0.0015939622,LDOS,US5253271028,BDV82B8,Equity,Common Stock,BBG000C23PB0,
2020-12-30,XLK,KLA Corporation,175336157.15,482480100,US,673981.0,USD,59,2020-12-30,2021-01-01,2021,0.0046041133,KLAC,US4824801009,2480138,Equity,Common Stock,BBG000BMTFR4,NASDAQ/NGS (GLOBAL SELECT MARKET)
2020-12-30,XLK,KEYSIGHT TEC,106111739.68,49338L103,US,808532.0,USD,85,2020-12-30,2021-01-01,2021,0.0027863647,KEYS,US49338L1035,BQZJ0Q9,Equity,Common Stock,BBG0059FN811,
2020-12-30,XLK,JUNIPER NETWORKS INC,31942581.0,48203R104,US,1438855.0,USD,139,2020-12-30,2021-01-01,2021,0.0008387732,JNPR,US48203R1041,2431846,Equity,Common Stock,BBG000BY33P5,"NEW YORK STOCK EXCHANGE, INC."
2020-12-30,XLK,JACK HENRY,52865972.5,426281101,US,333014.0,USD,131,2020-12-30,2021-01-01,2021,0.0013881959,JKHY,US4262811015,2469193,Equity,Common Stock,BBG000BMH2Q7,
2020-12-30,XLK,Gartner Inc,61782337.05,366651107,US,389671.0,USD,121,2020-12-30,2021-01-01,2021,0.0016223287,IT,US3666511072,2372763,Equity,Common Stock,BBG000BB65D0,"NEW YORK STOCK EXCHANGE, INC."
2020-12-30,XLK,IPG PHOTONICS CORP,35051816.91,44980X109,US,156279.0,USD,137,2020-12-30,2021-01-01,2021,0.0009204179,IPGP,US44980X1090,2698782,Equity,Common Stock,BBG000DCGRL8,
2020-12-30,XLK,INTUIT INC,430582721.45,461202103,US,1146539.0,USD,37,2020-12-30,2021-01-01,2021,0.0113065763,INTU,US4612021034,2459020,Equity,Common Stock,BBG000BH5DV1,NASDAQ/NGS (GLOBAL SELECT MARKET)
2020-12-30,XLK,INTEL CORP,871742235.0,458140100,US,17881892.0,USD,17,2020-12-30,2021-01-01,2021,0.0228908863,INTC,US4581401001,2463247,Equity,Common Stock,BBG000C0G1D1,NASDAQ/NGS (GLOBAL SELECT MARKET)
2020-12-30,XLK,International Business Machines Corporation,483457295.92,459200101,US,3888188.0,USD,33,2020-12-30,2021-01-01,2021,0.0126949981,IBM,US4592001014,2005973,Equity,Common Stock,BBG000BLNNH6,"NEW YORK STOCK EXCHANGE, INC."
2020-12-30,XLK,HP INC,145758272.0,40434L105,US,5993350.0,USD,73,2020-12-30,2021-01-01,2021,0.0038274342,HPQ,US40434L1052,BYX4D52,Equity,Common Stock,BBG000KHWT55,
2020-12-30,XLK,HEWLETT PACKA,65593525.12,42824C109,US,5615884.0,USD,117,2020-12-30,2021-01-01,2021,0.0017224059,HPE,US42824C1099,BYVYWS0,Equity,Common Stock,BBG0078W3NQ3,
2020-12-30,XLK,GLOBAL PAYMENTS INC,274469107.5,37940X102,US,1306125.0,USD,53,2020-12-30,2021-01-01,2021,0.0072072235,GPN,US37940X1028,2712013,Equity,Common Stock,BBG000CX0P89,
2020-12-30,XLK,CORNING INC,119912649.45,219350105,US,3333685.0,USD,81,2020-12-30,2021-01-01,2021,0.0031487597,GLW,US2193501051,2224701,Equity,Common Stock,BBG000BKFZM4,"NEW YORK STOCK EXCHANGE, INC."
2020-12-30,XLK,FORTINET INC,87054114.48,34959E109,US,588124.0,USD,99,2020-12-30,2021-01-01,2021,0.0022859347,FTNT,US34959E1091,B5B2106,Equity,Common Stock,BBG000BCMBG4,
2020-12-30,XLK,FLEETCOR TECHNOLOGIES INC,98280928.89,339041105,US,363963.0,USD,89,2020-12-30,2021-01-01,2021,0.0025807371,FLT,US3390411052,B4R28B3,Equity,Common Stock,BBG000GPXKX9,
2020-12-30,XLK,FLIR SYSTEMS INC,25204287.29,302445101,US,575309.0,USD,143,2020-12-30,2021-01-01,2021,0.0006618338,FLIR,US3024451011,2344717,Equity,Common Stock,BBG000BHK836,
2020-12-30,XLK,FISERV INC,283155980.72,337738108,US,2508469.0,USD,51,2020-12-30,2021-01-01,2021,0.0074353302,FISV,US3377381088,2342034,Equity,Common Stock,BBG000BJKPG0,NASDAQ/NGS (GLOBAL SELECT MARKET)
2020-12-30,XLK,FIDELITY NATIONAL INFO SERV,377795613.9,31620M106,US,2707630.0,USD,39,2020-12-30,2021-01-01,2021,0.0099204514,FIS,US31620M1062,2769796,Equity,,BBG000BK2F42,
2020-12-30,XLK,F5 NETWORKS INC,47061070.6,315616102,US,267910.0,USD,133,2020-12-30,2021-01-01,2021,0.0012357662,FFIV,US3156161024,2427599,Equity,Common Stock,BBG000CXYSZ6,
2020-12-30,XLK,DXC Technology Co.,27020977.98,23355L106,US,1110147.0,USD,141,2020-12-30,2021-01-01,2021,0.0007095379,DXC,US23355L1061,BYXD7B3,Equity,Common Stock,BBG00FN64XT9,
2020-12-30,XLK,CITRIX SYSTEMS INC,68922647.89,177376100,US,537241.0,USD,111,2020-12-30,2021-01-01,2021,0.0018098245,CTXS,US1773761002,2182553,Equity,Common Stock,BBG000FQ6PY6,NASDAQ/NGS (GLOBAL SELECT MARKET)
2020-12-30,XLK,COGNIZANT TECH SOLUTIONS-A,189132337.57,192446102,US,2332951.0,USD,57,2020-12-30,2021-01-01,2021,0.0049663842,CTSH,US1924461023,2257019,Equity,Common Stock,BBG000BBDV81,NASDAQ/NGS (GLOBAL SELECT MARKET)
2020-12-30,XLK,CISCO SYSTEMS INC,820138074.88,17275R102,US,18438356.0,USD,19,2020-12-30,2021-01-01,2021,0.0215358241,CSCO,US17275R1023,2198163,Equity,Common Stock,BBG000C3J3C9,NASDAQ/NGS (GLOBAL SELECT MARKET)
2020-12-30,XLK,SALESFORCE.COM INC,887971587.2,79466L302,US,3992678.0,USD,15,2020-12-30,2021-01-01,2021,0.0233170493,CRM,US79466L3024,2310525,Equity,,BBG000BN2DC2,
2020-12-30,XLK,CDW CORP/DE,81120650.0,12514G108,US,624005.0,USD,103,2020-12-30,2021-01-01,2021,0.0021301292,CDW,US12514G1085,BBM5MD6,Equity,Common Stock,BBG001P63B80,
2020-12-30,XLK,CADENCE DESIGN SYS INC,164618049.75,127387108,US,1217139.0,USD,67,2020-12-30,2021-01-01,2021,0.0043226689,CDNS,US1273871087,2302232,Equity,Common Stock,BBG000C13CD9,NASDAQ/NGS (GLOBAL SELECT MARKET)
2020-12-30,XLK,"Broadridge Financial Solutions, Inc.",76838518.61,11133T103,US,505151.0,USD,105,2020-12-30,2021-01-01,2021,0.0020176856,BR,US11133T1034,B1VP7R6,Equity,Common Stock,BBG000PPFKQ7,
2020-12-30,XLK,Broadcom Inc.,767477993.81,11135F101,US,1765007.0,USD,21,2020-12-30,2021-01-01,2021,0.0201530347,AVGO,US11135F1012,BDZ78H9,Equity,Common Stock,BBG00KHY5S69,
2020-12-30,XLK,AMPHENOL CORP-CL A,169487163.36,032095101,US,1305354.0,USD,65,2020-12-30,2021-01-01,2021,0.0044505259,APH,US0320951017,2145084,Equity,Common Stock,BBG000B9YJ35,
2020-12-30,XLK,ANSYS INC,135777246.08,03662Q105,US,374744.0,USD,75,2020-12-30,2021-01-01,2021,0.0035653446,ANSS,US03662Q1058,2045623,Equity,Common Stock,BBG000GXZ4W7,NASDAQ/NGS (GLOBAL SELECT MARKET)
2020-12-30,XLK,ARISTA NETWORKS INC,68700240.0,040413106,US,237750.0,USD,113,2020-12-30,2021-01-01,2021,0.0018039844,ANET,US0404131064,BN33VM5,Equity,Common Stock,BBG000N2HDY5,
2020-12-30,XLK,ADVANCED MICRO DEVICES INC,484351117.47,007903107,US,5248143.0,USD,31,2020-12-30,2021-01-01,2021,0.0127184687,AMD,US0079031078,2007849,Equity,Common Stock,BBG000BBQCY0,NASDAQ CAPITAL MARKET
2020-12-30,XLK,APPLIED MATERIALS INC,346625737.6,038222105,US,3985120.0,USD,43,2020-12-30,2021-01-01,2021,0.0091019685,AMAT,US0382221051,2046552,Equity,Common Stock,BBG000BBPFB9,
2020-12-30,XLK,AKAMAI TECHNOLOGIES INC,74338232.15,00971T101,US,710351.0,USD,109,2020-12-30,2021-01-01,2021,0.0019520312,AKAM,US00971T1016,2507457,Equity,Common Stock,BBG000BJQWD2,
2020-12-30,XLK,AUTODESK INC,287301560.19,052769106,US,959559.0,USD,49,2020-12-30,2021-01-01,2021,0.007544188,ADSK,US0527691069,2065159,Equity,Common Stock,BBG000BM7HL0,
2020-12-30,XLK,AUTOMATIC DATA PROCESSING,325219019.58,053015103,US,1871118.0,USD,45,2020-12-30,2021-01-01,2021,0.0085398542,ADP,US0530151036,2065308,Equity,,BBG000JG0547,
2020-12-30,XLK,ANALOG DEVICES INC,235677535.56,032654105,US,1612242.0,USD,55,2020-12-30,2021-01-01,2021,0.0061886042,ADI,US0326541051,2032067,Equity,,BBG000BB6G37,
2020-12-30,XLK,ADOBE SYSTEMS INC,1041292187.0,00724F101,US,2093260.0,USD,13,2020-12-30,2021-01-01,2021,0.0273430609,ADBE,US00724F1012,2008154,Equity,Common Stock,BBG000BB5006,NASDAQ/NGS (GLOBAL SELECT MARKET)
2020-12-30,XLK,ACCENTURE PLC-CL A,712008476.08,,US,2764652.0,USD,25,2020-12-30,2021-01-01,2021,0.0186964729,ACN,IE00B4BNMY34,B4BNMY3,Equity,Common Stock,BBG000D9D830,
2020-12-30,XLK,APPLE INC,9325257046.8,037833100,US,69737190.0,USD,1,2020-12-30,2021-01-01,2021,0.2448698597,AAPL,US0378331005,2046251,Equity,Common Stock,BBG000B9XRY4,NASDAQ/NGS (GLOBAL SELECT MARKET)
2021-12-31,XLK,XAK TECHNOLOGY    MAR22 XCME 20220318,82987920.0,ADI22BBW0,,47400.0,USD,66,2021-12-31,2022-01-01,2022,0.0015968924,,,,,,,
2021-12-31,XLK,STATE STREET INSTITUTIONAL LIQ STATE ST INST LIQ RES PREM,64807986.85,964WKM905,,64801506.7,USD,72,2021-12-31,2022-01-01,2022,0.0012470656,,,,,,,
2021-12-31,XLK,US DOLLAR,4296805.94,999USDZ92,US,4296805.94,USD,79,2021-12-31,2022-01-01,2022,8.26811e-05,,,,,Currency,,
2021-12-31,XLK,ZEBRA TECHNOLOGIES CORP-CL A,145600204.8,989207105,US,244624.0,USD,46,2021-12-31,2022-01-01,2022,0.0028017072,ZBRA,US9892071054,2989356,Equity,Common Stock,BBG000CC7LQ7,
2021-12-31,XLK,XILINX INC,240610583.85,983919101,US,1134795.0,USD,32,2021-12-31,2022-01-01,2022,0.0046299414,XLNX,US9839191015,2985677,Equity,Common Stock,BBG000C0F570,NASDAQ/NGS (GLOBAL SELECT MARKET)
2021-12-31,XLK,WESTERN DIGITAL CORP,93024347.35,958102105,US,1426535.0,USD,62,2021-12-31,2022-01-01,2022,0.001790018,WDC,US9581021055,2954699,Equity,Common Stock,BBG000BWNFZ9,NASDAQ/NGS (GLOBAL SELECT MARKET)
2021-12-31,XLK,VERISIGN INC,112286414.52,92343E102,US,442386.0,USD,53,2021-12-31,2022-01-01,2022,0.0021606677,VRSN,US92343E1029,2142922,Equity,Common Stock,BBG000BGKHZ3,NASDAQ/NGS (GLOBAL SELECT MARKET)
2021-12-31,XLK,VISA INC-CLASS A SHARES,1663716043.34,92826C839,US,7677154.0,USD,4,2021-12-31,2022-01-01,2022,0.0320140022,V,US92826C8394,B2PZN04,Equity,Common Stock,BBG000PSKYX7,"NEW YORK STOCK EXCHANGE, INC."
2021-12-31,XLK,TYLER TECHNOLOGIES INC,100888218.9,902252105,US,187542.0,USD,55,2021-12-31,2022-01-01,2022,0.0019413383,TYL,US9022521051,2909644,Equity,Common Stock,BBG000BVWZF9,
2021-12-31,XLK,TEXAS INSTRUMENTS INC,796814219.88,882508104,US,4227804.0,USD,15,2021-12-31,2022-01-01,2022,0.0153326719,TXN,US8825081040,2885409,Equity,Common Stock,BBG000BVV7G1,NASDAQ/NGS (GLOBAL SELECT MARKET)
2021-12-31,XLK,TRIMBLE INC,100191511.23,896239100,US,1149117.0,USD,56,2021-12-31,2022-01-01,2022,0.0019279319,TRMB,US8962391004,2903958,Equity,Common Stock,BBG000BNPS52,
2021-12-31,XLK,TERADYNE INC,122031646.02,880770102,US,746234.0,USD,50,2021-12-31,2022-01-01,2022,0.00234819,TER,US8807701029,2884183,Equity,Common Stock,BBG000BV4DR6,
2021-12-31,XLK,TE CONNECTIVITY LTD,241006142.52,,US,1493778.0,USD,31,2021-12-31,2022-01-01,2022,0.0046375529,TEL,CH0102993182,B62B7C3,Equity,Common Stock,BBG000RGM5P1,
2021-12-31,XLK,TELEDYNE TECH,93296548.83,879360105,US,213547.0,USD,61,2021-12-31,2022-01-01,2022,0.0017952558,TDY,US8793601050,2503477,Equity,Common Stock,BBG000BMT9T6,"NEW YORK STOCK EXCHANGE, INC."
2021-12-31,XLK,SKYWORKS SOLUTIONS INC,117297165.22,83088M102,US,756073.0,USD,51,2021-12-31,2022-01-01,2022,0.0022570869,SWKS,US83088M1027,2961053,Equity,Common Stock,BBG000KLB4Q1,NASDAQ/NGS (GLOBAL SELECT MARKET)
2021-12-31,XLK,SEAGATE TECHNOLOGY-ORDINARY SHARES,106478001.0,,US,942450.0,USD,54,2021-12-31,2022-01-01,2022,0.0020488995,STX,IE00BKVD2N49,BKVD2N4,Equity,Common Stock,BBG0113JGQF0,
2021-12-31,XLK,SYNOPSYS INC,257272328.5,871607107,US,698161.0,USD,30,2021-12-31,2022-01-01,2022,0.0049505545,SNPS,US8716071076,2867719,Equity,Common Stock,BBG000BSFRF3,
2021-12-31,XLK,SOLAREDGE TECHNOLOGIES INC,67454639.4,83417M104,US,240420.0,USD,70,2021-12-31,2022-01-01,2022,0.0012979937,SEDG,US83417M1045,BWC52Q6,Equity,Common Stock,BBG0084BBZY6,
2021-12-31,XLK,QORVO INC,78912986.49,74736K101,US,504591.0,USD,67,2021-12-31,2022-01-01,2022,0.0015184806,QRVO,US74736K1016,BR9YYP4,Equity,Common Stock,BBG007TJF1N7,NASDAQ/NGS (GLOBAL SELECT MARKET)
2021-12-31,XLK,QUALCOMM INC,937613258.44,747525103,US,5127212.0,USD,13,2021-12-31,2022-01-01,2022,0.0180419928,QCOM,US7475251036,2714923,Equity,Common Stock,BBG000CGC1X8,NASDAQ/NGS (GLOBAL SELECT MARKET)
2021-12-31,XLK,PAYPAL HOLDINGS INC,1014313360.2,70450Y103,US,5378690.0,USD,11,2021-12-31,2022-01-01,2022,0.019517892,PYPL,US70450Y1038,BYW36M8,Equity,Common Stock,BBG0077VNXV6,NASDAQ/NGS (GLOBAL SELECT MARKET)
2021-12-31,XLK,PARAMETRIC TECHNOLOGY CORP,58594682.1,69370C100,US,483654.0,USD,73,2021-12-31,2022-01-01,2022,0.0011275063,PTC,US69370C1009,B95N910,Equity,Common Stock,BBG000C2VBB0,
2021-12-31,XLK,PAYCHEX INC,200537473.5,704326107,US,1469139.0,USD,39,2021-12-31,2022-01-01,2022,0.0038588358,PAYX,US7043261079,2674458,Equity,Common Stock,BBG000BQSQ38,
2021-12-31,XLK,PAYCOM SOFTWARE INC,91507045.62,70432V102,US,220398.0,USD,63,2021-12-31,2022-01-01,2022,0.0017608214,PAYC,US70432V1026,BL95MY0,Equity,Common Stock,BBG0064N0ZZ5,
2021-12-31,XLK,ORACLE CORP,643921401.33,68389X105,US,7383573.0,USD,18,2021-12-31,2022-01-01,2022,0.0123906367,ORCL,US68389X1054,2661568,Equity,Common Stock,BBG000BQLTW7,"NEW YORK STOCK EXCHANGE, INC."
2021-12-31,XLK,NXP Semiconductors NV,277303016.48,,US,1217416.0,USD,29,2021-12-31,2022-01-01,2022,0.0053359943,NXPI,NL0009538784,B505PN7,Equity,Common Stock,BBG000BND699,
2021-12-31,XLK,NVIDIA CORP,2283019463.48,67066G104,US,7762468.0,USD,3,2021-12-31,2022-01-01,2022,0.0439309282,NVDA,US67066G1040,2379504,Equity,Common Stock,BBG000BBJQV0,NASDAQ/NGS (GLOBAL SELECT MARKET)
2021-12-31,XLK,NETAPP INC,94175406.43,64110D104,US,1023757.0,USD,60,2021-12-31,2022-01-01,2022,0.0018121672,NTAP,US64110D1046,2630643,Equity,Common Stock,BBG000FP1N32,NASDAQ/NGS (GLOBAL SELECT MARKET)
2021-12-31,XLK,SERVICENOW INC,591324929.58,81762P102,US,910978.0,USD,19,2021-12-31,2022-01-01,2022,0.0113785508,NOW,US81762P1021,B80NXX8,Equity,Common Stock,BBG000M1R011,
2021-12-31,XLK,Nortonlifelock Inc,69190455.6,668771108,US,2663220.0,USD,68,2021-12-31,2022-01-01,2022,0.0013313951,NLOK,US6687711084,BJN4XN5,Equity,Common Stock,BBG000BH2JM1,
2021-12-31,XLK,MICRON TECHNOLOGY INC,477013791.15,595112103,US,5120921.0,USD,21,2021-12-31,2022-01-01,2022,0.0091789224,MU,US5951121038,2588184,Equity,Common Stock,BBG000C5Z1S3,NASDAQ/NGS (GLOBAL SELECT MARKET)
2021-12-31,XLK,MOTOROLA SOLUTIONS INC,210068387.1,620076307,US,773163.0,USD,38,2021-12-31,2022-01-01,2022,0.0040422341,MSI,US6200763075,B5BKPQ4,Equity,Common Stock,BBG000BP8Z50,"NEW YORK STOCK EXCHANGE, INC."
2021-12-31,XLK,MICROSOFT CORP,11124573343.04,594918104,US,33077347.0,USD,2,2021-12-31,2022-01-01,2022,0.2140642427,MSFT,US5949181045,2588173,Equity,Common Stock,BBG000BPH459,NASDAQ/NGS (GLOBAL SELECT MARKET)
2021-12-31,XLK,MONOLITHIC POWER SYSTEMS INC,97872725.36,609839105,US,198392.0,USD,57,2021-12-31,2022-01-01,2022,0.0018833128,MPWR,US6098391054,B01Z7J1,Equity,Common Stock,BBG000C30L48,
2021-12-31,XLK,MICROCHIP TECHNOLOGY INC,221146416.66,595017104,US,2540161.0,USD,36,2021-12-31,2022-01-01,2022,0.0042554028,MCHP,US5950171042,2592174,Equity,Common Stock,BBG000BHCP19,NASDAQ/NGS (GLOBAL SELECT MARKET)
2021-12-31,XLK,MASTERCARD INC - A,1426954939.8,57636Q104,US,3971265.0,USD,5,2021-12-31,2022-01-01,2022,0.0274581343,MA,US57636Q1040,B121557,Equity,Common Stock,BBG000F1ZSQ2,"NEW YORK STOCK EXCHANGE, INC."
2021-12-31,XLK,LAM RESEARCH CORP,463519502.7,512807108,US,644538.0,USD,23,2021-12-31,2022-01-01,2022,0.008919259,LRCX,US5128071082,2502247,Equity,Common Stock,BBG000BNFLM9,NASDAQ/NGS (GLOBAL SELECT MARKET)
2021-12-31,XLK,KLA Corporation,298547953.2,482480100,US,694120.0,USD,26,2021-12-31,2022-01-01,2022,0.0057447993,KLAC,US4824801009,2480138,Equity,Common Stock,BBG000BMTFR4,NASDAQ/NGS (GLOBAL SELECT MARKET)
2021-12-31,XLK,KEYSIGHT TEC,174142242.13,49338L103,US,843263.0,USD,42,2021-12-31,2022-01-01,2022,0.0033509265,KEYS,US49338L1035,BQZJ0Q9,Equity,Common Stock,BBG0059FN811,
2021-12-31,XLK,JUNIPER NETWORKS INC,53159334.4,48203R104,US,1488640.0,USD,76,2021-12-31,2022-01-01,2022,0.0010229168,JNPR,US48203R1041,2431846,Equity,Common Stock,BBG000BY33P5,"NEW YORK STOCK EXCHANGE, INC."
2021-12-31,XLK,JACK HENRY,56594079.93,426281101,US,338907.0,USD,74,2021-12-31,2022-01-01,2022,0.0010890098,JKHY,US4262811015,2469193,Equity,Common Stock,BBG000BMH2Q7,
2021-12-31,XLK,Gartner Inc,125892876.48,366651107,US,376564.0,USD,49,2021-12-31,2022-01-01,2022,0.0024224896,IT,US3666511072,2372763,Equity,Common Stock,BBG000BB65D0,"NEW YORK STOCK EXCHANGE, INC."
2021-12-31,XLK,IPG PHOTONICS CORP,27775305.42,44980X109,US,161353.0,USD,78,2021-12-31,2022-01-01,2022,0.0005344654,IPGP,US44980X1090,2698782,Equity,Common Stock,BBG000DCGRL8,
2021-12-31,XLK,INTUIT INC,833835674.12,461202103,US,1296346.0,USD,14,2021-12-31,2022-01-01,2022,0.016045056,INTU,US4612021034,2459020,Equity,Common Stock,BBG000BH5DV1,NASDAQ/NGS (GLOBAL SELECT MARKET)
2021-12-31,XLK,INTEL CORP,958842707.5,458140100,US,18618305.0,USD,12,2021-12-31,2022-01-01,2022,0.0184504998,INTC,US4581401001,2463247,Equity,Common Stock,BBG000C0G1D1,NASDAQ/NGS (GLOBAL SELECT MARKET)
2021-12-31,XLK,International Business Machines Corporation,548739793.4,459200101,US,4105490.0,USD,20,2021-12-31,2022-01-01,2022,0.0105591077,IBM,US4592001014,2005973,Equity,Common Stock,BBG000BLNNH6,"NEW YORK STOCK EXCHANGE, INC."
2021-12-31,XLK,HP INC,198751440.4,40434L105,US,5276120.0,USD,40,2021-12-31,2022-01-01,2022,0.0038244682,HPQ,US40434L1052,BYX4D52,Equity,Common Stock,BBG000KHWT55,
2021-12-31,XLK,HEWLETT-PACKARD ENTERPRIS,94431926.98,42824C109,US,5988074.0,USD,59,2021-12-31,2022-01-01,2022,0.0018171033,HPE,US42824C1099,BYVYWS0,Equity,Common Stock,BBG0078W3NQ3,
2021-12-31,XLK,GLOBAL PAYMENTS INC,179552023.92,37940X102,US,1328244.0,USD,41,2021-12-31,2022-01-01,2022,0.003455024,GPN,US37940X1028,2712013,Equity,Common Stock,BBG000CX0P89,
2021-12-31,XLK,CORNING INC,130906860.18,219350105,US,3516166.0,USD,47,2021-12-31,2022-01-01,2022,0.002518971,GLW,US2193501051,2224701,Equity,Common Stock,BBG000BKFZM4,"NEW YORK STOCK EXCHANGE, INC."
2021-12-31,XLK,FORTINET INC,223263952.2,34959E109,US,621213.0,USD,35,2021-12-31,2022-01-01,2022,0.0042961494,FTNT,US34959E1091,B5B2106,Equity,Common Stock,BBG000BCMBG4,
2021-12-31,XLK,FLEETCOR TECHNOLOGIES INC,83215206.08,339041105,US,371762.0,USD,65,2021-12-31,2022-01-01,2022,0.0016012659,FLT,US3390411052,B4R28B3,Equity,Common Stock,BBG000GPXKX9,
2021-12-31,XLK,FISERV INC,282334955.08,337738108,US,2720252.0,USD,28,2021-12-31,2022-01-01,2022,0.0054328212,FISV,US3377381088,2342034,Equity,Common Stock,BBG000BJKPG0,NASDAQ/NGS (GLOBAL SELECT MARKET)
2021-12-31,XLK,FIDELITY NATIONAL INFO SERV,304273634.75,31620M106,US,2787665.0,USD,25,2021-12-31,2022-01-01,2022,0.0058549756,FIS,US31620M1062,2769796,Equity,,BBG000BK2F42,
2021-12-31,XLK,F5 NETWORKS INC,67559781.51,315616102,US,276081.0,USD,69,2021-12-31,2022-01-01,2022,0.0013000169,FFIV,US3156161024,2427599,Equity,Common Stock,BBG000CXYSZ6,
2021-12-31,XLK,EPAM SYSTEMS INC,173559031.8,29414B104,US,259644.0,USD,43,2021-12-31,2022-01-01,2022,0.0033397041,EPAM,US29414B1044,B44Z3T8,Equity,Common Stock,BBG000MHTV89,
2021-12-31,XLK,ENPHASE ENERGY INC,112979719.32,29355A107,US,617578.0,USD,52,2021-12-31,2022-01-01,2022,0.0021740086,ENPH,US29355A1079,B65SQW4,Equity,Common Stock,BBG001R3MNY9,
2021-12-31,XLK,DXC Technology Co.,37168923.87,23355L106,US,1154673.0,USD,77,2021-12-31,2022-01-01,2022,0.0007152218,DXC,US23355L1061,BYXD7B3,Equity,Common Stock,BBG00FN64XT9,
2021-12-31,XLK,CITRIX SYSTEMS INC,54006160.5,177376100,US,570950.0,USD,75,2021-12-31,2022-01-01,2022,0.0010392118,CTXS,US1773761002,2182553,Equity,Common Stock,BBG000FQ6PY6,NASDAQ/NGS (GLOBAL SELECT MARKET)
2021-12-31,XLK,COGNIZANT TECH SOLUTIONS-A,213328748.24,192446102,US,2404517.0,USD,37,2021-12-31,2022-01-01,2022,0.0041049715,CTSH,US1924461023,2257019,Equity,Common Stock,BBG000BBDV81,NASDAQ/NGS (GLOBAL SELECT MARKET)
2021-12-31,XLK,CISCO SYSTEMS INC,1223531357.06,17275R102,US,19307738.0,USD,8,2021-12-31,2022-01-01,2022,0.0235437626,CSCO,US17275R1023,2198163,Equity,Common Stock,BBG000C3J3C9,NASDAQ/NGS (GLOBAL SELECT MARKET)
2021-12-31,XLK,SALESFORCE.COM INC,1138939757.73,79466L302,US,4481721.0,USD,10,2021-12-31,2022-01-01,2022,0.0219160114,CRM,US79466L3024,2310525,Equity,,BBG000BN2DC2,
2021-12-31,XLK,CDW CORP/DE,126732812.94,12514G108,US,618873.0,USD,48,2021-12-31,2022-01-01,2022,0.0024386521,CDW,US12514G1085,BBM5MD6,Equity,Common Stock,BBG001P63B80,
2021-12-31,XLK,CADENCE DESIGN SYS INC,236423735.8,127387108,US,1268708.0,USD,34,2021-12-31,2022-01-01,2022,0.0045493761,CDNS,US1273871087,2302232,Equity,Common Stock,BBG000C13CD9,NASDAQ/NGS (GLOBAL SELECT MARKET)
2021-12-31,XLK,Ceridian HCM Holding Inc.,65127049.44,15677J108,US,623464.0,USD,71,2021-12-31,2022-01-01,2022,0.0012532051,CDAY,US15677J1088,BFX1V56,Equity,Common Stock,BBG005D7PF34,
2021-12-31,XLK,"Broadridge Financial Solutions, Inc.",97574141.94,11133T103,US,533717.0,USD,58,2021-12-31,2022-01-01,2022,0.0018775673,BR,US11133T1034,B1VP7R6,Equity,Common Stock,BBG000PPFKQ7,
2021-12-31,XLK,Broadcom Inc.,1253832728.41,11135F101,US,1884301.0,USD,6,2021-12-31,2022-01-01,2022,0.0241268357,AVGO,US11135F1012,BDZ78H9,Equity,Common Stock,BBG00KHY5S69,
2021-12-31,XLK,AMPHENOL CORP-CL A,239433819.48,032095101,US,2737638.0,USD,33,2021-12-31,2022-01-01,2022,0.0046072975,APH,US0320951017,2145084,Equity,Common Stock,BBG000B9YJ35,
2021-12-31,XLK,ANSYS INC,160227384.0,03662Q105,US,399450.0,USD,44,2021-12-31,2022-01-01,2022,0.0030831703,ANSS,US03662Q1058,2045623,Equity,Common Stock,BBG000GXZ4W7,NASDAQ/NGS (GLOBAL SELECT MARKET)
2021-12-31,XLK,ARISTA NETWORKS INC,147621043.75,040413106,US,1026929.0,USD,45,2021-12-31,2022-01-01,2022,0.0028405932,ANET,US0404131064,BN33VM5,Equity,Common Stock,BBG000N2HDY5,
2021-12-31,XLK,ADVANCED MICRO DEVICES INC,795521362.7,007903107,US,5528293.0,USD,16,2021-12-31,2022-01-01,2022,0.0153077941,AMD,US0079031078,2007849,Equity,Common Stock,BBG000BBQCY0,NASDAQ CAPITAL MARKET
2021-12-31,XLK,APPLIED MATERIALS INC,650441895.04,038222105,US,4133464.0,USD,17,2021-12-31,2022-01-01,2022,0.0125161071,AMAT,US0382221051,2046552,Equity,Common Stock,BBG000BBPFB9,
2021-12-31,XLK,AKAMAI TECHNOLOGIES INC,87055054.24,00971T101,US,743806.0,USD,64,2021-12-31,2022-01-01,2022,0.0016751541,AKAM,US00971T1016,2507457,Equity,Common Stock,BBG000BJQWD2,
2021-12-31,XLK,AUTODESK INC,283013517.15,052769106,US,1006485.0,USD,27,2021-12-31,2022-01-01,2022,0.0054458784,ADSK,US0527691069,2065159,Equity,Common Stock,BBG000BM7HL0,
2021-12-31,XLK,AUTOMATIC DATA PROCESSING,475673532.72,053015103,US,1929084.0,USD,22,2021-12-31,2022-01-01,2022,0.0091531326,ADP,US0530151036,2065308,Equity,,BBG000JG0547,
2021-12-31,XLK,ANALOG DEVICES INC,432429529.77,032654105,US,2460201.0,USD,24,2021-12-31,2022-01-01,2022,0.0083210112,ADI,US0326541051,2032067,Equity,,BBG000BB6G37,
2021-12-31,XLK,ADOBE SYSTEMS INC,1235121324.84,00724F101,US,2178114.0,USD,7,2021-12-31,2022-01-01,2022,0.0237667821,ADBE,US00724F1012,2008154,Equity,Common Stock,BBG000BB5006,NASDAQ/NGS (GLOBAL SELECT MARKET)
2021-12-31,XLK,ACCENTURE PLC-CL A,1198687492.45,,US,2891539.0,USD,9,2021-12-31,2022-01-01,2022,0.0230657053,ACN,IE00B4BNMY34,B4BNMY3,Equity,Common Stock,BBG000D9D830,
2021-12-31,XLK,APPLE INC,12193087498.47,037833100,US,68666371.0,USD,1,2021-12-31,2022-01-01,2022,0.2346250918,AAPL,US0378331005,2046251,Equity,Common Stock,BBG000B9XRY4,NASDAQ/NGS (GLOBAL SELECT MARKET)
2022-12-30,XLK,STATE STREET INSTITUTIONAL LIQ STATE ST INST LIQ RES PREM,73754124.71,964WKM905,,73739376.83,USD,57,2022-12-30,2023-01-01,2023,0.0019366985,,,,,,,
2022-12-30,XLK,XAK TECHNOLOGY    MAR23 XCME 20230317,59885160.0,ADI24S7C0,,47400.0,USD,68,2022-12-30,2023-01-01,2023,0.0015725154,,,,,,,
2022-12-30,XLK,US DOLLAR,8271252.59,999USDZ92,US,8271252.59,USD,79,2022-12-30,2023-01-01,2023,0.0002171936,,,,,Currency,,
2022-12-30,XLK,ZEBRA TECHNOLOGIES CORP-CL A,62001989.28,989207105,US,241808.0,USD,65,2022-12-30,2023-01-01,2023,0.0016281009,ZBRA,US9892071054,2989356,Equity,Common Stock,BBG000CC7LQ7,
2022-12-30,XLK,WESTERN DIGITAL CORP,46934095.5,958102105,US,1487610.0,USD,74,2022-12-30,2023-01-01,2023,0.0012324354,WDC,US9581021055,2954699,Equity,Common Stock,BBG000BWNFZ9,NASDAQ/NGS (GLOBAL SELECT MARKET)
2022-12-30,XLK,VERISIGN INC,88745765.76,92343E102,US,431979.0,USD,51,2022-12-30,2023-01-01,2023,0.0023303617,VRSN,US92343E1029,2142922,Equity,Common Stock,BBG000BGKHZ3,NASDAQ/NGS (GLOBAL SELECT MARKET)
2022-12-30,XLK,VISA INC-CLASS A SHARES,1590801491.44,92826C839,US,7656919.0,USD,4,2022-12-30,2023-01-01,2023,0.0417726173,V,US92826C8394,B2PZN04,Equity,Common Stock,BBG000PSKYX7,"NEW YORK STOCK EXCHANGE, INC."
2022-12-30,XLK,TYLER TECHNOLOGIES INC,62859310.47,902252105,US,194967.0,USD,63,2022-12-30,2023-01-01,2023,0.0016506132,TYL,US9022521051,2909644,Equity,Common Stock,BBG000BVWZF9,
2022-12-30,XLK,TEXAS INSTRUMENTS INC,702228948.52,882508104,US,4250266.0,USD,10,2022-12-30,2023-01-01,2023,0.0184397244,TXN,US8825081040,2885409,Equity,Common Stock,BBG000BVV7G1,NASDAQ/NGS (GLOBAL SELECT MARKET)
2022-12-30,XLK,TRIMBLE INC,58393715.84,896239100,US,1154939.0,USD,70,2022-12-30,2023-01-01,2023,0.0015333518,TRMB,US8962391004,2903958,Equity,Common Stock,BBG000BNPS52,
2022-12-30,XLK,TERADYNE INC,63712740.6,880770102,US,729396.0,USD,61,2022-12-30,2023-01-01,2023,0.0016730233,TER,US8807701029,2884183,Equity,Common Stock,BBG000BV4DR6,
2022-12-30,XLK,TE CONNECTIVITY LTD,171008490.8,,US,1489621.0,USD,37,2022-12-30,2023-01-01,2023,0.0044904863,TEL,CH0102993182,B62B7C3,Equity,Common Stock,BBG000RGM5P1,
2022-12-30,XLK,TELEDYNE TECH,87791442.48,879360105,US,219528.0,USD,53,2022-12-30,2023-01-01,2023,0.0023053023,TDY,US8793601050,2503477,Equity,Common Stock,BBG000BMT9T6,"NEW YORK STOCK EXCHANGE, INC."
2022-12-30,XLK,SKYWORKS SOLUTIONS INC,68471072.28,83088M102,US,751356.0,USD,60,2022-12-30,2023-01-01,2023,0.0017979716,SWKS,US83088M1027,2961053,Equity,Common Stock,BBG000KLB4Q1,NASDAQ/NGS (GLOBAL SELECT MARKET)
2022-12-30,XLK,SEAGATE TECHNOLOGY-ORDINARY SHARES,47303913.23,,US,899143.0,USD,73,2022-12-30,2023-01-01,2023,0.0012421463,STX,IE00BKVD2N49,BKVD2N4,Equity,Common Stock,BBG0113JGQF0,
2022-12-30,XLK,SYNOPSYS INC,228631116.69,871607107,US,716061.0,USD,27,2022-12-30,2023-01-01,2023,0.0060035901,SNPS,US8716071076,2867719,Equity,Common Stock,BBG000BSFRF3,
2022-12-30,XLK,SOLAREDGE TECHNOLOGIES INC,74152154.44,83417M104,US,261772.0,USD,54,2022-12-30,2023-01-01,2023,0.0019471503,SEDG,US83417M1045,BWC52Q6,Equity,Common Stock,BBG0084BBZY6,
2022-12-30,XLK,ROPER TECHNOLOGIES INC,214584535.8,776696106,US,496620.0,USD,28,2022-12-30,2023-01-01,2023,0.0056347431,ROP,US7766961061,2749602,Equity,Common Stock,BBG000F1ZSN5,"NEW YORK STOCK EXCHANGE, INC."
2022-12-30,XLK,QORVO INC,43039316.32,74736K101,US,474838.0,USD,76,2022-12-30,2023-01-01,2023,0.0011301629,QRVO,US74736K1016,BR9YYP4,Equity,Common Stock,BBG007TJF1N7,NASDAQ/NGS (GLOBAL SELECT MARKET)
2022-12-30,XLK,QUALCOMM INC,577160263.5,747525103,US,5249775.0,USD,14,2022-12-30,2023-01-01,2023,0.0151555646,QCOM,US7475251036,2714923,Equity,Common Stock,BBG000CGC1X8,NASDAQ/NGS (GLOBAL SELECT MARKET)
2022-12-30,XLK,PAYPAL HOLDINGS INC,380234463.84,70450Y103,US,5338872.0,USD,21,2022-12-30,2023-01-01,2023,0.0099845196,PYPL,US70450Y1038,BYW36M8,Equity,Common Stock,BBG0077VNXV6,NASDAQ/NGS (GLOBAL SELECT MARKET)
2022-12-30,XLK,PARAMETRIC TECHNOLOGY CORP,59431683.96,69370C100,US,495099.0,USD,69,2022-12-30,2023-01-01,2023,0.0015606077,PTC,US69370C1009,B95N910,Equity,Common Stock,BBG000C2VBB0,
2022-12-30,XLK,PAYCHEX INC,173588338.44,704326107,US,1502149.0,USD,36,2022-12-30,2023-01-01,2023,0.0045582301,PAYX,US7043261079,2674458,Equity,Common Stock,BBG000BQSQ38,
2022-12-30,XLK,PAYCOM SOFTWARE INC,70628728.17,70432V102,US,227607.0,USD,58,2022-12-30,2023-01-01,2023,0.0018546292,PAYC,US70432V1026,BL95MY0,Equity,Common Stock,BBG0064N0ZZ5,
2022-12-30,XLK,ORACLE CORP,588287030.48,68389X105,US,7197052.0,USD,13,2022-12-30,2023-01-01,2023,0.0154477407,ORCL,US68389X1054,2661568,Equity,Common Stock,BBG000BQLTW7,"NEW YORK STOCK EXCHANGE, INC."
2022-12-30,XLK,ON Semiconductor Corporation,126304114.86,682189105,US,2025078.0,USD,43,2022-12-30,2023-01-01,2023,0.0033166008,ON,US6821891057,2583576,Equity,Common Stock,BBG000DV7MX4,NASDAQ/NGS (GLOBAL SELECT MARKET)
2022-12-30,XLK,NXP Semiconductors NV,191770195.15,,US,1213505.0,USD,32,2022-12-30,2023-01-01,2023,0.0050356647,NXPI,NL0009538784,B505PN7,Equity,Common Stock,BBG000BND699,
2022-12-30,XLK,NVIDIA CORP,1704121441.62,67066G104,US,11660883.0,USD,3,2022-12-30,2023-01-01,2023,0.0447482688,NVDA,US67066G1040,2379504,Equity,Common Stock,BBG000BBJQV0,NASDAQ/NGS (GLOBAL SELECT MARKET)
2022-12-30,XLK,NETAPP INC,61137476.4,64110D104,US,1017940.0,USD,66,2022-12-30,2023-01-01,2023,0.0016053998,NTAP,US64110D1046,2630643,Equity,Common Stock,BBG000FP1N32,NASDAQ/NGS (GLOBAL SELECT MARKET)
2022-12-30,XLK,SERVICENOW INC,367310020.59,81762P102,US,946017.0,USD,22,2022-12-30,2023-01-01,2023,0.0096451386,NOW,US81762P1021,B80NXX8,Equity,Common Stock,BBG000M1R011,
2022-12-30,XLK,Nortonlifelock Inc,58179428.37,668771108,US,2714859.0,USD,71,2022-12-30,2023-01-01,2023,0.0015277249,NLOK,US6687711084,BJN4XN5,Equity,Common Stock,BBG000BH2JM1,
2022-12-30,XLK,MICRON TECHNOLOGY INC,254465922.9,595112103,US,5091355.0,USD,25,2022-12-30,2023-01-01,2023,0.0066819824,MU,US5951121038,2588184,Equity,Common Stock,BBG000C5Z1S3,NASDAQ/NGS (GLOBAL SELECT MARKET)
2022-12-30,XLK,MOTOROLA SOLUTIONS INC,201795176.72,620076307,US,783032.0,USD,31,2022-12-30,2023-01-01,2023,0.0052989092,MSI,US6200763075,B5BKPQ4,Equity,Common Stock,BBG000BP8Z50,"NEW YORK STOCK EXCHANGE, INC."
2022-12-30,XLK,MICROSOFT CORP,8372136105.06,594918104,US,34910083.0,USD,1,2022-12-30,2023-01-01,2023,0.2198426638,MSFT,US5949181045,2588173,Equity,Common Stock,BBG000BPH459,NASDAQ/NGS (GLOBAL SELECT MARKET)
2022-12-30,XLK,MONOLITHIC POWER SYSTEMS INC,73846497.96,609839105,US,208836.0,USD,56,2022-12-30,2023-01-01,2023,0.0019391241,MPWR,US6098391054,B01Z7J1,Equity,Common Stock,BBG000C30L48,
2022-12-30,XLK,MICROCHIP TECHNOLOGY INC,180948826.0,595017104,US,2575784.0,USD,35,2022-12-30,2023-01-01,2023,0.004751508,MCHP,US5950171042,2592174,Equity,Common Stock,BBG000BHCP19,NASDAQ/NGS (GLOBAL SELECT MARKET)
2022-12-30,XLK,MASTERCARD INC - A,1382373144.33,57636Q104,US,3975421.0,USD,5,2022-12-30,2023-01-01,2023,0.0362995286,MA,US57636Q1040,B121557,Equity,Common Stock,BBG000F1ZSQ2,"NEW YORK STOCK EXCHANGE, INC."
2022-12-30,XLK,LAM RESEARCH CORP,268435943.1,512807108,US,638677.0,USD,24,2022-12-30,2023-01-01,2023,0.0070488191,LRCX,US5128071082,2502247,Equity,Common Stock,BBG000BNFLM9,NASDAQ/NGS (GLOBAL SELECT MARKET)
2022-12-30,XLK,KLA Corporation,250231040.7,482480100,US,663690.0,USD,26,2022-12-30,2023-01-01,2023,0.0065707793,KLAC,US4824801009,2480138,Equity,Common Stock,BBG000BMTFR4,NASDAQ/NGS (GLOBAL SELECT MARKET)
2022-12-30,XLK,KEYSIGHT TEC,143239990.26,49338L103,US,837318.0,USD,40,2022-12-30,2023-01-01,2023,0.0037613174,KEYS,US49338L1035,BQZJ0Q9,Equity,Common Stock,BBG0059FN811,
2022-12-30,XLK,JUNIPER NETWORKS INC,48577665.92,48203R104,US,1519952.0,USD,72,2022-12-30,2023-01-01,2023,0.0012755936,JNPR,US48203R1041,2431846,Equity,Common Stock,BBG000BY33P5,"NEW YORK STOCK EXCHANGE, INC."
2022-12-30,XLK,JACK HENRY,59971822.68,426281101,US,341603.0,USD,67,2022-12-30,2023-01-01,2023,0.0015747911,JKHY,US4262811015,2469193,Equity,Common Stock,BBG000BMH2Q7,
2022-12-30,XLK,Gartner Inc,124380539.64,366651107,US,370026.0,USD,45,2022-12-30,2023-01-01,2023,0.0032660899,IT,US3666511072,2372763,Equity,Common Stock,BBG000BB65D0,"NEW YORK STOCK EXCHANGE, INC."
2022-12-30,XLK,INTUIT INC,513788304.12,461202103,US,1320046.0,USD,15,2022-12-30,2023-01-01,2023,0.0134914899,INTU,US4612021034,2459020,Equity,Common Stock,BBG000BH5DV1,NASDAQ/NGS (GLOBAL SELECT MARKET)
2022-12-30,XLK,INTEL CORP,510817103.1,458140100,US,19327170.0,USD,16,2022-12-30,2023-01-01,2023,0.0134134695,INTC,US4581401001,2463247,Equity,Common Stock,BBG000C0G1D1,NASDAQ/NGS (GLOBAL SELECT MARKET)
2022-12-30,XLK,International Business Machines Corporation,596542489.89,459200101,US,4234101.0,USD,12,2022-12-30,2023-01-01,2023,0.0156645196,IBM,US4592001014,2005973,Equity,Common Stock,BBG000BLNNH6,"NEW YORK STOCK EXCHANGE, INC."
2022-12-30,XLK,HP INC,111392057.04,40434L105,US,4145592.0,USD,48,2022-12-30,2023-01-01,2023,0.0029250273,HPQ,US40434L1052,BYX4D52,Equity,Common Stock,BBG000KHWT55,
2022-12-30,XLK,HEWLETT-PACKARD ENTERPRIS,96170762.52,42824C109,US,6025737.0,USD,50,2022-12-30,2023-01-01,2023,0.0025253336,HPE,US42824C1099,BYVYWS0,Equity,Common Stock,BBG0078W3NQ3,
2022-12-30,XLK,GLOBAL PAYMENTS INC,125775073.84,37940X102,US,1266362.0,USD,44,2022-12-30,2023-01-01,2023,0.0033027088,GPN,US37940X1028,2712013,Equity,Common Stock,BBG000CX0P89,
2022-12-30,XLK,CORNING INC,113863321.22,219350105,US,3564913.0,USD,46,2022-12-30,2023-01-01,2023,0.0029899198,GLW,US2193501051,2224701,Equity,Common Stock,BBG000BKFZM4,"NEW YORK STOCK EXCHANGE, INC."
2022-12-30,XLK,FORTINET INC,148461182.93,34959E109,US,3036637.0,USD,39,2022-12-30,2023-01-01,2023,0.0038984199,FTNT,US34959E1091,B5B2106,Equity,Common Stock,BBG000BCMBG4,
2022-12-30,XLK,FIRST SOLAR INC,69553488.6,336433107,US,464340.0,USD,59,2022-12-30,2023-01-01,2023,0.0018263946,FSLR,US3364331070,B1HMF22,Equity,Common Stock,BBG000BFL116,
2022-12-30,XLK,FLEETCOR TECHNOLOGIES INC,63442153.6,339041105,US,345395.0,USD,62,2022-12-30,2023-01-01,2023,0.001665918,FLT,US3390411052,B4R28B3,Equity,Common Stock,BBG000GPXKX9,
2022-12-30,XLK,FISERV INC,300566615.22,337738108,US,2973846.0,USD,23,2022-12-30,2023-01-01,2023,0.0078925336,FISV,US3377381088,2342034,Equity,Common Stock,BBG000BJKPG0,NASDAQ/NGS (GLOBAL SELECT MARKET)
2022-12-30,XLK,FIDELITY NATIONAL INFO SERV,188543411.95,31620M106,US,2778827.0,USD,34,2022-12-30,2023-01-01,2023,0.0049509331,FIS,US31620M1062,2769796,Equity,,BBG000BK2F42,
2022-12-30,XLK,F5 Inc,40230445.32,315616102,US,280332.0,USD,77,2022-12-30,2023-01-01,2023,0.0010564052,FFIV,US3156161024,2427599,Equity,Common Stock,BBG000CXYSZ6,
2022-12-30,XLK,EPAM SYSTEMS INC,88265625.84,29414B104,US,269316.0,USD,52,2022-12-30,2023-01-01,2023,0.0023177538,EPAM,US29414B1044,B44Z3T8,Equity,Common Stock,BBG000MHTV89,
2022-12-30,XLK,ENPHASE ENERGY INC,168663202.56,29355A107,US,636561.0,USD,38,2022-12-30,2023-01-01,2023,0.0044289017,ENPH,US29355A1079,B65SQW4,Equity,Common Stock,BBG001R3MNY9,
2022-12-30,XLK,DXC Technology Co.,28551736.0,23355L106,US,1077424.0,USD,78,2022-12-30,2023-01-01,2023,0.0007497357,DXC,US23355L1061,BYXD7B3,Equity,Common Stock,BBG00FN64XT9,
2022-12-30,XLK,COGNIZANT TECH SOLUTIONS-A,137639859.28,192446102,US,2406712.0,USD,42,2022-12-30,2023-01-01,2023,0.0036142644,CTSH,US1924461023,2257019,Equity,Common Stock,BBG000BBDV81,NASDAQ/NGS (GLOBAL SELECT MARKET)
2022-12-30,XLK,CISCO SYSTEMS INC,916055410.92,17275R102,US,19228703.0,USD,7,2022-12-30,2023-01-01,2023,0.0240545614,CSCO,US17275R1023,2198163,Equity,Common Stock,BBG000C3J3C9,NASDAQ/NGS (GLOBAL SELECT MARKET)
2022-12-30,XLK,SALESFORCE.COM INC,620934350.44,79466L302,US,4683116.0,USD,11,2022-12-30,2023-01-01,2023,0.0163050218,CRM,US79466L3024,2310525,Equity,,BBG000BN2DC2,
2022-12-30,XLK,CDW CORP/DE,113219720.0,12514G108,US,634000.0,USD,47,2022-12-30,2023-01-01,2023,0.0029730196,CDW,US12514G1085,BBM5MD6,Equity,Common Stock,BBG001P63B80,
2022-12-30,XLK,CADENCE DESIGN SYS INC,206370673.92,127387108,US,1284678.0,USD,30,2022-12-30,2023-01-01,2023,0.0054190565,CDNS,US1273871087,2302232,Equity,Common Stock,BBG000C13CD9,NASDAQ/NGS (GLOBAL SELECT MARKET)
2022-12-30,XLK,Ceridian HCM Holding Inc.,46143415.75,15677J108,US,719305.0,USD,75,2022-12-30,2023-01-01,2023,0.001211673,CDAY,US15677J1088,BFX1V56,Equity,Common Stock,BBG005D7PF34,
2022-12-30,XLK,"Broadridge Financial Solutions, Inc.",73904288.7,11133T103,US,550990.0,USD,55,2022-12-30,2023-01-01,2023,0.0019406416,BR,US11133T1034,B1VP7R6,Equity,Common Stock,BBG000PPFKQ7,
2022-12-30,XLK,Broadcom Inc.,1060470000.59,11135F101,US,1896643.0,USD,6,2022-12-30,2023-01-01,2023,0.0278467224,AVGO,US11135F1012,BDZ78H9,Equity,Common Stock,BBG00KHY5S69,
2022-12-30,XLK,AMPHENOL CORP-CL A,212194337.58,032095101,US,2786897.0,USD,29,2022-12-30,2023-01-01,2023,0.0055719792,APH,US0320951017,2145084,Equity,Common Stock,BBG000B9YJ35,
2022-12-30,XLK,ANSYS INC,98563888.2,03662Q105,US,407980.0,USD,49,2022-12-30,2023-01-01,2023,0.0025881743,ANSS,US03662Q1058,2045623,Equity,Common Stock,BBG000GXZ4W7,NASDAQ/NGS (GLOBAL SELECT MARKET)
2022-12-30,XLK,ARISTA NETWORKS INC,140659818.75,040413106,US,1159125.0,USD,41,2022-12-30,2023-01-01,2023,0.003693565,ANET,US0404131064,BN33VM5,Equity,Common Stock,BBG000N2HDY5,
2022-12-30,XLK,ADVANCED MICRO DEVICES INC,489065898.93,007903107,US,7550809.0,USD,17,2022-12-30,2023-01-01,2023,0.0128423079,AMD,US0079031078,2007849,Equity,Common Stock,BBG000BBQCY0,NASDAQ CAPITAL MARKET
2022-12-30,XLK,APPLIED MATERIALS INC,392335255.8,038222105,US,4028910.0,USD,20,2022-12-30,2023-01-01,2023,0.0103022725,AMAT,US0382221051,2046552,Equity,Common Stock,BBG000BBPFB9,
2022-12-30,XLK,AKAMAI TECHNOLOGIES INC,62072197.5,00971T101,US,736325.0,USD,64,2022-12-30,2023-01-01,2023,0.0016299445,AKAM,US00971T1016,2507457,Equity,Common Stock,BBG000BJQWD2,
2022-12-30,XLK,AUTODESK INC,188908377.96,052769106,US,1010908.0,USD,33,2022-12-30,2023-01-01,2023,0.0049605167,ADSK,US0527691069,2065159,Equity,Common Stock,BBG000BM7HL0,
2022-12-30,XLK,AUTOMATIC DATA PROCESSING,464027589.36,053015103,US,1942676.0,USD,18,2022-12-30,2023-01-01,2023,0.0121848307,ADP,US0530151036,2065308,Equity,,BBG000JG0547,
2022-12-30,XLK,ANALOG DEVICES INC,395095288.31,032654105,US,2408677.0,USD,19,2022-12-30,2023-01-01,2023,0.0103747478,ADI,US0326541051,2032067,Equity,,BBG000BB6G37,
2022-12-30,XLK,ADOBE SYSTEMS INC,732686048.87,00724F101,US,2177179.0,USD,9,2022-12-30,2023-01-01,2023,0.0192394928,ADBE,US00724F1012,2008154,Equity,Common Stock,BBG000BB5006,NASDAQ/NGS (GLOBAL SELECT MARKET)
2022-12-30,XLK,ACCENTURE PLC-CL A,787370391.64,,US,2950721.0,USD,8,2022-12-30,2023-01-01,2023,0.0206754408,ACN,IE00B4BNMY34,B4BNMY3,Equity,Common Stock,BBG000D9D830,
2022-12-30,XLK,APPLE INC,8368418790.69,037833100,US,64407133.0,USD,2,2022-12-30,2023-01-01,2023,0.2197450514,AAPL,US0378331005,2046251,Equity,Common Stock,BBG000B9XRY4,NASDAQ/NGS (GLOBAL SELECT MARKET)
2023-12-29,XLK,XAK TECHNOLOGY    MAR24 XCME 20240315,64759200.0,ADI2KSK78,,33000.0,USD,65,2023-12-29,2024-01-01,2024,0.0011078445,,,,,,,
2023-12-29,XLK,STATE STREET INSTITUTIONAL LIQ STATE ST INST LIQ RES PREM,97367938.71,964WKM905,,97329007.11,USD,59,2023-12-29,2024-01-01,2024,0.0016656867,,,,,,,
2023-12-29,XLK,US DOLLAR,1024272.59,999USDZ92,US,1024272.59,USD,67,2023-12-29,2024-01-01,2024,1.75224e-05,,,,,Currency,,
2023-12-29,XLK,ZEBRA TECHNOLOGIES CORP-CL A,89169539.22,989207105,US,326234.0,USD,60,2023-12-29,2024-01-01,2024,0.0015254355,ZBRA,US9892071054,2989356,Equity,Common Stock,BBG000CC7LQ7,
2023-12-29,XLK,WESTERN DIGITAL CORP,107854967.6,958102105,US,2059480.0,USD,55,2023-12-29,2024-01-01,2024,0.0018450897,WDC,US9581021055,2954699,Equity,Common Stock,BBG000BWNFZ9,NASDAQ/NGS (GLOBAL SELECT MARKET)
2023-12-29,XLK,VERISIGN INC,116204073.72,92343E102,US,564207.0,USD,49,2023-12-29,2024-01-01,2024,0.001987919,VRSN,US92343E1029,2142922,Equity,Common Stock,BBG000BGKHZ3,NASDAQ/NGS (GLOBAL SELECT MARKET)
2023-12-29,XLK,TYLER TECHNOLOGIES INC,111735880.08,902252105,US,267234.0,USD,53,2023-12-29,2024-01-01,2024,0.001911481,TYL,US9022521051,2909644,Equity,Common Stock,BBG000BVWZF9,
2023-12-29,XLK,TEXAS INSTRUMENTS INC,983325783.6,882508104,US,5768660.0,USD,14,2023-12-29,2024-01-01,2024,0.0168218888,TXN,US8825081040,2885409,Equity,Common Stock,BBG000BVV7G1,NASDAQ/NGS (GLOBAL SELECT MARKET)
2023-12-29,XLK,TRIMBLE INC,84063554.4,896239100,US,1580142.0,USD,61,2023-12-29,2024-01-01,2024,0.0014380867,TRMB,US8962391004,2903958,Equity,Common Stock,BBG000BNPS52,
2023-12-29,XLK,TERADYNE INC,105381384.56,880770102,US,971078.0,USD,57,2023-12-29,2024-01-01,2024,0.0018027738,TER,US8807701029,2884183,Equity,Common Stock,BBG000BV4DR6,
2023-12-29,XLK,TE CONNECTIVITY LTD,277347843.0,,US,1974006.0,USD,32,2023-12-29,2024-01-01,2024,0.0047446275,TEL,CH0102993182,B62B7C3,Equity,Common Stock,BBG000RGM5P1,
2023-12-29,XLK,TELEDYNE TECH,133739278.01,879360105,US,299669.0,USD,45,2023-12-29,2024-01-01,2024,0.0022878961,TDY,US8793601050,2503477,Equity,Common Stock,BBG000BMT9T6,"NEW YORK STOCK EXCHANGE, INC."
2023-12-29,XLK,SKYWORKS SOLUTIONS INC,113816593.66,83088M102,US,1012423.0,USD,51,2023-12-29,2024-01-01,2024,0.0019470761,SWKS,US83088M1027,2961053,Equity,Common Stock,BBG000KLB4Q1,NASDAQ/NGS (GLOBAL SELECT MARKET)
2023-12-29,XLK,SEAGATE TECHNOLOGY-ORDINARY SHARES,105488294.2,,US,1235660.0,USD,56,2023-12-29,2024-01-01,2024,0.0018046027,STX,IE00BKVD2N49,BKVD2N4,Equity,Common Stock,BBG0113JGQF0,
2023-12-29,XLK,SYNOPSYS INC,497427775.68,871607107,US,966048.0,USD,23,2023-12-29,2024-01-01,2024,0.0085095651,SNPS,US8716071076,2867719,Equity,Common Stock,BBG000BSFRF3,
2023-12-29,XLK,ROPER TECHNOLOGIES INC,369877673.71,776696106,US,678463.0,USD,28,2023-12-29,2024-01-01,2024,0.006327548,ROP,US7766961061,2749602,Equity,Common Stock,BBG000F1ZSN5,"NEW YORK STOCK EXCHANGE, INC."
2023-12-29,XLK,QORVO INC,69628564.76,74736K101,US,618316.0,USD,63,2023-12-29,2024-01-01,2024,0.0011911454,QRVO,US74736K1016,BR9YYP4,Equity,Common Stock,BBG007TJF1N7,NASDAQ/NGS (GLOBAL SELECT MARKET)
2023-12-29,XLK,QUALCOMM INC,1022466557.79,747525103,US,7069533.0,USD,13,2023-12-29,2024-01-01,2024,0.0174914754,QCOM,US7475251036,2714923,Equity,Common Stock,BBG000CGC1X8,NASDAQ/NGS (GLOBAL SELECT MARKET)
2023-12-29,XLK,PARAMETRIC TECHNOLOGY CORP,132060157.92,69370C100,US,754802.0,USD,46,2023-12-29,2024-01-01,2024,0.0022591712,PTC,US69370C1009,B95N910,Equity,Common Stock,BBG000C2VBB0,
2023-12-29,XLK,PALO ALTO NETWORKS INC,582154455.04,697435105,US,1974208.0,USD,21,2023-12-29,2024-01-01,2024,0.009958996,PANW,US6974351057,B87ZMX0,Equity,Common Stock,BBG0014GJCT9,
2023-12-29,XLK,ORACLE CORP,1063990914.74,68389X105,US,10091918.0,USD,12,2023-12-29,2024-01-01,2024,0.0182018383,ORCL,US68389X1054,2661568,Equity,Common Stock,BBG000BQLTW7,"NEW YORK STOCK EXCHANGE, INC."
2023-12-29,XLK,ON Semiconductor Corporation,228512686.88,682189105,US,2735696.0,USD,35,2023-12-29,2024-01-01,2024,0.0039091978,ON,US6821891057,2583576,Equity,Common Stock,BBG000DV7MX4,NASDAQ/NGS (GLOBAL SELECT MARKET)
2023-12-29,XLK,NXP Semiconductors NV,376031177.28,,US,1637196.0,USD,27,2023-12-29,2024-01-01,2024,0.0064328168,NXPI,NL0009538784,B505PN7,Equity,Common Stock,BBG000BND699,
2023-12-29,XLK,NVIDIA CORP,2650558082.48,67066G104,US,5352284.0,USD,4,2023-12-29,2024-01-01,2024,0.0453434601,NVDA,US67066G1040,2379504,Equity,Common Stock,BBG000BBJQV0,NASDAQ/NGS (GLOBAL SELECT MARKET)
2023-12-29,XLK,NETAPP INC,116916734.08,64110D104,US,1326188.0,USD,48,2023-12-29,2024-01-01,2024,0.0020001106,NTAP,US64110D1046,2630643,Equity,Common Stock,BBG000FP1N32,NASDAQ/NGS (GLOBAL SELECT MARKET)
2023-12-29,XLK,SERVICENOW INC,919958779.46,81762P102,US,1302154.0,USD,16,2023-12-29,2024-01-01,2024,0.0157378608,NOW,US81762P1021,B80NXX8,Equity,Common Stock,BBG000M1R011,
2023-12-29,XLK,MICRON TECHNOLOGY INC,595196832.12,595112103,US,6974418.0,USD,20,2023-12-29,2024-01-01,2024,0.0101821137,MU,US5951121038,2588184,Equity,Common Stock,BBG000C5Z1S3,NASDAQ/NGS (GLOBAL SELECT MARKET)
2023-12-29,XLK,MOTOROLA SOLUTIONS INC,330050085.3,620076307,US,1054170.0,USD,30,2023-12-29,2024-01-01,2024,0.005646212,MSI,US6200763075,B5BKPQ4,Equity,Common Stock,BBG000BP8Z50,"NEW YORK STOCK EXCHANGE, INC."
2023-12-29,XLK,MICROSOFT CORP,13058750857.04,594918104,US,34727026.0,USD,1,2023-12-29,2024-01-01,2024,0.2233978391,MSFT,US5949181045,2588173,Equity,Common Stock,BBG000BPH459,NASDAQ/NGS (GLOBAL SELECT MARKET)
2023-12-29,XLK,MONOLITHIC POWER SYSTEMS INC,191940046.2,609839105,US,304290.0,USD,39,2023-12-29,2024-01-01,2024,0.0032835447,MPWR,US6098391054,B01Z7J1,Equity,Common Stock,BBG000C30L48,
2023-12-29,XLK,MICROCHIP TECHNOLOGY INC,309911054.94,595017104,US,3436583.0,USD,31,2023-12-29,2024-01-01,2024,0.0053016909,MCHP,US5950171042,2592174,Equity,Common Stock,BBG000BHCP19,NASDAQ/NGS (GLOBAL SELECT MARKET)
2023-12-29,XLK,LAM RESEARCH CORP,655677128.38,512807108,US,837113.0,USD,18,2023-12-29,2024-01-01,2024,0.0112167584,LRCX,US5128071082,2502247,Equity,Common Stock,BBG000BNFLM9,NASDAQ/NGS (GLOBAL SELECT MARKET)
2023-12-29,XLK,KLA Corporation,501881631.4,482480100,US,863378.0,USD,22,2023-12-29,2024-01-01,2024,0.0085857578,KLAC,US4824801009,2480138,Equity,Common Stock,BBG000BMTFR4,NASDAQ/NGS (GLOBAL SELECT MARKET)
2023-12-29,XLK,KEYSIGHT TEC,179434270.11,49338L103,US,1127879.0,USD,41,2023-12-29,2024-01-01,2024,0.0030696066,KEYS,US49338L1035,BQZJ0Q9,Equity,Common Stock,BBG0059FN811,
2023-12-29,XLK,JUNIPER NETWORKS INC,59708290.84,48203R104,US,2025383.0,USD,66,2023-12-29,2024-01-01,2024,0.0010214379,JNPR,US48203R1041,2431846,Equity,Common Stock,BBG000BY33P5,"NEW YORK STOCK EXCHANGE, INC."
2023-12-29,XLK,JABIL CIRCUIT INC,103530590.8,466313103,US,812642.0,USD,58,2023-12-29,2024-01-01,2024,0.001771112,JBL,US4663131039,2471789,Equity,Common Stock,BBG000BJNGN9,
2023-12-29,XLK,Gartner Inc,223348169.88,366651107,US,495108.0,USD,36,2023-12-29,2024-01-01,2024,0.0038208477,IT,US3666511072,2372763,Equity,Common Stock,BBG000BB65D0,"NEW YORK STOCK EXCHANGE, INC."
2023-12-29,XLK,INTUIT INC,1112614027.91,461202103,US,1780097.0,USD,11,2023-12-29,2024-01-01,2024,0.0190336405,INTU,US4612021034,2459020,Equity,Common Stock,BBG000BH5DV1,NASDAQ/NGS (GLOBAL SELECT MARKET)
2023-12-29,XLK,INTEL CORP,1345641182.25,458140100,US,26778929.0,USD,9,2023-12-29,2024-01-01,2024,0.023020068,INTC,US4581401001,2463247,Equity,Common Stock,BBG000C0G1D1,NASDAQ/NGS (GLOBAL SELECT MARKET)
2023-12-29,XLK,International Business Machines Corporation,948572336.6,459200101,US,5799892.0,USD,15,2023-12-29,2024-01-01,2024,0.0162273569,IBM,US4592001014,2005973,Equity,Common Stock,BBG000BLNNH6,"NEW YORK STOCK EXCHANGE, INC."
2023-12-29,XLK,HP INC,166214933.34,40434L105,US,5523926.0,USD,42,2023-12-29,2024-01-01,2024,0.0028434616,HPQ,US40434L1052,BYX4D52,Equity,Common Stock,BBG000KHWT55,
2023-12-29,XLK,HEWLETT-PACKARD ENTERPRIS,138359509.38,42824C109,US,8148381.0,USD,44,2023-12-29,2024-01-01,2024,0.0023669351,HPE,US42824C1099,BYVYWS0,Equity,Common Stock,BBG0078W3NQ3,
2023-12-29,XLK,CORNING INC,148512049.35,219350105,US,4877243.0,USD,43,2023-12-29,2024-01-01,2024,0.002540616,GLW,US2193501051,2224701,Equity,Common Stock,BBG000BKFZM4,"NEW YORK STOCK EXCHANGE, INC."
2023-12-29,XLK,GEN DIGITAL INC,81726019.06,668771108,US,3581333.0,USD,62,2023-12-29,2024-01-01,2024,0.0013980982,GEN,US6687711084,BJN4XN5,Equity,Common Stock,BBG000BH2JM1,
2023-12-29,XLK,FORTINET INC,236951505.81,34959E109,US,4048377.0,USD,34,2023-12-29,2024-01-01,2024,0.0040535619,FTNT,US34959E1091,B5B2106,Equity,Common Stock,BBG000BCMBG4,
2023-12-29,XLK,FIRST SOLAR INC,116923507.24,336433107,US,678683.0,USD,47,2023-12-29,2024-01-01,2024,0.0020002264,FSLR,US3364331070,B1HMF22,Equity,Common Stock,BBG000BFL116,
2023-12-29,XLK,FAIR ISAAC CORP,182732109.85,303250104,US,156985.0,USD,40,2023-12-29,2024-01-01,2024,0.0031260232,FICO,US3032501047,2330299,Equity,Common Stock,BBG000DW76Y6,
2023-12-29,XLK,F5 Inc,67871900.7,315616102,US,379215.0,USD,64,2023-12-29,2024-01-01,2024,0.0011610939,FFIV,US3156161024,2427599,Equity,Common Stock,BBG000CXYSZ6,
2023-12-29,XLK,EPAM SYSTEMS INC,108965595.12,29414B104,US,366468.0,USD,54,2023-12-29,2024-01-01,2024,0.0018640894,EPAM,US29414B1044,B44Z3T8,Equity,Common Stock,BBG000MHTV89,
2023-12-29,XLK,ENPHASE ENERGY INC,114607664.8,29355A107,US,867320.0,USD,50,2023-12-29,2024-01-01,2024,0.001960609,ENPH,US29355A1079,B65SQW4,Equity,Common Stock,BBG001R3MNY9,
2023-12-29,XLK,COGNIZANT TECH SOLUTIONS-A,240548774.83,192446102,US,3184811.0,USD,33,2023-12-29,2024-01-01,2024,0.0041151008,CTSH,US1924461023,2257019,Equity,Common Stock,BBG000BBDV81,NASDAQ/NGS (GLOBAL SELECT MARKET)
2023-12-29,XLK,CISCO SYSTEMS INC,1299776387.64,17275R102,US,25727957.0,USD,10,2023-12-29,2024-01-01,2024,0.0222354527,CSCO,US17275R1023,2198163,Equity,Common Stock,BBG000C3J3C9,NASDAQ/NGS (GLOBAL SELECT MARKET)
2023-12-29,XLK,SALESFORCE.COM INC,1626278616.06,79466L302,US,6180279.0,USD,6,2023-12-29,2024-01-01,2024,0.027820971,CRM,US79466L3024,2310525,Equity,,BBG000BN2DC2,
2023-12-29,XLK,CDW CORP/DE,193411357.56,12514G108,US,850833.0,USD,38,2023-12-29,2024-01-01,2024,0.0033087146,CDW,US12514G1085,BBM5MD6,Equity,Common Stock,BBG001P63B80,
2023-12-29,XLK,CADENCE DESIGN SYS INC,470680690.41,127387108,US,1728093.0,USD,24,2023-12-29,2024-01-01,2024,0.008051999,CDNS,US1273871087,2302232,Equity,Common Stock,BBG000C13CD9,NASDAQ/NGS (GLOBAL SELECT MARKET)
2023-12-29,XLK,Broadcom Inc.,3005706282.5,11135F101,US,2692682.0,USD,3,2023-12-29,2024-01-01,2024,0.051419029,AVGO,US11135F1012,BDZ78H9,Equity,Common Stock,BBG00KHY5S69,
2023-12-29,XLK,AMPHENOL CORP-CL A,376729290.28,032095101,US,3800356.0,USD,26,2023-12-29,2024-01-01,2024,0.0064447596,APH,US0320951017,2145084,Equity,Common Stock,BBG000B9YJ35,
2023-12-29,XLK,ANSYS INC,200043043.2,03662Q105,US,551265.0,USD,37,2023-12-29,2024-01-01,2024,0.0034221637,ANSS,US03662Q1058,2045623,Equity,Common Stock,BBG000GXZ4W7,NASDAQ/NGS (GLOBAL SELECT MARKET)
2023-12-29,XLK,ARISTA NETWORKS INC,376946001.52,040413106,US,1600552.0,USD,25,2023-12-29,2024-01-01,2024,0.0064484669,ANET,US0404131064,BN33VM5,Equity,Common Stock,BBG000N2HDY5,
2023-12-29,XLK,ADVANCED MICRO DEVICES INC,1512764021.49,007903107,US,10262289.0,USD,7,2023-12-29,2024-01-01,2024,0.0258790613,AMD,US0079031078,2007849,Equity,Common Stock,BBG000BBQCY0,NASDAQ CAPITAL MARKET
2023-12-29,XLK,APPLIED MATERIALS INC,861150679.43,038222105,US,5313449.0,USD,17,2023-12-29,2024-01-01,2024,0.0147318226,AMAT,US0382221051,2046552,Equity,Common Stock,BBG000BBPFB9,
2023-12-29,XLK,AKAMAI TECHNOLOGIES INC,113384270.7,00971T101,US,958042.0,USD,52,2023-12-29,2024-01-01,2024,0.0019396802,AKAM,US00971T1016,2507457,Equity,Common Stock,BBG000BJQWD2,
2023-12-29,XLK,AUTODESK INC,330579126.48,052769106,US,1357726.0,USD,29,2023-12-29,2024-01-01,2024,0.0056552624,ADSK,US0527691069,2065159,Equity,Common Stock,BBG000BM7HL0,
2023-12-29,XLK,ANALOG DEVICES INC,628469999.84,032654105,US,3165139.0,USD,19,2023-12-29,2024-01-01,2024,0.0107513223,ADI,US0326541051,2032067,Equity,,BBG000BB6G37,
2023-12-29,XLK,ADOBE SYSTEMS INC,1725349898.6,00724F101,US,2891971.0,USD,5,2023-12-29,2024-01-01,2024,0.029515797,ADBE,US00724F1012,2008154,Equity,Common Stock,BBG000BB5006,NASDAQ/NGS (GLOBAL SELECT MARKET)
2023-12-29,XLK,ACCENTURE PLC-CL A,1398870080.37,,US,3986407.0,USD,8,2023-12-29,2024-01-01,2024,0.023930662,ACN,IE00B4BNMY34,B4BNMY3,Equity,Common Stock,BBG000D9D830,
2023-12-29,XLK,APPLE INC,12784738438.81,037833100,US,66403877.0,USD,2,2023-12-29,2024-01-01,2024,0.2187102712,AAPL,US0378331005,2046251,Equity,Common Stock,BBG000B9XRY4,NASDAQ/NGS (GLOBAL SELECT MARKET)
2025-01-02,XLK,SSI US GOV MONEY MARKET CLASS STATE STREET INST US GOV,0.0,924QSGII3,US,0.0,USD,56,2024-12-31,2025-01-01,2025,,,,,,,,
2025-01-02,XLK,SSI US GOV MONEY MARKET CLASS STATE STREET INST US GOV,0.0,924QSGII3,US,0.0,USD,52,2024-12-31,2025-01-01,2025,,,,,,,,
2025-01-02,XLK,SSI US GOV MONEY MARKET CLASS STATE STREET INST US GOV,0.0,924QSGII3,US,0.0,USD,50,2024-12-31,2025-01-01,2025,,,,,,,,
2025-01-02,XLK,SSI US GOV MONEY MARKET CLASS STATE STREET INST US GOV,0.0,924QSGII3,US,0.0,USD,48,2024-12-31,2025-01-01,2025,,,,,,,,
2025-01-02,XLK,SSI US GOV MONEY MARKET CLASS STATE STREET INST US GOV,0.0,924QSGII3,US,0.0,USD,46,2024-12-31,2025-01-01,2025,,,,,,,,
2025-01-02,XLK,SSI US GOV MONEY MARKET CLASS STATE STREET INST US GOV,0.0,924QSGII3,US,0.0,USD,44,2024-12-31,2025-01-01,2025,,,,,,,,
2025-01-02,XLK,SSI US GOV MONEY MARKET CLASS STATE STREET INST US GOV,0.0,924QSGII3,US,0.0,USD,42,2024-12-31,2025-01-01,2025,,,,,,,,
2025-01-02,XLK,SSI US GOV MONEY MARKET CLASS STATE STREET INST US GOV,0.0,924QSGII3,US,0.0,USD,40,2024-12-31,2025-01-01,2025,,,,,,,,
2025-01-02,XLK,SSI US GOV MONEY MARKET CLASS STATE STREET INST US GOV,0.0,924QSGII3,US,0.0,USD,38,2024-12-31,2025-01-01,2025,,,,,,,,
2025-01-02,XLK,SSI US GOV MONEY MARKET CLASS STATE STREET INST US GOV,0.0,924QSGII3,US,0.0,USD,36,2024-12-31,2025-01-01,2025,,,,,,,,
2025-01-02,XLK,SSI US GOV MONEY MARKET CLASS STATE STREET INST US GOV,0.0,924QSGII3,US,0.0,USD,34,2024-12-31,2025-01-01,2025,,,,,,,,
2025-01-02,XLK,SSI US GOV MONEY MARKET CLASS STATE STREET INST US GOV,0.0,924QSGII3,US,0.0,USD,32,2024-12-31,2025-01-01,2025,,,,,,,,
2025-01-02,XLK,SSI US GOV MONEY MARKET CLASS STATE STREET INST US GOV,0.0,924QSGII3,US,0.0,USD,30,2024-12-31,2025-01-01,2025,,,,,,,,
2025-01-02,XLK,SSI US GOV MONEY MARKET CLASS STATE STREET INST US GOV,0.0,924QSGII3,US,0.0,USD,28,2024-12-31,2025-01-01,2025,,,,,,,,
2025-01-02,XLK,SSI US GOV MONEY MARKET CLASS STATE STREET INST US GOV,0.0,924QSGII3,US,0.0,USD,26,2024-12-31,2025-01-01,2025,,,,,,,,
2025-01-02,XLK,SSI US GOV MONEY MARKET CLASS STATE STREET INST US GOV,0.0,924QSGII3,US,0.0,USD,24,2024-12-31,2025-01-01,2025,,,,,,,,
2025-01-02,XLK,SSI US GOV MONEY MARKET CLASS STATE STREET INST US GOV,0.0,924QSGII3,US,0.0,USD,22,2024-12-31,2025-01-01,2025,,,,,,,,
2025-01-02,XLK,SSI US GOV MONEY MARKET CLASS STATE STREET INST US GOV,0.0,924QSGII3,US,0.0,USD,20,2024-12-31,2025-01-01,2025,,,,,,,,
2025-01-02,XLK,SSI US GOV MONEY MARKET CLASS STATE STREET INST US GOV,0.0,924QSGII3,US,0.0,USD,18,2024-12-31,2025-01-01,2025,,,,,,,,
2025-01-02,XLK,SSI US GOV MONEY MARKET CLASS STATE STREET INST US GOV,0.0,924QSGII3,US,0.0,USD,16,2024-12-31,2025-01-01,2025,,,,,,,,
2025-01-02,XLK,SSI US GOV MONEY MARKET CLASS STATE STREET INST US GOV,0.0,924QSGII3,US,0.0,USD,14,2024-12-31,2025-01-01,2025,,,,,,,,
2025-01-02,XLK,SSI US GOV MONEY MARKET CLASS STATE STREET INST US GOV,0.0,924QSGII3,US,0.0,USD,12,2024-12-31,2025-01-01,2025,,,,,,,,
2025-01-02,XLK,SSI US GOV MONEY MARKET CLASS STATE STREET INST US GOV,0.0,924QSGII3,US,0.0,USD,10,2024-12-31,2025-01-01,2025,,,,,,,,
2025-01-02,XLK,SSI US GOV MONEY MARKET CLASS STATE STREET INST US GOV,715256.52,924QSGII3,US,715256.52,USD,206,2024-12-31,2025-01-01,2025,9.8295e-06,,,,,,,
2025-01-02,XLK,SSI US GOV MONEY MARKET CLASS STATE STREET INST US GOV,0.0,924QSGII3,US,0.0,USD,6,2024-12-31,2025-01-01,2025,,,,,,,,
2025-01-02,XLK,SSI US GOV MONEY MARKET CLASS STATE STREET INST US GOV,1660328.13,924QSGII3,US,1660328.13,USD,204,2024-12-31,2025-01-01,2025,2.28173e-05,,,,,,,
2025-01-02,XLK,US DOLLAR,6750270.28,999USDZ92,US,6750270.28,USD,202,2024-12-31,2025-01-01,2025,9.27667e-05,,,,,Currency,,
2025-01-02,XLK,SSI US GOV MONEY MARKET CLASS STATE STREET INST US GOV,9837644.47,924QSGII3,US,9837644.47,USD,200,2024-12-31,2025-01-01,2025,0.0001351954,,,,,,,
2025-01-02,XLK,SSI US GOV MONEY MARKET CLASS STATE STREET INST US GOV,53877946.57,924QSGII3,US,53877946.57,USD,198,2024-12-31,2025-01-01,2025,0.0007404264,,,,,,,
2025-01-02,XLK,SSI US GOV MONEY MARKET CLASS STATE STREET INST US GOV,0.0,924QSGII3,US,0.0,USD,4,2024-12-31,2025-01-01,2025,,,,,,,,
2025-01-02,XLK,SSI US GOV MONEY MARKET CLASS STATE STREET INST US GOV,0.0,924QSGII3,US,0.0,USD,2,2024-12-31,2025-01-01,2025,,,,,,,,
2025-01-02,XLK,XAK TECHNOLOGY    MAR25 XCME 20250321,78064800.0,ADI2SGBY7,,33000.0,USD,194,2024-12-31,2025-01-01,2025,0.0010728182,,,,,,,
2025-01-02,XLK,SSI US GOV MONEY MARKET CLASS STATE STREET INST US GOV,0.0,924QSGII3,US,0.0,USD,54,2024-12-31,2025-01-01,2025,,,,,,,,
2025-01-02,XLK,SSI US GOV MONEY MARKET CLASS STATE STREET INST US GOV,0.0,924QSGII3,US,0.0,USD,8,2024-12-31,2025-01-01,2025,,,,,,,,
2025-01-02,XLK,ZEBRA TECHNOLOGIES CORP-CL A,155428059.48,989207105,US,402434.0,USD,168,2024-12-31,2025-01-01,2025,0.0021359953,ZBRA,US9892071054,2989356,Equity,Common Stock,BBG000CC7LQ7,
2025-01-02,XLK,WESTERN DIGITAL CORP,160856397.25,958102105,US,2697575.0,USD,164,2024-12-31,2025-01-01,2025,0.0022105951,WDC,US9581021055,2954699,Equity,Common Stock,BBG000BWNFZ9,NASDAQ/NGS (GLOBAL SELECT MARKET)
2025-01-02,XLK,WORKDAY INC-CLASS A,428869082.7,98138H101,US,1662090.0,USD,122,2024-12-31,2025-01-01,2025,0.0058938029,WDAY,US98138H1014,B8K6ZD1,Equity,Common Stock,BBG000VC0T95,
2025-01-02,XLK,VERISIGN INC,133456500.32,92343E102,US,644842.0,USD,176,2024-12-31,2025-01-01,2025,0.0018340476,VRSN,US92343E1029,2142922,Equity,Common Stock,BBG000BGKHZ3,NASDAQ/NGS (GLOBAL SELECT MARKET)
2025-01-02,XLK,TYLER TECHNOLOGIES INC,192559125.12,902252105,US,333933.0,USD,154,2024-12-31,2025-01-01,2025,0.002646275,TYL,US9022521051,2909644,Equity,Common Stock,BBG000BVWZF9,
2025-01-02,XLK,TEXAS INSTRUMENTS INC,1334701992.81,882508104,US,7118031.0,USD,84,2024-12-31,2025-01-01,2025,0.0183423587,TXN,US8825081040,2885409,Equity,Common Stock,BBG000BVV7G1,NASDAQ/NGS (GLOBAL SELECT MARKET)
2025-01-02,XLK,TRIMBLE INC,134646163.0,896239100,US,1905550.0,USD,174,2024-12-31,2025-01-01,2025,0.0018503967,TRMB,US8962391004,2903958,Equity,Common Stock,BBG000BNPS52,
2025-01-02,XLK,TERADYNE INC,160017247.2,880770102,US,1270785.0,USD,166,2024-12-31,2025-01-01,2025,0.002199063,TER,US8807701029,2884183,Equity,Common Stock,BBG000BV4DR6,
2025-01-02,XLK,TE CONNECTIVITY LTD,333741733.56,,US,2334348.0,USD,128,2024-12-31,2025-01-01,2025,0.0045864999,TEL,IE000IVNQZ81,BRC3N84,Equity,Common Stock,BBG01Q08MMR1,
2025-01-02,XLK,TELEDYNE TECH,168782266.89,879360105,US,363653.0,USD,162,2024-12-31,2025-01-01,2025,0.0023195177,TDY,US8793601050,2503477,Equity,Common Stock,BBG000BMT9T6,"NEW YORK STOCK EXCHANGE, INC."
2025-01-02,XLK,SKYWORKS SOLUTIONS INC,110519933.04,83088M102,US,1246278.0,USD,188,2024-12-31,2025-01-01,2025,0.0015188381,SWKS,US83088M1027,2961053,Equity,Common Stock,BBG000KLB4Q1,NASDAQ/NGS (GLOBAL SELECT MARKET)
2025-01-02,XLK,SEAGATE TECHNOLOGY-ORDINARY SHARES,142463890.17,,US,1650607.0,USD,172,2024-12-31,2025-01-01,2025,0.0019578331,STX,IE00BKVD2N49,BKVD2N4,Equity,Common Stock,BBG0113JGQF0,
2025-01-02,XLK,SYNOPSYS INC,581762688.56,871607107,US,1198621.0,USD,114,2024-12-31,2025-01-01,2025,0.0079949681,SNPS,US8716071076,2867719,Equity,Common Stock,BBG000BSFRF3,
2025-01-02,XLK,Super Micro Computer Inc,119770519.92,86800U302,US,3929479.0,USD,180,2024-12-31,2025-01-01,2025,0.0016459658,SMCI,US86800U3023,BRC3N73,Equity,Common Stock,BBG000MYZDJ3,
2025-01-02,XLK,ROPER TECHNOLOGIES INC,434981888.25,776696106,US,836745.0,USD,120,2024-12-31,2025-01-01,2025,0.0059778092,ROP,US7766961061,2749602,Equity,Common Stock,BBG000F1ZSN5,"NEW YORK STOCK EXCHANGE, INC."
2025-01-02,XLK,QUALCOMM INC,1331756051.96,747525103,US,8669158.0,USD,86,2024-12-31,2025-01-01,2025,0.0183018736,QCOM,US7475251036,2714923,Equity,Common Stock,BBG000CGC1X8,NASDAQ/NGS (GLOBAL SELECT MARKET)
2025-01-02,XLK,PARAMETRIC TECHNOLOGY CORP,172356796.08,69370C100,US,937384.0,USD,160,2024-12-31,2025-01-01,2025,0.0023686412,PTC,US69370C1009,B95N910,Equity,Common Stock,BBG000C2VBB0,
2025-01-02,XLK,Palantir Technologies Inc. Class A,1209684833.25,69608A108,US,15994775.0,USD,88,2024-12-31,2025-01-01,2025,0.0166242901,PLTR,US69608A1088,BN78DQ4,Equity,Common Stock,BBG000N7QR55,
2025-01-02,XLK,PALO ALTO NETWORKS INC,929298287.72,697435105,US,5107157.0,USD,92,2024-12-31,2025-01-01,2025,0.0127710325,PANW,US6974351057,B87ZMX0,Equity,Common Stock,BBG0014GJCT9,
2025-01-02,XLK,ORACLE CORP,2089859069.04,68389X105,US,12541161.0,USD,68,2024-12-31,2025-01-01,2025,0.0287202273,ORCL,US68389X1054,2661568,Equity,Common Stock,BBG000BQLTW7,"NEW YORK STOCK EXCHANGE, INC."
2025-01-02,XLK,ON Semiconductor Corporation,209481544.35,682189105,US,3322467.0,USD,152,2024-12-31,2025-01-01,2025,0.0028788341,ON,US6821891057,2583576,Equity,Common Stock,BBG000DV7MX4,NASDAQ/NGS (GLOBAL SELECT MARKET)
2025-01-02,XLK,NXP Semiconductors NV,412202092.35,,US,1983171.0,USD,124,2024-12-31,2025-01-01,2025,0.0056647541,NXPI,NL0009538784,B505PN7,Equity,Common Stock,BBG000BND699,
2025-01-02,XLK,NVIDIA CORP,9774385475.66,67066G104,US,72785654.0,USD,60,2024-12-31,2025-01-01,2025,0.1343260782,NVDA,US67066G1040,2379504,Equity,Common Stock,BBG000BBJQV0,NASDAQ/NGS (GLOBAL SELECT MARKET)
2025-01-02,XLK,NETAPP INC,185492357.6,64110D104,US,1597970.0,USD,156,2024-12-31,2025-01-01,2025,0.0025491588,NTAP,US64110D1046,2630643,Equity,Common Stock,BBG000FP1N32,NASDAQ/NGS (GLOBAL SELECT MARKET)
2025-01-02,XLK,SERVICENOW INC,1704050669.56,81762P102,US,1607413.0,USD,74,2024-12-31,2025-01-01,2025,0.0234181928,NOW,US81762P1021,B80NXX8,Equity,Common Stock,BBG000M1R011,
2025-01-02,XLK,MICRON TECHNOLOGY INC,728118992.64,595112103,US,8651604.0,USD,98,2024-12-31,2025-01-01,2025,0.0100062934,MU,US5951121038,2588184,Equity,Common Stock,BBG000C5Z1S3,NASDAQ/NGS (GLOBAL SELECT MARKET)
2025-01-02,XLK,MOTOROLA SOLUTIONS INC,602759937.98,620076307,US,1304026.0,USD,112,2024-12-31,2025-01-01,2025,0.0082835262,MSI,US6200763075,B5BKPQ4,Equity,Common Stock,BBG000BP8Z50,"NEW YORK STOCK EXCHANGE, INC."
2025-01-02,XLK,MICROSOFT CORP,9298667664.0,594918104,US,22060896.0,USD,62,2024-12-31,2025-01-01,2025,0.127788449,MSFT,US5949181045,2588173,Equity,Common Stock,BBG000BPH459,NASDAQ/NGS (GLOBAL SELECT MARKET)
2025-01-02,XLK,MONOLITHIC POWER SYSTEMS INC,225224096.3,609839105,US,380639.0,USD,144,2024-12-31,2025-01-01,2025,0.0030951787,MPWR,US6098391054,B01Z7J1,Equity,Common Stock,BBG000C30L48,
2025-01-02,XLK,MICROCHIP TECHNOLOGY INC,240311869.8,595017104,US,4190268.0,USD,140,2024-12-31,2025-01-01,2025,0.0033025249,MCHP,US5950171042,2592174,Equity,Common Stock,BBG000BHCP19,NASDAQ/NGS (GLOBAL SELECT MARKET)
2025-01-02,XLK,LAM RESH CORP,725192016.97,512807306,US,10040039.0,USD,100,2024-12-31,2025-01-01,2025,0.0099660689,LRCX,US5128073062,BSML4N7,Equity,Common Stock,BBG000BNFLM9,
2025-01-02,XLK,KLA CORPORATION,657681448.8,482480100,US,1043740.0,USD,104,2024-12-31,2025-01-01,2025,0.009038294,KLAC,US4824801009,2480138,Equity,Common Stock,BBG000BMTFR4,NASDAQ/NGS (GLOBAL SELECT MARKET)
2025-01-02,XLK,KEYSIGHT TEC,217523539.7,49338L103,US,1354190.0,USD,146,2024-12-31,2025-01-01,2025,0.0029893525,KEYS,US49338L1035,BQZJ0Q9,Equity,Common Stock,BBG0059FN811,
2025-01-02,XLK,JUNIPER NETWORKS INC,96751925.2,48203R104,US,2583496.0,USD,192,2024-12-31,2025-01-01,2025,0.001329629,JNPR,US48203R1041,2431846,Equity,Common Stock,BBG000BY33P5,"NEW YORK STOCK EXCHANGE, INC."
2025-01-02,XLK,JABIL CIRCUIT INC,126709562.1,466313103,US,880539.0,USD,178,2024-12-31,2025-01-01,2025,0.0017413267,JBL,US4663131039,2471789,Equity,Common Stock,BBG000BJNGN9,
2025-01-02,XLK,Gartner Inc,291579238.44,366651107,US,601852.0,USD,132,2024-12-31,2025-01-01,2025,0.004007075,IT,US3666511072,2372763,Equity,Common Stock,BBG000BB65D0,"NEW YORK STOCK EXCHANGE, INC."
2025-01-02,XLK,INTUIT INC,1374617490.0,461202103,US,2187140.0,USD,82,2024-12-31,2025-01-01,2025,0.0188909039,INTU,US4612021034,2459020,Equity,Common Stock,BBG000BH5DV1,NASDAQ/NGS (GLOBAL SELECT MARKET)
2025-01-02,XLK,INTEL CORP,674773687.4,458140100,US,33654548.0,USD,102,2024-12-31,2025-01-01,2025,0.0092731869,INTC,US4581401001,2463247,Equity,Common Stock,BBG000C0G1D1,NASDAQ/NGS (GLOBAL SELECT MARKET)
2025-01-02,XLK,International Business Machines Corporation,1586089497.59,459200101,US,7215073.0,USD,76,2024-12-31,2025-01-01,2025,0.0217970922,IBM,US4592001014,2005973,Equity,Common Stock,BBG000BLNNH6,"NEW YORK STOCK EXCHANGE, INC."
2025-01-02,XLK,HP INC,245374532.78,40434L105,US,7519906.0,USD,138,2024-12-31,2025-01-01,2025,0.0033720993,HPQ,US40434L1052,BYX4D52,Equity,Common Stock,BBG000KHWT55,
2025-01-02,XLK,HEWLETT-PACKARD ENTERPRIS,216351826.25,42824C109,US,10133575.0,USD,148,2024-12-31,2025-01-01,2025,0.0029732501,HPE,US42824C1099,BYVYWS0,Equity,Common Stock,BBG0078W3NQ3,
2025-01-02,XLK,CORNING INC,285733103.04,219350105,US,6012902.0,USD,134,2024-12-31,2025-01-01,2025,0.0039267335,GLW,US2193501051,2224701,Equity,Common Stock,BBG000BKFZM4,"NEW YORK STOCK EXCHANGE, INC."
2025-01-02,XLK,GEN DIGITAL INC,115851570.24,668771108,US,4231248.0,USD,182,2024-12-31,2025-01-01,2025,0.001592109,GEN,US6687711084,BJN4XN5,Equity,Common Stock,BBG000BH2JM1,
2025-01-02,XLK,GODADDY INC - CLASS A,216221006.07,380237107,US,1095511.0,USD,150,2024-12-31,2025-01-01,2025,0.0029714523,GDDY,US3802371076,BWFRFC6,Equity,Common Stock,BBG006MDLY05,
2025-01-02,XLK,FORTINET INC,468991634.0,34959E109,US,4963925.0,USD,118,2024-12-31,2025-01-01,2025,0.0064451936,FTNT,US34959E1091,B5B2106,Equity,Common Stock,BBG000BCMBG4,
2025-01-02,XLK,FIRST SOLAR INC,147224727.6,336433107,US,835365.0,USD,170,2024-12-31,2025-01-01,2025,0.0020232597,FSLR,US3364331070,B1HMF22,Equity,Common Stock,BBG000BFL116,
2025-01-02,XLK,FAIR ISAAC CORP,378330455.11,303250104,US,190027.0,USD,126,2024-12-31,2025-01-01,2025,0.0051992677,FICO,US3032501047,2330299,Equity,Common Stock,BBG000DW76Y6,
2025-01-02,XLK,F5 Inc,113990093.65,315616102,US,453295.0,USD,184,2024-12-31,2025-01-01,2025,0.0015665274,FFIV,US3156161024,2427599,Equity,Common Stock,BBG000CXYSZ6,
2025-01-02,XLK,EPAM SYSTEMS INC,103496681.88,29414B104,US,442634.0,USD,190,2024-12-31,2025-01-01,2025,0.0014223199,EPAM,US29414B1044,B44Z3T8,Equity,Common Stock,BBG000MHTV89,
2025-01-02,XLK,ENPHASE ENERGY INC,72409117.96,29355A107,US,1054297.0,USD,196,2024-12-31,2025-01-01,2025,0.0009950941,ENPH,US29355A1079,B65SQW4,Equity,Common Stock,BBG001R3MNY9,
2025-01-02,XLK,DELL TECHNOLOGIES - CLASS C,276211380.64,24703L202,US,2396836.0,USD,136,2024-12-31,2025-01-01,2025,0.0037958797,DELL,US24703L2025,BHKD3S6,Equity,Common Stock,BBG00DW3SZS1,
2025-01-02,XLK,COGNIZANT TECH SOLUTIONS-A,297523639.2,192446102,US,3868968.0,USD,130,2024-12-31,2025-01-01,2025,0.0040887669,CTSH,US1924461023,2257019,Equity,Common Stock,BBG000BBDV81,NASDAQ/NGS (GLOBAL SELECT MARKET)
2025-01-02,XLK,CISCO SYSTEMS INC,1841299435.2,17275R102,US,31103031.0,USD,70,2024-12-31,2025-01-01,2025,0.0253043562,CSCO,US17275R1023,2198163,Equity,Common Stock,BBG000C3J3C9,NASDAQ/NGS (GLOBAL SELECT MARKET)
2025-01-02,XLK,Crowdstrike Holdings Inc. Class A,621332449.92,22788C105,US,1815912.0,USD,110,2024-12-31,2025-01-01,2025,0.008538762,CRWD,US22788C1053,BJJP138,Equity,Common Stock,BBG00BLYKS03,
2025-01-02,XLK,SALESFORCE.COM INC,2494010862.24,79466L302,US,7459728.0,USD,66,2024-12-31,2025-01-01,2025,0.0342743489,CRM,US79466L3024,2310525,Equity,,BBG000BN2DC2,
2025-01-02,XLK,CDW CORP/DE,180982455.6,12514G108,US,1039890.0,USD,158,2024-12-31,2025-01-01,2025,0.0024871808,CDW,US12514G1085,BBM5MD6,Equity,Common Stock,BBG001P63B80,
2025-01-02,XLK,CADENCE DESIGN SYS INC,642997920.7,127387108,US,2140045.0,USD,108,2024-12-31,2025-01-01,2025,0.0088365032,CDNS,US1273871087,2302232,Equity,Common Stock,BBG000C13CD9,NASDAQ/NGS (GLOBAL SELECT MARKET)
2025-01-02,XLK,Broadcom Inc.,4257061613.28,11135F101,US,18362067.0,USD,64,2024-12-31,2025-01-01,2025,0.0585033599,AVGO,US11135F1012,BDZ78H9,Equity,Common Stock,BBG00KHY5S69,
2025-01-02,XLK,AMPHENOL CORP-CL A,653343721.65,032095101,US,9407397.0,USD,106,2024-12-31,2025-01-01,2025,0.0089786821,APH,US0320951017,2145084,Equity,Common Stock,BBG000B9YJ35,
2025-01-02,XLK,ANSYS INC,230171053.56,03662Q105,US,682332.0,USD,142,2024-12-31,2025-01-01,2025,0.003163163,ANSS,US03662Q1058,2045623,Equity,Common Stock,BBG000GXZ4W7,NASDAQ/NGS (GLOBAL SELECT MARKET)
2025-01-02,XLK,ADVANCED MICRO DEVICES INC,1529548188.09,007903107,US,12662871.0,USD,78,2024-12-31,2025-01-01,2025,0.0210200641,AMD,US0079031078,2007849,Equity,Common Stock,BBG000BBQCY0,NASDAQ CAPITAL MARKET
2025-01-02,XLK,APPLIED MATERIALS INC,1046179274.4,038222105,US,6432880.0,USD,90,2024-12-31,2025-01-01,2025,0.0143772884,AMAT,US0382221051,2046552,Equity,Common Stock,BBG000BBPFB9,
2025-01-02,XLK,AKAMAI TECHNOLOGIES INC,112121503.9,00971T101,US,1172206.0,USD,186,2024-12-31,2025-01-01,2025,0.001540848,AKAM,US00971T1016,2507457,Equity,Common Stock,BBG000BJQWD2,
2025-01-02,XLK,AUTODESK INC,495868035.19,052769106,US,1677667.0,USD,116,2024-12-31,2025-01-01,2025,0.0068145469,ADSK,US0527691069,2065159,Equity,Common Stock,BBG000BM7HL0,
2025-01-02,XLK,ANALOG DEVICES INC,823099571.94,032654105,US,3874139.0,USD,96,2024-12-31,2025-01-01,2025,0.0113115794,ADI,US0326541051,2032067,Equity,,BBG000BB6G37,
2025-01-02,XLK,ADOBE SYSTEMS INC,1527416657.56,00724F101,US,3434867.0,USD,80,2024-12-31,2025-01-01,2025,0.0209907712,ADBE,US00724F1012,2008154,Equity,Common Stock,BBG000BB5006,NASDAQ/NGS (GLOBAL SELECT MARKET)
2025-01-02,XLK,ACCENTURE PLC-CL A,1715237278.18,,US,4875742.0,USD,72,2024-12-31,2025-01-01,2025,0.0235719266,ACN,IE00B4BNMY34,B4BNMY3,Equity,Common Stock,BBG000D9D830,
2025-01-02,XLK,APPLE INC,11231781245.08,037833100,US,44851774.0,USD,57,2024-12-31,2025-01-01,2025,0.154354576,AAPL,US0378331005,2046251,Equity,Common Stock,BBG000B9XRY4,NASDAQ/NGS (GLOBAL SELECT MARKET)
2025-01-02,XLK,ARISTA NETWORKS INC,890929165.07,040413205,US,8060519.0,USD,94,2024-12-31,2025-01-01,2025,0.0122437386,2512042D,US0404132054,BL9XPM3,Equity,Common Stock,BBG01QQZBFH1,
2024-12-31,XLK,SSI US GOV MONEY MARKET CLASS STATE STREET INST US GOV,0.0,924QSGII3,US,0.0,USD,23,2024-12-31,2025-01-01,2025,,,,,,,,
2024-12-31,XLK,XAK TECHNOLOGY    MAR25 XCME 20250321,78064800.0,ADI2SGBY7,,33000.0,USD,193,2024-12-31,2025-01-01,2025,0.0010728182,,,,,,,
2024-12-31,XLK,SSI US GOV MONEY MARKET CLASS STATE STREET INST US GOV,0.0,924QSGII3,US,0.0,USD,9,2024-12-31,2025-01-01,2025,,,,,,,,
2024-12-31,XLK,SSI US GOV MONEY MARKET CLASS STATE STREET INST US GOV,0.0,924QSGII3,US,0.0,USD,11,2024-12-31,2025-01-01,2025,,,,,,,,
2024-12-31,XLK,SSI US GOV MONEY MARKET CLASS STATE STREET INST US GOV,0.0,924QSGII3,US,0.0,USD,5,2024-12-31,2025-01-01,2025,,,,,,,,
2024-12-31,XLK,SSI US GOV MONEY MARKET CLASS STATE STREET INST US GOV,53877946.57,924QSGII3,US,53877946.57,USD,197,2024-12-31,2025-01-01,2025,0.0007404264,,,,,,,
2024-12-31,XLK,SSI US GOV MONEY MARKET CLASS STATE STREET INST US GOV,0.0,924QSGII3,US,0.0,USD,47,2024-12-31,2025-01-01,2025,,,,,,,,
2024-12-31,XLK,SSI US GOV MONEY MARKET CLASS STATE STREET INST US GOV,0.0,924QSGII3,US,0.0,USD,55,2024-12-31,2025-01-01,2025,,,,,,,,
2024-12-31,XLK,SSI US GOV MONEY MARKET CLASS STATE STREET INST US GOV,0.0,924QSGII3,US,0.0,USD,43,2024-12-31,2025-01-01,2025,,,,,,,,
2024-12-31,XLK,SSI US GOV MONEY MARKET CLASS STATE STREET INST US GOV,0.0,924QSGII3,US,0.0,USD,27,2024-12-31,2025-01-01,2025,,,,,,,,
2024-12-31,XLK,SSI US GOV MONEY MARKET CLASS STATE STREET INST US GOV,0.0,924QSGII3,US,0.0,USD,53,2024-12-31,2025-01-01,2025,,,,,,,,
2024-12-31,XLK,SSI US GOV MONEY MARKET CLASS STATE STREET INST US GOV,0.0,924QSGII3,US,0.0,USD,1,2024-12-31,2025-01-01,2025,,,,,,,,
2024-12-31,XLK,SSI US GOV MONEY MARKET CLASS STATE STREET INST US GOV,0.0,924QSGII3,US,0.0,USD,15,2024-12-31,2025-01-01,2025,,,,,,,,
2024-12-31,XLK,SSI US GOV MONEY MARKET CLASS STATE STREET INST US GOV,0.0,924QSGII3,US,0.0,USD,7,2024-12-31,2025-01-01,2025,,,,,,,,
2024-12-31,XLK,SSI US GOV MONEY MARKET CLASS STATE STREET INST US GOV,0.0,924QSGII3,US,0.0,USD,3,2024-12-31,2025-01-01,2025,,,,,,,,
2024-12-31,XLK,SSI US GOV MONEY MARKET CLASS STATE STREET INST US GOV,0.0,924QSGII3,US,0.0,USD,49,2024-12-31,2025-01-01,2025,,,,,,,,
2024-12-31,XLK,SSI US GOV MONEY MARKET CLASS STATE STREET INST US GOV,0.0,924QSGII3,US,0.0,USD,25,2024-12-31,2025-01-01,2025,,,,,,,,
2024-12-31,XLK,SSI US GOV MONEY MARKET CLASS STATE STREET INST US GOV,1660328.13,924QSGII3,US,1660328.13,USD,203,2024-12-31,2025-01-01,2025,2.28173e-05,,,,,,,
2024-12-31,XLK,SSI US GOV MONEY MARKET CLASS STATE STREET INST US GOV,0.0,924QSGII3,US,0.0,USD,51,2024-12-31,2025-01-01,2025,,,,,,,,
2024-12-31,XLK,SSI US GOV MONEY MARKET CLASS STATE STREET INST US GOV,0.0,924QSGII3,US,0.0,USD,29,2024-12-31,2025-01-01,2025,,,,,,,,
2024-12-31,XLK,SSI US GOV MONEY MARKET CLASS STATE STREET INST US GOV,0.0,924QSGII3,US,0.0,USD,21,2024-12-31,2025-01-01,2025,,,,,,,,
2024-12-31,XLK,US DOLLAR,6750270.28,999USDZ92,US,6750270.28,USD,201,2024-12-31,2025-01-01,2025,9.27667e-05,,,,,Currency,,
2024-12-31,XLK,SSI US GOV MONEY MARKET CLASS STATE STREET INST US GOV,0.0,924QSGII3,US,0.0,USD,41,2024-12-31,2025-01-01,2025,,,,,,,,
2024-12-31,XLK,SSI US GOV MONEY MARKET CLASS STATE STREET INST US GOV,0.0,924QSGII3,US,0.0,USD,39,2024-12-31,2025-01-01,2025,,,,,,,,
2024-12-31,XLK,SSI US GOV MONEY MARKET CLASS STATE STREET INST US GOV,0.0,924QSGII3,US,0.0,USD,37,2024-12-31,2025-01-01,2025,,,,,,,,
2024-12-31,XLK,SSI US GOV MONEY MARKET CLASS STATE STREET INST US GOV,0.0,924QSGII3,US,0.0,USD,17,2024-12-31,2025-01-01,2025,,,,,,,,
2024-12-31,XLK,SSI US GOV MONEY MARKET CLASS STATE STREET INST US GOV,0.0,924QSGII3,US,0.0,USD,45,2024-12-31,2025-01-01,2025,,,,,,,,
2024-12-31,XLK,SSI US GOV MONEY MARKET CLASS STATE STREET INST US GOV,0.0,924QSGII3,US,0.0,USD,35,2024-12-31,2025-01-01,2025,,,,,,,,
2024-12-31,XLK,SSI US GOV MONEY MARKET CLASS STATE STREET INST US GOV,0.0,924QSGII3,US,0.0,USD,19,2024-12-31,2025-01-01,2025,,,,,,,,
2024-12-31,XLK,SSI US GOV MONEY MARKET CLASS STATE STREET INST US GOV,0.0,924QSGII3,US,0.0,USD,13,2024-12-31,2025-01-01,2025,,,,,,,,
2024-12-31,XLK,SSI US GOV MONEY MARKET CLASS STATE STREET INST US GOV,715256.52,924QSGII3,US,715256.52,USD,205,2024-12-31,2025-01-01,2025,9.8295e-06,,,,,,,
2024-12-31,XLK,SSI US GOV MONEY MARKET CLASS STATE STREET INST US GOV,0.0,924QSGII3,US,0.0,USD,33,2024-12-31,2025-01-01,2025,,,,,,,,
2024-12-31,XLK,SSI US GOV MONEY MARKET CLASS STATE STREET INST US GOV,0.0,924QSGII3,US,0.0,USD,31,2024-12-31,2025-01-01,2025,,,,,,,,
2024-12-31,XLK,SSI US GOV MONEY MARKET CLASS STATE STREET INST US GOV,9837644.47,924QSGII3,US,9837644.47,USD,199,2024-12-31,2025-01-01,2025,0.0001351954,,,,,,,
2024-12-31,XLK,ZEBRA TECHNOLOGIES CORP-CL A,155428059.48,989207105,US,402434.0,USD,167,2024-12-31,2025-01-01,2025,0.0021359953,ZBRA,US9892071054,2989356,Equity,Common Stock,BBG000CC7LQ7,
2024-12-31,XLK,WESTERN DIGITAL CORP,160856397.25,958102105,US,2697575.0,USD,163,2024-12-31,2025-01-01,2025,0.0022105951,WDC,US9581021055,2954699,Equity,Common Stock,BBG000BWNFZ9,NASDAQ/NGS (GLOBAL SELECT MARKET)
2024-12-31,XLK,WORKDAY INC-CLASS A,428869082.7,98138H101,US,1662090.0,USD,121,2024-12-31,2025-01-01,2025,0.0058938029,WDAY,US98138H1014,B8K6ZD1,Equity,Common Stock,BBG000VC0T95,
2024-12-31,XLK,VERISIGN INC,133456500.32,92343E102,US,644842.0,USD,175,2024-12-31,2025-01-01,2025,0.0018340476,VRSN,US92343E1029,2142922,Equity,Common Stock,BBG000BGKHZ3,NASDAQ/NGS (GLOBAL SELECT MARKET)
2024-12-31,XLK,TYLER TECHNOLOGIES INC,192559125.12,902252105,US,333933.0,USD,153,2024-12-31,2025-01-01,2025,0.002646275,TYL,US9022521051,2909644,Equity,Common Stock,BBG000BVWZF9,
2024-12-31,XLK,TEXAS INSTRUMENTS INC,1334701992.81,882508104,US,7118031.0,USD,83,2024-12-31,2025-01-01,2025,0.0183423587,TXN,US8825081040,2885409,Equity,Common Stock,BBG000BVV7G1,NASDAQ/NGS (GLOBAL SELECT MARKET)
2024-12-31,XLK,TRIMBLE INC,134646163.0,896239100,US,1905550.0,USD,173,2024-12-31,2025-01-01,2025,0.0018503967,TRMB,US8962391004,2903958,Equity,Common Stock,BBG000BNPS52,
2024-12-31,XLK,TERADYNE INC,160017247.2,880770102,US,1270785.0,USD,165,2024-12-31,2025-01-01,2025,0.002199063,TER,US8807701029,2884183,Equity,Common Stock,BBG000BV4DR6,
2024-12-31,XLK,TE CONNECTIVITY LTD,333741733.56,,US,2334348.0,USD,127,2024-12-31,2025-01-01,2025,0.0045864999,TEL,IE000IVNQZ81,BRC3N84,Equity,Common Stock,BBG01Q08MMR1,
2024-12-31,XLK,TELEDYNE TECH,168782266.89,879360105,US,363653.0,USD,161,2024-12-31,2025-01-01,2025,0.0023195177,TDY,US8793601050,2503477,Equity,Common Stock,BBG000BMT9T6,"NEW YORK STOCK EXCHANGE, INC."
2024-12-31,XLK,SKYWORKS SOLUTIONS INC,110519933.04,83088M102,US,1246278.0,USD,187,2024-12-31,2025-01-01,2025,0.0015188381,SWKS,US83088M1027,2961053,Equity,Common Stock,BBG000KLB4Q1,NASDAQ/NGS (GLOBAL SELECT MARKET)
2024-12-31,XLK,SEAGATE TECHNOLOGY-ORDINARY SHARES,142463890.17,,US,1650607.0,USD,171,2024-12-31,2025-01-01,2025,0.0019578331,STX,IE00BKVD2N49,BKVD2N4,Equity,Common Stock,BBG0113JGQF0,
2024-12-31,XLK,SYNOPSYS INC,581762688.56,871607107,US,1198621.0,USD,113,2024-12-31,2025-01-01,2025,0.0079949681,SNPS,US8716071076,2867719,Equity,Common Stock,BBG000BSFRF3,
2024-12-31,XLK,Super Micro Computer Inc,119770519.92,86800U302,US,3929479.0,USD,179,2024-12-31,2025-01-01,2025,0.0016459658,SMCI,US86800U3023,BRC3N73,Equity,Common Stock,BBG000MYZDJ3,
2024-12-31,XLK,ROPER TECHNOLOGIES INC,434981888.25,776696106,US,836745.0,USD,119,2024-12-31,2025-01-01,2025,0.0059778092,ROP,US7766961061,2749602,Equity,Common Stock,BBG000F1ZSN5,"NEW YORK STOCK EXCHANGE, INC."
2024-12-31,XLK,QUALCOMM INC,1331756051.96,747525103,US,8669158.0,USD,85,2024-12-31,2025-01-01,2025,0.0183018736,QCOM,US7475251036,2714923,Equity,Common Stock,BBG000CGC1X8,NASDAQ/NGS (GLOBAL SELECT MARKET)
2024-12-31,XLK,PARAMETRIC TECHNOLOGY CORP,172356796.08,69370C100,US,937384.0,USD,159,2024-12-31,2025-01-01,2025,0.0023686412,PTC,US69370C1009,B95N910,Equity,Common Stock,BBG000C2VBB0,
2024-12-31,XLK,Palantir Technologies Inc. Class A,1209684833.25,69608A108,US,15994775.0,USD,87,2024-12-31,2025-01-01,2025,0.0166242901,PLTR,US69608A1088,BN78DQ4,Equity,Common Stock,BBG000N7QR55,
2024-12-31,XLK,PALO ALTO NETWORKS INC,929298287.72,697435105,US,5107157.0,USD,91,2024-12-31,2025-01-01,2025,0.0127710325,PANW,US6974351057,B87ZMX0,Equity,Common Stock,BBG0014GJCT9,
2024-12-31,XLK,ORACLE CORP,2089859069.04,68389X105,US,12541161.0,USD,67,2024-12-31,2025-01-01,2025,0.0287202273,ORCL,US68389X1054,2661568,Equity,Common Stock,BBG000BQLTW7,"NEW YORK STOCK EXCHANGE, INC."
2024-12-31,XLK,ON Semiconductor Corporation,209481544.35,682189105,US,3322467.0,USD,151,2024-12-31,2025-01-01,2025,0.0028788341,ON,US6821891057,2583576,Equity,Common Stock,BBG000DV7MX4,NASDAQ/NGS (GLOBAL SELECT MARKET)
2024-12-31,XLK,NXP Semiconductors NV,412202092.35,,US,1983171.0,USD,123,2024-12-31,2025-01-01,2025,0.0056647541,NXPI,NL0009538784,B505PN7,Equity,Common Stock,BBG000BND699,
2024-12-31,XLK,NVIDIA CORP,9774385475.66,67066G104,US,72785654.0,USD,59,2024-12-31,2025-01-01,2025,0.1343260782,NVDA,US67066G1040,2379504,Equity,Common Stock,BBG000BBJQV0,NASDAQ/NGS (GLOBAL SELECT MARKET)
2024-12-31,XLK,NETAPP INC,185492357.6,64110D104,US,1597970.0,USD,155,2024-12-31,2025-01-01,2025,0.0025491588,NTAP,US64110D1046,2630643,Equity,Common Stock,BBG000FP1N32,NASDAQ/NGS (GLOBAL SELECT MARKET)
2024-12-31,XLK,SERVICENOW INC,1704050669.56,81762P102,US,1607413.0,USD,73,2024-12-31,2025-01-01,2025,0.0234181928,NOW,US81762P1021,B80NXX8,Equity,Common Stock,BBG000M1R011,
2024-12-31,XLK,MICRON TECHNOLOGY INC,728118992.64,595112103,US,8651604.0,USD,97,2024-12-31,2025-01-01,2025,0.0100062934,MU,US5951121038,2588184,Equity,Common Stock,BBG000C5Z1S3,NASDAQ/NGS (GLOBAL SELECT MARKET)
2024-12-31,XLK,MOTOROLA SOLUTIONS INC,602759937.98,620076307,US,1304026.0,USD,111,2024-12-31,2025-01-01,2025,0.0082835262,MSI,US6200763075,B5BKPQ4,Equity,Common Stock,BBG000BP8Z50,"NEW YORK STOCK EXCHANGE, INC."
2024-12-31,XLK,MICROSOFT CORP,9298667664.0,594918104,US,22060896.0,USD,61,2024-12-31,2025-01-01,2025,0.127788449,MSFT,US5949181045,2588173,Equity,Common Stock,BBG000BPH459,NASDAQ/NGS (GLOBAL SELECT MARKET)
2024-12-31,XLK,MONOLITHIC POWER SYSTEMS INC,225224096.3,609839105,US,380639.0,USD,143,2024-12-31,2025-01-01,2025,0.0030951787,MPWR,US6098391054,B01Z7J1,Equity,Common Stock,BBG000C30L48,
2024-12-31,XLK,MICROCHIP TECHNOLOGY INC,240311869.8,595017104,US,4190268.0,USD,139,2024-12-31,2025-01-01,2025,0.0033025249,MCHP,US5950171042,2592174,Equity,Common Stock,BBG000BHCP19,NASDAQ/NGS (GLOBAL SELECT MARKET)
2024-12-31,XLK,LAM RESH CORP,725192016.97,512807306,US,10040039.0,USD,99,2024-12-31,2025-01-01,2025,0.0099660689,LRCX,US5128073062,BSML4N7,Equity,Common Stock,BBG000BNFLM9,
2024-12-31,XLK,KLA CORPORATION,657681448.8,482480100,US,1043740.0,USD,103,2024-12-31,2025-01-01,2025,0.009038294,KLAC,US4824801009,2480138,Equity,Common Stock,BBG000BMTFR4,NASDAQ/NGS (GLOBAL SELECT MARKET)
2024-12-31,XLK,KEYSIGHT TEC,217523539.7,49338L103,US,1354190.0,USD,145,2024-12-31,2025-01-01,2025,0.0029893525,KEYS,US49338L1035,BQZJ0Q9,Equity,Common Stock,BBG0059FN811,
2024-12-31,XLK,JUNIPER NETWORKS INC,96751925.2,48203R104,US,2583496.0,USD,191,2024-12-31,2025-01-01,2025,0.001329629,JNPR,US48203R1041,2431846,Equity,Common Stock,BBG000BY33P5,"NEW YORK STOCK EXCHANGE, INC."
2024-12-31,XLK,JABIL CIRCUIT INC,126709562.1,466313103,US,880539.0,USD,177,2024-12-31,2025-01-01,2025,0.0017413267,JBL,US4663131039,2471789,Equity,Common Stock,BBG000BJNGN9,
2024-12-31,XLK,Gartner Inc,291579238.44,366651107,US,601852.0,USD,131,2024-12-31,2025-01-01,2025,0.004007075,IT,US3666511072,2372763,Equity,Common Stock,BBG000BB65D0,"NEW YORK STOCK EXCHANGE, INC."
2024-12-31,XLK,INTUIT INC,1374617490.0,461202103,US,2187140.0,USD,81,2024-12-31,2025-01-01,2025,0.0188909039,INTU,US4612021034,2459020,Equity,Common Stock,BBG000BH5DV1,NASDAQ/NGS (GLOBAL SELECT MARKET)
2024-12-31,XLK,INTEL CORP,674773687.4,458140100,US,33654548.0,USD,101,2024-12-31,2025-01-01,2025,0.0092731869,INTC,US4581401001,2463247,Equity,Common Stock,BBG000C0G1D1,NASDAQ/NGS (GLOBAL SELECT MARKET)
2024-12-31,XLK,International Business Machines Corporation,1586089497.59,459200101,US,7215073.0,USD,75,2024-12-31,2025-01-01,2025,0.0217970922,IBM,US4592001014,2005973,Equity,Common Stock,BBG000BLNNH6,"NEW YORK STOCK EXCHANGE, INC."
2024-12-31,XLK,HP INC,245374532.78,40434L105,US,7519906.0,USD,137,2024-12-31,2025-01-01,2025,0.0033720993,HPQ,US40434L1052,BYX4D52,Equity,Common Stock,BBG000KHWT55,
2024-12-31,XLK,HEWLETT-PACKARD ENTERPRIS,216351826.25,42824C109,US,10133575.0,USD,147,2024-12-31,2025-01-01,2025,0.0029732501,HPE,US42824C1099,BYVYWS0,Equity,Common Stock,BBG0078W3NQ3,
2024-12-31,XLK,CORNING INC,285733103.04,219350105,US,6012902.0,USD,133,2024-12-31,2025-01-01,2025,0.0039267335,GLW,US2193501051,2224701,Equity,Common Stock,BBG000BKFZM4,"NEW YORK STOCK EXCHANGE, INC."
2024-12-31,XLK,GEN DIGITAL INC,115851570.24,668771108,US,4231248.0,USD,181,2024-12-31,2025-01-01,2025,0.001592109,GEN,US6687711084,BJN4XN5,Equity,Common Stock,BBG000BH2JM1,
2024-12-31,XLK,GODADDY INC - CLASS A,216221006.07,380237107,US,1095511.0,USD,149,2024-12-31,2025-01-01,2025,0.0029714523,GDDY,US3802371076,BWFRFC6,Equity,Common Stock,BBG006MDLY05,
2024-12-31,XLK,FORTINET INC,468991634.0,34959E109,US,4963925.0,USD,117,2024-12-31,2025-01-01,2025,0.0064451936,FTNT,US34959E1091,B5B2106,Equity,Common Stock,BBG000BCMBG4,
2024-12-31,XLK,FIRST SOLAR INC,147224727.6,336433107,US,835365.0,USD,169,2024-12-31,2025-01-01,2025,0.0020232597,FSLR,US3364331070,B1HMF22,Equity,Common Stock,BBG000BFL116,
2024-12-31,XLK,FAIR ISAAC CORP,378330455.11,303250104,US,190027.0,USD,125,2024-12-31,2025-01-01,2025,0.0051992677,FICO,US3032501047,2330299,Equity,Common Stock,BBG000DW76Y6,
2024-12-31,XLK,F5 Inc,113990093.65,315616102,US,453295.0,USD,183,2024-12-31,2025-01-01,2025,0.0015665274,FFIV,US3156161024,2427599,Equity,Common Stock,BBG000CXYSZ6,
2024-12-31,XLK,EPAM SYSTEMS INC,103496681.88,29414B104,US,442634.0,USD,189,2024-12-31,2025-01-01,2025,0.0014223199,EPAM,US29414B1044,B44Z3T8,Equity,Common Stock,BBG000MHTV89,
2024-12-31,XLK,ENPHASE ENERGY INC,72409117.96,29355A107,US,1054297.0,USD,195,2024-12-31,2025-01-01,2025,0.0009950941,ENPH,US29355A1079,B65SQW4,Equity,Common Stock,BBG001R3MNY9,
2024-12-31,XLK,DELL TECHNOLOGIES - CLASS C,276211380.64,24703L202,US,2396836.0,USD,135,2024-12-31,2025-01-01,2025,0.0037958797,DELL,US24703L2025,BHKD3S6,Equity,Common Stock,BBG00DW3SZS1,
2024-12-31,XLK,COGNIZANT TECH SOLUTIONS-A,297523639.2,192446102,US,3868968.0,USD,129,2024-12-31,2025-01-01,2025,0.0040887669,CTSH,US1924461023,2257019,Equity,Common Stock,BBG000BBDV81,NASDAQ/NGS (GLOBAL SELECT MARKET)
2024-12-31,XLK,CISCO SYSTEMS INC,1841299435.2,17275R102,US,31103031.0,USD,69,2024-12-31,2025-01-01,2025,0.0253043562,CSCO,US17275R1023,2198163,Equity,Common Stock,BBG000C3J3C9,NASDAQ/NGS (GLOBAL SELECT MARKET)
2024-12-31,XLK,Crowdstrike Holdings Inc. Class A,621332449.92,22788C105,US,1815912.0,USD,109,2024-12-31,2025-01-01,2025,0.008538762,CRWD,US22788C1053,BJJP138,Equity,Common Stock,BBG00BLYKS03,
2024-12-31,XLK,SALESFORCE.COM INC,2494010862.24,79466L302,US,7459728.0,USD,65,2024-12-31,2025-01-01,2025,0.0342743489,CRM,US79466L3024,2310525,Equity,,BBG000BN2DC2,
2024-12-31,XLK,CDW CORP/DE,180982455.6,12514G108,US,1039890.0,USD,157,2024-12-31,2025-01-01,2025,0.0024871808,CDW,US12514G1085,BBM5MD6,Equity,Common Stock,BBG001P63B80,
2024-12-31,XLK,CADENCE DESIGN SYS INC,642997920.7,127387108,US,2140045.0,USD,107,2024-12-31,2025-01-01,2025,0.0088365032,CDNS,US1273871087,2302232,Equity,Common Stock,BBG000C13CD9,NASDAQ/NGS (GLOBAL SELECT MARKET)
2024-12-31,XLK,Broadcom Inc.,4257061613.28,11135F101,US,18362067.0,USD,63,2024-12-31,2025-01-01,2025,0.0585033599,AVGO,US11135F1012,BDZ78H9,Equity,Common Stock,BBG00KHY5S69,
2024-12-31,XLK,AMPHENOL CORP-CL A,653343721.65,032095101,US,9407397.0,USD,105,2024-12-31,2025-01-01,2025,0.0089786821,APH,US0320951017,2145084,Equity,Common Stock,BBG000B9YJ35,
2024-12-31,XLK,ANSYS INC,230171053.56,03662Q105,US,682332.0,USD,141,2024-12-31,2025-01-01,2025,0.003163163,ANSS,US03662Q1058,2045623,Equity,Common Stock,BBG000GXZ4W7,NASDAQ/NGS (GLOBAL SELECT MARKET)
2024-12-31,XLK,ADVANCED MICRO DEVICES INC,1529548188.09,007903107,US,12662871.0,USD,77,2024-12-31,2025-01-01,2025,0.0210200641,AMD,US0079031078,2007849,Equity,Common Stock,BBG000BBQCY0,NASDAQ CAPITAL MARKET
2024-12-31,XLK,APPLIED MATERIALS INC,1046179274.4,038222105,US,6432880.0,USD,89,2024-12-31,2025-01-01,2025,0.0143772884,AMAT,US0382221051,2046552,Equity,Common Stock,BBG000BBPFB9,
2024-12-31,XLK,AKAMAI TECHNOLOGIES INC,112121503.9,00971T101,US,1172206.0,USD,185,2024-12-31,2025-01-01,2025,0.001540848,AKAM,US00971T1016,2507457,Equity,Common Stock,BBG000BJQWD2,
2024-12-31,XLK,AUTODESK INC,495868035.19,052769106,US,1677667.0,USD,115,2024-12-31,2025-01-01,2025,0.0068145469,ADSK,US0527691069,2065159,Equity,Common Stock,BBG000BM7HL0,
2024-12-31,XLK,ANALOG DEVICES INC,823099571.94,032654105,US,3874139.0,USD,95,2024-12-31,2025-01-01,2025,0.0113115794,ADI,US0326541051,2032067,Equity,,BBG000BB6G37,
2024-12-31,XLK,ADOBE SYSTEMS INC,1527416657.56,00724F101,US,3434867.0,USD,79,2024-12-31,2025-01-01,2025,0.0209907712,ADBE,US00724F1012,2008154,Equity,Common Stock,BBG000BB5006,NASDAQ/NGS (GLOBAL SELECT MARKET)
2024-12-31,XLK,ACCENTURE PLC-CL A,1715237278.18,,US,4875742.0,USD,71,2024-12-31,2025-01-01,2025,0.0235719266,ACN,IE00B4BNMY34,B4BNMY3,Equity,Common Stock,BBG000D9D830,
2024-12-31,XLK,APPLE INC,11231781245.08,037833100,US,44851774.0,USD,58,2024-12-31,2025-01-01,2025,0.154354576,AAPL,US0378331005,2046251,Equity,Common Stock,BBG000B9XRY4,NASDAQ/NGS (GLOBAL SELECT MARKET)
2024-12-31,XLK,ARISTA NETWORKS INC,890929165.07,040413205,US,8060519.0,USD,93,2024-12-31,2025-01-01,2025,0.0122437386,2512042D,US0404132054,BL9XPM3,Equity,Common Stock,BBG01QQZBFH1,
