processed_date,composite_ticker,constituent_name,market_value,us_code,country_of_exchange,shares_held,currency_traded,constituent_rank,effective_date,requested_date,requested_year,weight,constituent_ticker,isin,figi,sedol,exchange,asset_class,security_type
2017-12-29,XRT,SSI US GOV MONEY MARKET CLASS STATE STREET INST US GOV,0.0,924QSGII3,US,0.0,USD,17,2017-12-29,2018-01-01,2018,,,,,,,,
2017-12-29,XRT,SSI US GOV MONEY MARKET CLASS STATE STREET INST US GOV,0.0,924QSGII3,US,0.0,USD,4,2017-12-29,2018-01-01,2018,,,,,,,,
2017-12-29,XRT,SSI US GOV MONEY MARKET CLASS STATE STREET INST US GOV,0.0,924QSGII3,US,0.0,USD,12,2017-12-29,2018-01-01,2018,,,,,,,,
2017-12-29,XRT,SSI US GOV MONEY MARKET CLASS STATE STREET INST US GOV,0.0,924QSGII3,US,0.0,USD,27,2017-12-29,2018-01-01,2018,,,,,,,,
2017-12-29,XRT,SSI US GOV MONEY MARKET CLASS STATE STREET INST US GOV,0.0,924QSGII3,US,0.0,USD,21,2017-12-29,2018-01-01,2018,,,,,,,,
2017-12-29,XRT,SSI US GOV MONEY MARKET CLASS STATE STREET INST US GOV,0.0,924QSGII3,US,0.0,USD,28,2017-12-29,2018-01-01,2018,,,,,,,,
2017-12-29,XRT,SSI US GOV MONEY MARKET CLASS STATE STREET INST US GOV,176122.5,924QSGII3,US,176122.5,USD,121,2017-12-29,2018-01-01,2018,0.0002744642,,,,,,,
2017-12-29,XRT,SSI US GOV MONEY MARKET CLASS STATE STREET INST US GOV,0.0,924QSGII3,US,0.0,USD,11,2017-12-29,2018-01-01,2018,,,,,,,,
2017-12-29,XRT,SSI US GOV MONEY MARKET CLASS STATE STREET INST US GOV,0.0,924QSGII3,US,0.0,USD,1,2017-12-29,2018-01-01,2018,,,,,,,,
2017-12-29,XRT,SSI US GOV MONEY MARKET CLASS STATE STREET INST US GOV,0.0,924QSGII3,US,0.0,USD,24,2017-12-29,2018-01-01,2018,,,,,,,,
2017-12-29,XRT,SSI US GOV MONEY MARKET CLASS STATE STREET INST US GOV,0.0,924QSGII3,US,0.0,USD,6,2017-12-29,2018-01-01,2018,,,,,,,,
2017-12-29,XRT,SSI US GOV MONEY MARKET CLASS STATE STREET INST US GOV,0.0,924QSGII3,US,0.0,USD,10,2017-12-29,2018-01-01,2018,,,,,,,,
2017-12-29,XRT,SSI US GOV MONEY MARKET CLASS STATE STREET INST US GOV,0.0,924QSGII3,US,0.0,USD,26,2017-12-29,2018-01-01,2018,,,,,,,,
2017-12-29,XRT,SSI US GOV MONEY MARKET CLASS STATE STREET INST US GOV,0.0,924QSGII3,US,0.0,USD,23,2017-12-29,2018-01-01,2018,,,,,,,,
2017-12-29,XRT,SSI US GOV MONEY MARKET CLASS STATE STREET INST US GOV,48411.99,924QSGII3,US,48411.99,USD,124,2017-12-29,2018-01-01,2018,7.54438e-05,,,,,,,
2017-12-29,XRT,SSI US GOV MONEY MARKET CLASS STATE STREET INST US GOV,0.0,924QSGII3,US,0.0,USD,9,2017-12-29,2018-01-01,2018,,,,,,,,
2017-12-29,XRT,SSI US GOV MONEY MARKET CLASS STATE STREET INST US GOV,0.0,924QSGII3,US,0.0,USD,2,2017-12-29,2018-01-01,2018,,,,,,,,
2017-12-29,XRT,SSI US GOV MONEY MARKET CLASS STATE STREET INST US GOV,0.0,924QSGII3,US,0.0,USD,19,2017-12-29,2018-01-01,2018,,,,,,,,
2017-12-29,XRT,SSI US GOV MONEY MARKET CLASS STATE STREET INST US GOV,0.0,924QSGII3,US,0.0,USD,5,2017-12-29,2018-01-01,2018,,,,,,,,
2017-12-29,XRT,SSI US GOV MONEY MARKET CLASS STATE STREET INST US GOV,0.0,924QSGII3,US,0.0,USD,20,2017-12-29,2018-01-01,2018,,,,,,,,
2017-12-29,XRT,SSI US GOV MONEY MARKET CLASS STATE STREET INST US GOV,84135.51,924QSGII3,US,84135.51,USD,123,2017-12-29,2018-01-01,2018,0.0001311143,,,,,,,
2017-12-29,XRT,SSI US GOV MONEY MARKET CLASS STATE STREET INST US GOV,0.0,924QSGII3,US,0.0,USD,7,2017-12-29,2018-01-01,2018,,,,,,,,
2017-12-29,XRT,SSI US GOV MONEY MARKET CLASS STATE STREET INST US GOV,0.0,924QSGII3,US,0.0,USD,13,2017-12-29,2018-01-01,2018,,,,,,,,
2017-12-29,XRT,SSI US GOV MONEY MARKET CLASS STATE STREET INST US GOV,0.0,924QSGII3,US,0.0,USD,8,2017-12-29,2018-01-01,2018,,,,,,,,
2017-12-29,XRT,SSI US GOV MONEY MARKET CLASS STATE STREET INST US GOV,0.0,924QSGII3,US,0.0,USD,16,2017-12-29,2018-01-01,2018,,,,,,,,
2017-12-29,XRT,SSI US GOV MONEY MARKET CLASS STATE STREET INST US GOV,0.0,924QSGII3,US,0.0,USD,18,2017-12-29,2018-01-01,2018,,,,,,,,
2017-12-29,XRT,SSI US GOV MONEY MARKET CLASS STATE STREET INST US GOV,0.0,924QSGII3,US,0.0,USD,15,2017-12-29,2018-01-01,2018,,,,,,,,
2017-12-29,XRT,SSI US GOV MONEY MARKET CLASS STATE STREET INST US GOV,0.0,924QSGII3,US,0.0,USD,22,2017-12-29,2018-01-01,2018,,,,,,,,
2017-12-29,XRT,SSI US GOV MONEY MARKET CLASS STATE STREET INST US GOV,0.0,924QSGII3,US,0.0,USD,3,2017-12-29,2018-01-01,2018,,,,,,,,
2017-12-29,XRT,SSI US GOV MONEY MARKET CLASS STATE STREET INST US GOV,0.0,924QSGII3,US,0.0,USD,29,2017-12-29,2018-01-01,2018,,,,,,,,
2017-12-29,XRT,SSI US GOV MONEY MARKET CLASS STATE STREET INST US GOV,359150.9,924QSGII3,US,359150.9,USD,120,2017-12-29,2018-01-01,2018,0.0005596903,,,,,,,
2017-12-29,XRT,SSI US GOV MONEY MARKET CLASS STATE STREET INST US GOV,0.0,924QSGII3,US,0.0,USD,30,2017-12-29,2018-01-01,2018,,,,,,,,
2017-12-29,XRT,SSI US GOV MONEY MARKET CLASS STATE STREET INST US GOV,112904.53,924QSGII3,US,112904.53,USD,122,2017-12-29,2018-01-01,2018,0.0001759471,,,,,,,
2017-12-29,XRT,SSI US GOV MONEY MARKET CLASS STATE STREET INST US GOV,4.23,924QSGII3,US,4.23,USD,125,2017-12-29,2018-01-01,2018,6.6e-09,,,,,,,
2017-12-29,XRT,SSI US GOV MONEY MARKET CLASS STATE STREET INST US GOV,0.0,924QSGII3,US,0.0,USD,14,2017-12-29,2018-01-01,2018,,,,,,,,
2017-12-29,XRT,SSI US GOV MONEY MARKET CLASS STATE STREET INST US GOV,0.0,924QSGII3,US,0.0,USD,25,2017-12-29,2018-01-01,2018,,,,,,,,
2017-12-29,XRT,WAL-MART STORES INC,7761947.5,931142103,US,78602.0,USD,63,2017-12-29,2018-01-01,2018,0.0120959931,WMT,US9311421039,BBG000BWXBC2,2936921,"NEW YORK STOCK EXCHANGE, INC.",Equity,Common Stock
2017-12-29,XRT,WEIS MARKETS INC,2097645.2,948849104,US,50680.0,USD,118,2017-12-29,2018-01-01,2018,0.0032689092,WMK,US9488491047,BBG000BWW509,2946845,,Equity,Common Stock
2017-12-29,XRT,WALGREENS BOOTS ALLIANCE INC,7705199.86,931427108,US,106103.0,USD,69,2017-12-29,2018-01-01,2018,0.0120075593,WBA,US9314271084,BBG000BWLMJ4,BTN1Y44,,Equity,Common Stock
2017-12-29,XRT,WAYFAIR INC- CLASS A,8238511.45,94419L101,US,102635.0,USD,43,2017-12-29,2018-01-01,2018,0.0128386565,W,US94419L1017,BBG001B17MV2,BQXZP64,,Equity,Common Stock
2017-12-29,XRT,URBAN OUTFITTERS INC,8040134.5,917047102,US,229325.0,USD,52,2017-12-29,2018-01-01,2018,0.0125295117,URBN,US9170471026,BBG000BL79J3,2933438,NASDAQ/NGS (GLOBAL SELECT MARKET),Equity,Common Stock
2017-12-29,XRT,Ulta Beauty  Inc.,7553892.84,90384S303,US,33774.0,USD,76,2017-12-29,2018-01-01,2018,0.0117717668,ULTA,US90384S3031,BBG00FWQ4VD6,B28TS42,,Equity,Common Stock
2017-12-29,XRT,TRACTOR SUPPLY COMPANY,8386277.25,892356106,US,112191.0,USD,34,2017-12-29,2018-01-01,2018,0.0130689305,TSCO,US8923561067,BBG000BLXZN1,2900335,NASDAQ/NGS (GLOBAL SELECT MARKET),Equity,Common Stock
2017-12-29,XRT,TRIPADVISOR INC,7582612.86,896945201,US,220041.0,USD,74,2017-12-29,2018-01-01,2018,0.0118165233,TRIP,US8969452015,BBG001M8HHB7,B6ZC3N6,NASDAQ/NGS (GLOBAL SELECT MARKET),Equity,Common Stock
2017-12-29,XRT,TAILORED BRANDS INC,8478684.68,87403A107,US,388396.0,USD,33,2017-12-29,2018-01-01,2018,0.0132129355,TLRD,US87403A1079,BBG00C0B4TP3,BZ8FLW0,,Equity,Common Stock
2017-12-29,XRT,TJX COMPANIES INC,7858482.34,872540109,US,102779.0,USD,58,2017-12-29,2018-01-01,2018,0.0122464302,TJX,US8725401090,BBG000BV8DN6,2989301,"NEW YORK STOCK EXCHANGE, INC.",Equity,Common Stock
2017-12-29,XRT,TIFFANY & CO,8240740.2,886547108,US,79276.0,USD,42,2017-12-29,2018-01-01,2018,0.0128421297,TIF,US8865471085,BBG000BV75B7,2892090,"NEW YORK STOCK EXCHANGE, INC.",Equity,Common Stock
2017-12-29,XRT,TARGET CORP,8069467.5,87612E106,US,123670.0,USD,49,2017-12-29,2018-01-01,2018,0.0125752234,TGT,US87612E1064,BBG000H8TVT2,2259101,"NEW YORK STOCK EXCHANGE, INC.",Equity,Common Stock
2017-12-29,XRT,SUPERVALU INC COMMON STOCK 0.01,8369330.4,868536301,US,387469.0,USD,35,2017-12-29,2018-01-01,2018,0.013042521,SVU,US8685363017,,BF0FM92,,Equity,Common Stock
2017-12-29,XRT,SIGNET JEWELERS LTD COMMON STOCK USD.18,8065104.45,,US,142619.0,USD,50,2017-12-29,2018-01-01,2018,0.0125684241,SIG,BMG812761002,BBG000C4ZZ10,B3CTNK6,,Equity,Common Stock
2017-12-29,XRT,SPROUTS FARMERS MARKET INC,7767771.75,85208M102,US,319005.0,USD,62,2017-12-29,2018-01-01,2018,0.0121050695,SFM,US85208M1027,BBG001KFKQM7,BCGCR79,NASDAQ/NGS (GLOBAL SELECT MARKET),Equity,Common Stock
2017-12-29,XRT,SHUTTERFLY INC,8296857.25,82568P304,US,166771.0,USD,37,2017-12-29,2018-01-01,2018,0.0129295809,SFLY,US82568P3047,BBG000C3CT93,B188HK1,,Equity,Common Stock
2017-12-29,XRT,SALLY BEAUTY HOLDINGS INC,8346961.84,79546E104,US,444934.0,USD,36,2017-12-29,2018-01-01,2018,0.0130076625,SBH,US79546E1047,BBG000LR8515,B1GZ005,,Equity,Common Stock
2017-12-29,XRT,SONIC AUTOMOTIVE INC-CLASS A,2532742.2,83545G102,US,137276.0,USD,115,2017-12-29,2018-01-01,2018,0.0039469517,SAH,US83545G1022,BBG000BBMNG0,2125246,,Equity,Common Stock
2017-12-29,XRT,ROSS STORES INC,7923403.5,778296103,US,98734.0,USD,55,2017-12-29,2018-01-01,2018,0.0123476015,ROST,US7782961038,BBG000BSBZH7,2746711,NASDAQ/NGS (GLOBAL SELECT MARKET),Equity,Common Stock
2017-12-29,XRT,RENT-A-CENTER INC,7152606.9,76009N100,US,644379.0,USD,98,2017-12-29,2018-01-01,2018,0.0111464145,RCII,US76009N1000,BBG000BHQJX3,2733092,,Equity,Common Stock
2017-12-29,XRT,RITE AID CORP,7869295.02,767754104,US,3994566.0,USD,57,2017-12-29,2018-01-01,2018,0.0122632804,RAD,US7677541044,BBG000BRWGG9,2740809,,Equity,Common Stock
2017-12-29,XRT,Liberty Interactive Corp,7475816.7,,US,306135.0,USD,85,2017-12-29,2018-01-01,2018,0.0116500952,QRTEA,US53071M1045,BBG000PCQQL6,B144703,NASDAQ/NGS (GLOBAL SELECT MARKET),Equity,Tracking Stk
2017-12-29,XRT,PRICESMART INC,5097894.9,741511109,US,59209.0,USD,111,2017-12-29,2018-01-01,2018,0.0079444111,PSMT,US7415111092,BBG000BTKR92,2092942,,Equity,Common Stock
2017-12-29,XRT,PARTY CITY HOLDCO INC,6167518.2,702149105,US,442116.0,USD,107,2017-12-29,2018-01-01,2018,0.0096112809,PRTY,US7021491052,BBG005WX31L1,BWTVWC3,,Equity,Common Stock
2017-12-29,XRT,CHILDRENS PLACE INC/THE,8086401.9,168905107,US,55634.0,USD,48,2017-12-29,2018-01-01,2018,0.0126016134,PLCE,US1689051076,BBG000JK9DK4,2106791,NASDAQ/NGS (GLOBAL SELECT MARKET),Equity,Common Stock
2017-12-29,XRT,PETMED EXPRESS INC,8053636.5,716382106,US,177003.0,USD,51,2017-12-29,2018-01-01,2018,0.0125505528,PETS,US7163821066,BBG000BDYQR4,2143099,,Equity,Common Stock
2017-12-29,XRT,PENSKE AUTOMOTIVE GROUP INC,7527618.45,70959W103,US,157317.0,USD,78,2017-12-29,2018-01-01,2018,0.0117308216,PAG,US70959W1036,BBG000H6K1B0,2943523,,Equity,Common Stock
2017-12-29,XRT,OVERSTOCK.COM INC,10759354.2,690370101,US,168378.0,USD,31,2017-12-29,2018-01-01,2018,0.0167670645,OSTK,US6903701018,BBG000BF7BV7,2855930,,Equity,Common Stock
2017-12-29,XRT,OREILLY AUTOMOTIVE INC,7278740.4,67103H107,US,30260.0,USD,94,2017-12-29,2018-01-01,2018,0.0113429773,ORLY,US67103H1077,BBG000BGYWY6,B65LWX6,NASDAQ/NGS (GLOBAL SELECT MARKET),Equity,Common Stock
2017-12-29,XRT,OLLIES BARGAIN OUTLET HOLDI,8106620.25,681116109,US,152237.0,USD,46,2017-12-29,2018-01-01,2018,0.0126331211,OLLI,US6811161099,BBG0098VVDT9,BZ22B38,NASDAQ/NMS (GLOBAL MARKET),Equity,Common Stock
2017-12-29,XRT,OFFICE DEPOT INC,8216428.5,676220106,US,2321025.0,USD,44,2017-12-29,2018-01-01,2018,0.0128042431,ODP,US6762201068,BBG000CNZC55,2655981,,Equity,Common Stock
2017-12-29,XRT,NUTRISYSTEM INC,7708004.0,67069D108,US,146540.0,USD,68,2017-12-29,2018-01-01,2018,0.0120119292,NTRI,US67069D1081,BBG000CRTLP1,2620398,,Equity,Common Stock
2017-12-29,XRT,NETFLIX INC,7730037.24,64110L106,US,40269.0,USD,65,2017-12-29,2018-01-01,2018,0.0120462651,NFLX,US64110L1061,BBG000CL9VN6,2857817,,Equity,Common Stock
2017-12-29,XRT,MURPHY USA INC,7525071.12,626755102,US,93642.0,USD,80,2017-12-29,2018-01-01,2018,0.0117268519,MUSA,US6267551025,BBG001Z0Q6T5,BCZWJ63,,Equity,Common Stock
2017-12-29,XRT,Monro  Inc.,7964685.3,610236101,US,139854.0,USD,54,2017-12-29,2018-01-01,2018,0.0124119338,MNRO,US6102361010,BBG000C0BZD1,2600088,NASDAQ/NGS (GLOBAL SELECT MARKET),Equity,Common Stock
2017-12-29,XRT,The Michaels Companies Inc.,8270053.01,59408Q106,US,341879.0,USD,39,2017-12-29,2018-01-01,2018,0.01288781,MIK,US59408Q1067,BBG005CPNTS0,BNG83R6,,Equity,Common Stock
2017-12-29,XRT,MACYS INC,7408983.56,55616P104,US,294124.0,USD,87,2017-12-29,2018-01-01,2018,0.0115459444,M,US55616P1049,BBG000C46HM9,2345022,"NEW YORK STOCK EXCHANGE, INC.",Equity,Common Stock
2017-12-29,XRT,LIBERTY VENTURES - SER A,7286276.16,,US,134334.0,USD,92,2017-12-29,2018-01-01,2018,0.0113547208,LVNTA,US53071M8800,BBG0038K9G41,BZ1BPL2,NASDAQ/NGS (GLOBAL SELECT MARKET),Equity,Tracking Stk
2017-12-29,XRT,LIBERTY TRIPADVISOR HDG A,5013374.28,531465102,US,531923.0,USD,112,2017-12-29,2018-01-01,2018,0.0078126966,LTRPA,US5314651028,BBG005DKMJ67,BQ5BPM6,,Equity,Common Stock
2017-12-29,XRT,LIBERTY EXPEDIA HOLD-A,7689747.78,53046P109,US,173466.0,USD,70,2017-12-29,2018-01-01,2018,0.0119834792,LEXEA,US53046P1093,BBG00BFHL5F0,BD8R2H4,,Equity,Common Stock
2017-12-29,XRT,L BRANDS INC,7981378.14,501797104,US,132537.0,USD,53,2017-12-29,2018-01-01,2018,0.0124379475,LB,US5017971046,BBG000BNGTQ7,B9M2WX3,"NEW YORK STOCK EXCHANGE, INC.",Equity,Common Stock
2017-12-29,XRT,Lithia Motors Inc,7161508.73,536797103,US,63047.0,USD,96,2017-12-29,2018-01-01,2018,0.0111602868,LAD,US5367971034,BBG000K3BC83,2515030,"NEW YORK STOCK EXCHANGE, INC.",Equity,Common Stock
2017-12-29,XRT,Kohls Corp,8268176.95,500255104,US,152465.0,USD,40,2017-12-29,2018-01-01,2018,0.0128848864,KSS,US5002551043,BBG000CS7CT9,2496113,"NEW YORK STOCK EXCHANGE, INC.",Equity,Common Stock
2017-12-29,XRT,KROGER CO,7809030.9,501044101,US,284482.0,USD,60,2017-12-29,2018-01-01,2018,0.0121693665,KR,US5010441013,BBG000BMY992,2497406,"NEW YORK STOCK EXCHANGE, INC.",Equity,Common Stock
2017-12-29,XRT,CARMAX INC,7212316.32,143130102,US,112464.0,USD,95,2017-12-29,2018-01-01,2018,0.0112394639,KMX,US1431301027,BBG000BLMZK6,2983563,,Equity,Common Stock
2017-12-29,XRT,NORDSTROM INC,7855793.52,655664100,US,165804.0,USD,59,2017-12-29,2018-01-01,2018,0.01224224,JWN,US6556641008,BBG000G8N9C6,2641827,,Equity,Common Stock
2017-12-29,XRT,J.C. PENNEY CO INC,7448344.36,708160106,US,2357071.0,USD,86,2017-12-29,2018-01-01,2018,0.0116072831,JCP,US7081601061,BBG000BMF5J0,2680303,,Equity,Common Stock
2017-12-29,XRT,INGLES MARKETS INC-CLASS A,1417700.4,457030104,US,40974.0,USD,119,2017-12-29,2018-01-01,2018,0.0022093031,IMKTA,US4570301048,BBG000BLXDJ5,2460550,,Equity,Common Stock
2017-12-29,XRT,MARINEMAX INC,2459060.1,567908108,US,130109.0,USD,116,2017-12-29,2018-01-01,2018,0.0038321277,HZO,US5679081084,BBG000C1SRH5,2250353,,Equity,Common Stock
2017-12-29,XRT,HSN INC,7282892.55,404303109,US,180493.0,USD,93,2017-12-29,2018-01-01,2018,0.0113494478,HSNI,US4043031099,BBG000TVRK50,B3CLRB1,NASDAQ/NGS (GLOBAL SELECT MARKET),Equity,Common Stock
2017-12-29,XRT,HIBBETT SPORTS INC,5274358.8,428567101,US,258547.0,USD,109,2017-12-29,2018-01-01,2018,0.0082194073,HIBB,US4285671016,BBG000H001V3,2428376,NASDAQ/NGS (GLOBAL SELECT MARKET),Equity,Common Stock
2017-12-29,XRT,GROUPON INC,6662012.7,399473107,US,1306277.0,USD,105,2017-12-29,2018-01-01,2018,0.0103818867,GRPN,US3994731079,BBG000QRKJ70,B77D163,,Equity,Common Stock
2017-12-29,XRT,GAP INC/THE,7719971.48,364760108,US,226658.0,USD,67,2017-12-29,2018-01-01,2018,0.0120305789,GPS,US3647601083,BBG000BKLH74,2360326,"NEW YORK STOCK EXCHANGE, INC.",Equity,Common Stock
2017-12-29,XRT,Group 1 Automotive Inc,6643501.7,398905109,US,93610.0,USD,106,2017-12-29,2018-01-01,2018,0.0103530397,GPI,US3989051095,BBG000BB88K4,2121352,"NEW YORK STOCK EXCHANGE, INC.",Equity,Common Stock
2017-12-29,XRT,GRAINCORP LTD-A GNC,5314098.15,36191G107,US,1440135.0,USD,108,2017-12-29,2018-01-01,2018,0.0082813359,GNC,US36191G1076,BBG0016WLQ18,B3VLKV3,"NEW YORK STOCK EXCHANGE, INC.",Equity,Common Stock
2017-12-29,XRT,GameStop Corp.,7096137.6,36467W109,US,395328.0,USD,99,2017-12-29,2018-01-01,2018,0.0110584144,GME,US36467W1099,BBG000BB5BF6,B0LLFT5,"NEW YORK STOCK EXCHANGE, INC.",Equity,Common Stock
2017-12-29,XRT,GUESS? INC,7667537.44,401617105,US,454238.0,USD,71,2017-12-29,2018-01-01,2018,0.0119488672,GES,US4016171054,BBG000BC26P7,2387109,,Equity,Common Stock
2017-12-29,XRT,Genesco Inc,7797172.5,371532102,US,239913.0,USD,61,2017-12-29,2018-01-01,2018,0.0121508868,GCO,US3715321028,BBG000BK5S78,2367101,"NEW YORK STOCK EXCHANGE, INC.",Equity,Common Stock
2017-12-29,XRT,FOOT LOCKER INC,7912078.24,344849104,US,168773.0,USD,56,2017-12-29,2018-01-01,2018,0.0123299525,FL,US3448491049,BBG000BX8DC4,2980906,,Equity,Common Stock
2017-12-29,XRT,FIVE BELOW,7500261.44,33829M101,US,113092.0,USD,82,2017-12-29,2018-01-01,2018,0.0116881892,FIVE,US33829M1018,BBG001636CR2,B85KFY9,,Equity,Common Stock
2017-12-29,XRT,FINISH LINE INC/THE COMMON STOCK USD 0.01,9917814.75,317923100,US,682575.0,USD,32,2017-12-29,2018-01-01,2018,0.0154556339,FINL,US3179231002,BBG000CRHYC0,2349819,,Equity,Common Stock
2017-12-29,XRT,EXPRESS INC,6866069.0,30219E103,US,676460.0,USD,102,2017-12-29,2018-01-01,2018,0.0106998821,EXPR,US30219E1038,BBG000QB2L61,B464DZ9,,Equity,Common Stock
2017-12-29,XRT,EXPEDIA GROUP INC,7727320.86,30212P303,US,64518.0,USD,66,2017-12-29,2018-01-01,2018,0.012042032,EXPE,US30212P3038,BBG000QY3XZ2,B748CK2,,Equity,
2017-12-29,XRT,DSW INC-CLASS A,7320079.0,23334L102,US,341900.0,USD,91,2017-12-29,2018-01-01,2018,0.0114073981,DSW,US23334L1026,BBG000CF8227,B0BV2V6,,Equity,Common Stock
2017-12-29,XRT,DOLLAR TREE INC,7497642.39,256746108,US,69869.0,USD,83,2017-12-29,2018-01-01,2018,0.0116841077,DLTR,US2567461080,BBG000BSC0K9,2272476,,Equity,Common Stock
2017-12-29,XRT,DICKS SPORTING GOODS INC,7061475.48,253393102,US,245702.0,USD,100,2017-12-29,2018-01-01,2018,0.0110043979,DKS,US2533931026,BBG000F6ZWH2,2969637,,Equity,Common Stock
2017-12-29,XRT,DOLLAR GEN CORP NEW,7557992.6,256677105,US,81260.0,USD,75,2017-12-29,2018-01-01,2018,0.0117781558,DG,US2566771059,BBG000NV1KK7,B5B1S13,"NEW YORK STOCK EXCHANGE, INC.",Equity,Common Stock
2017-12-29,XRT,DILLARDS INC-CL A,7755577.6,254067101,US,129152.0,USD,64,2017-12-29,2018-01-01,2018,0.0120860665,DDS,US2540671011,BBG000BS4MP5,2269768,,Equity,Common Stock
2017-12-29,XRT,CAMPING WORLD HOLDINGS INC-A,7368909.66,13462K109,US,164742.0,USD,89,2017-12-29,2018-01-01,2018,0.0114834944,CWH,US13462K1097,BBG00D2Z7X83,BDCBXH9,,Equity,Common Stock
2017-12-29,XRT,CVS HEALTH CORP,7527602.5,126650100,US,103829.0,USD,79,2017-12-29,2018-01-01,2018,0.0117307967,CVS,US1266501006,BBG000BGRY34,2577609,"NEW YORK STOCK EXCHANGE, INC.",Equity,Common Stock
2017-12-29,XRT,COSTCO WHOLESALE CORP,7517014.56,22160K105,US,40388.0,USD,81,2017-12-29,2018-01-01,2018,0.0117142968,COST,US22160K1051,BBG000F6H8W8,2701271,,Equity,Common Stock
2017-12-29,XRT,CONNS INC,8103515.85,208242107,US,227947.0,USD,47,2017-12-29,2018-01-01,2018,0.0126282833,CONN,US2082421072,BBG000BRWGM2,2925792,NASDAQ/NGS (GLOBAL SELECT MARKET),Equity,Common Stock
2017-12-29,XRT,CHICOS FAS INC,7372346.94,168615102,US,835867.0,USD,88,2017-12-29,2018-01-01,2018,0.011488851,CHS,US1686151028,BBG000BLVBC8,2196781,"NEW YORK STOCK EXCHANGE, INC.",Equity,Common Stock
2017-12-29,XRT,CATO CORP-CLASS A,2240771.84,149205106,US,140752.0,USD,117,2017-12-29,2018-01-01,2018,0.0034919536,CATO,US1492051065,BBG000JX7SX1,2180438,,Equity,Common Stock
2017-12-29,XRT,CASEY S GENERAL STORES INC,6811101.24,147528103,US,60846.0,USD,103,2017-12-29,2018-01-01,2018,0.010614222,CASY,US1475281036,BBG000BF0672,2179414,NASDAQ/NGS (GLOBAL SELECT MARKET),Equity,Common Stock
2017-12-29,XRT,CALERES INC,5244072.84,129500104,US,156633.0,USD,110,2017-12-29,2018-01-01,2018,0.0081722105,CAL,US1295001044,BBG000CYSFS7,BWX4MD9,,Equity,Common Stock
2017-12-29,XRT,BURLINGTON STORES INC,8266877.82,122017106,US,67194.0,USD,41,2017-12-29,2018-01-01,2018,0.0128828619,BURL,US1220171060,BBG004S641N5,BF311Y5,,Equity,Common Stock
2017-12-29,XRT,BARNES & NOBLE INC,4049955.7,067774109,US,604471.0,USD,114,2017-12-29,2018-01-01,2018,0.0063113331,BKS,US0677741094,BBG000BD0Q91,2081144,,Equity,Common Stock
2017-12-29,XRT,PRICELINE GROUP INC/THE,7646056.0,741503403,US,4400.0,USD,72,2017-12-29,2018-01-01,2018,0.0119153912,BKNG,US7415034039,BBG000BLBVN4,2779063,,Equity,Common Stock
2017-12-29,XRT,BUCKLE INC/THE,4891763.75,118440106,US,205969.0,USD,113,2017-12-29,2018-01-01,2018,0.0076231823,BKE,US1184401065,BBG000BD9525,2149934,,Equity,Common Stock
2017-12-29,XRT,BIG LOTS INC,7157047.45,089302103,US,127463.0,USD,97,2017-12-29,2018-01-01,2018,0.0111533345,BIG,US0893021032,BBG000J0D904,2218447,,Equity,Common Stock
2017-12-29,XRT,BEST BUY CO INC,8143410.98,086516101,US,118934.0,USD,45,2017-12-29,2018-01-01,2018,0.0126904547,BBY,US0865161014,BBG000BCWCG1,2094670,,Equity,Common Stock
2017-12-29,XRT,AUTOZONE INC,7482189.66,053332102,US,10518.0,USD,84,2017-12-29,2018-01-01,2018,0.0116600267,AZO,US0533321024,BBG000C7LMS8,2065955,"NEW YORK STOCK EXCHANGE, INC.",Equity,Common Stock
2017-12-29,XRT,ABERCROMBIE & FITCH CO-CL A,7345768.92,002896207,US,421444.0,USD,90,2017-12-29,2018-01-01,2018,0.0114474325,ANF,US0028962076,BBG000H9G7X2,2004185,,Equity,Common Stock
2017-12-29,XRT,AUTONATION INC,7008392.88,05329W102,US,136536.0,USD,101,2017-12-29,2018-01-01,2018,0.0109216755,AN,US05329W1027,BBG000BBXLW4,2732635,,Equity,
2017-12-29,XRT,AMAZON.COM INC,7641316.98,023135106,US,6534.0,USD,73,2017-12-29,2018-01-01,2018,0.011908006,AMZN,US0231351067,BBG000BVPV84,2000019,NASDAQ/NGS (GLOBAL SELECT MARKET),Equity,Common Stock
2017-12-29,XRT,AMERICAN EAGLE OUTFITTERS,8281926.4,02553E106,US,440528.0,USD,38,2017-12-29,2018-01-01,2018,0.0129063131,AEO,US02553E1064,BBG000BGXZB5,2048592,,Equity,Common Stock
2017-12-29,XRT,Asbury Automotive Group Inc,6800128.0,043436104,US,106252.0,USD,104,2017-12-29,2018-01-01,2018,0.0105971216,ABG,US0434361046,BBG000BKDWB5,2855855,"NEW YORK STOCK EXCHANGE, INC.",Equity,Common Stock
2017-12-29,XRT,ADVANCE AUTO PARTS INC,7539455.01,00751Y106,US,75629.0,USD,77,2017-12-29,2018-01-01,2018,0.0117492673,AAP,US00751Y1064,BBG000F7RCJ1,2822019,,Equity,Common Stock
2018-12-31,XRT,SSI US GOV MONEY MARKET CLASS STATE STREET INST US GOV,0.0,924QSGII3,US,0.0,USD,19,2018-12-31,2019-01-01,2019,,,,,,,,
2018-12-31,XRT,SSI US GOV MONEY MARKET CLASS STATE STREET INST US GOV,0.0,924QSGII3,US,0.0,USD,22,2018-12-31,2019-01-01,2019,,,,,,,,
2018-12-31,XRT,SSI US GOV MONEY MARKET CLASS STATE STREET INST US GOV,0.0,924QSGII3,US,0.0,USD,5,2018-12-31,2019-01-01,2019,,,,,,,,
2018-12-31,XRT,SSI US GOV MONEY MARKET CLASS STATE STREET INST US GOV,0.0,924QSGII3,US,0.0,USD,4,2018-12-31,2019-01-01,2019,,,,,,,,
2018-12-31,XRT,SSI US GOV MONEY MARKET CLASS STATE STREET INST US GOV,0.0,924QSGII3,US,0.0,USD,6,2018-12-31,2019-01-01,2019,,,,,,,,
2018-12-31,XRT,SSI US GOV MONEY MARKET CLASS STATE STREET INST US GOV,0.0,924QSGII3,US,0.0,USD,3,2018-12-31,2019-01-01,2019,,,,,,,,
2018-12-31,XRT,SSI US GOV MONEY MARKET CLASS STATE STREET INST US GOV,0.0,924QSGII3,US,0.0,USD,9,2018-12-31,2019-01-01,2019,,,,,,,,
2018-12-31,XRT,SSI US GOV MONEY MARKET CLASS STATE STREET INST US GOV,45380.52,924QSGII3,US,45380.52,USD,124,2018-12-31,2019-01-01,2019,8.71386e-05,,,,,,,
2018-12-31,XRT,SSI US GOV MONEY MARKET CLASS STATE STREET INST US GOV,0.0,924QSGII3,US,0.0,USD,8,2018-12-31,2019-01-01,2019,,,,,,,,
2018-12-31,XRT,SSI US GOV MONEY MARKET CLASS STATE STREET INST US GOV,0.0,924QSGII3,US,0.0,USD,17,2018-12-31,2019-01-01,2019,,,,,,,,
2018-12-31,XRT,SSI US GOV MONEY MARKET CLASS STATE STREET INST US GOV,0.0,924QSGII3,US,0.0,USD,18,2018-12-31,2019-01-01,2019,,,,,,,,
2018-12-31,XRT,SSI US GOV MONEY MARKET CLASS STATE STREET INST US GOV,190242.17,924QSGII3,US,190242.17,USD,123,2018-12-31,2019-01-01,2019,0.0003652985,,,,,,,
2018-12-31,XRT,SSI US GOV MONEY MARKET CLASS STATE STREET INST US GOV,0.0,924QSGII3,US,0.0,USD,12,2018-12-31,2019-01-01,2019,,,,,,,,
2018-12-31,XRT,SSI US GOV MONEY MARKET CLASS STATE STREET INST US GOV,0.0,924QSGII3,US,0.0,USD,21,2018-12-31,2019-01-01,2019,,,,,,,,
2018-12-31,XRT,SSI US GOV MONEY MARKET CLASS STATE STREET INST US GOV,0.0,924QSGII3,US,0.0,USD,26,2018-12-31,2019-01-01,2019,,,,,,,,
2018-12-31,XRT,SSI US GOV MONEY MARKET CLASS STATE STREET INST US GOV,0.0,924QSGII3,US,0.0,USD,11,2018-12-31,2019-01-01,2019,,,,,,,,
2018-12-31,XRT,SSI US GOV MONEY MARKET CLASS STATE STREET INST US GOV,0.0,924QSGII3,US,0.0,USD,10,2018-12-31,2019-01-01,2019,,,,,,,,
2018-12-31,XRT,SSI US GOV MONEY MARKET CLASS STATE STREET INST US GOV,0.0,924QSGII3,US,0.0,USD,23,2018-12-31,2019-01-01,2019,,,,,,,,
2018-12-31,XRT,SSI US GOV MONEY MARKET CLASS STATE STREET INST US GOV,0.0,924QSGII3,US,0.0,USD,15,2018-12-31,2019-01-01,2019,,,,,,,,
2018-12-31,XRT,SSI US GOV MONEY MARKET CLASS STATE STREET INST US GOV,0.0,924QSGII3,US,0.0,USD,25,2018-12-31,2019-01-01,2019,,,,,,,,
2018-12-31,XRT,SSI US GOV MONEY MARKET CLASS STATE STREET INST US GOV,0.0,924QSGII3,US,0.0,USD,24,2018-12-31,2019-01-01,2019,,,,,,,,
2018-12-31,XRT,SSI US GOV MONEY MARKET CLASS STATE STREET INST US GOV,0.0,924QSGII3,US,0.0,USD,2,2018-12-31,2019-01-01,2019,,,,,,,,
2018-12-31,XRT,SSI US GOV MONEY MARKET CLASS STATE STREET INST US GOV,0.0,924QSGII3,US,0.0,USD,1,2018-12-31,2019-01-01,2019,,,,,,,,
2018-12-31,XRT,SSI US GOV MONEY MARKET CLASS STATE STREET INST US GOV,0.0,924QSGII3,US,0.0,USD,13,2018-12-31,2019-01-01,2019,,,,,,,,
2018-12-31,XRT,SSI US GOV MONEY MARKET CLASS STATE STREET INST US GOV,0.0,924QSGII3,US,0.0,USD,14,2018-12-31,2019-01-01,2019,,,,,,,,
2018-12-31,XRT,SSI US GOV MONEY MARKET CLASS STATE STREET INST US GOV,0.0,924QSGII3,US,0.0,USD,16,2018-12-31,2019-01-01,2019,,,,,,,,
2018-12-31,XRT,SSI US GOV MONEY MARKET CLASS STATE STREET INST US GOV,0.0,924QSGII3,US,0.0,USD,7,2018-12-31,2019-01-01,2019,,,,,,,,
2018-12-31,XRT,SSI US GOV MONEY MARKET CLASS STATE STREET INST US GOV,0.0,924QSGII3,US,0.0,USD,20,2018-12-31,2019-01-01,2019,,,,,,,,
2018-12-31,XRT,SSI US GOV MONEY MARKET CLASS STATE STREET INST US GOV,608632.16,924QSGII3,US,608632.16,USD,122,2018-12-31,2019-01-01,2019,0.001168681,,,,,,,
2018-12-31,XRT,ZUMIEZ INC,5085015.03,989817101,US,265259.0,USD,106,2018-12-31,2019-01-01,2019,0.0097641253,ZUMZ,US9898171015,BBG000PYX812,B081QB7,,Equity,Common Stock
2018-12-31,XRT,WAL-MART STORES INC,6045900.75,931142103,US,64905.0,USD,51,2018-12-31,2019-01-01,2019,0.0116091952,WMT,US9311421039,BBG000BWXBC2,2936921,"NEW YORK STOCK EXCHANGE, INC.",Equity,Common Stock
2018-12-31,XRT,WEIS MARKETS INC,2108913.64,948849104,US,44138.0,USD,118,2018-12-31,2019-01-01,2019,0.004049486,WMK,US9488491047,BBG000BWW509,2946845,,Equity,Common Stock
2018-12-31,XRT,WALGREENS BOOTS ALLIANCE INC,5174562.57,931427108,US,75729.0,USD,104,2018-12-31,2019-01-01,2019,0.0099360723,WBA,US9314271084,BBG000BWLMJ4,BTN1Y44,,Equity,Common Stock
2018-12-31,XRT,WAYFAIR INC- CLASS A,5200498.56,94419L101,US,57732.0,USD,103,2018-12-31,2019-01-01,2019,0.009985874,W,US94419L1017,BBG001B17MV2,BQXZP64,,Equity,Common Stock
2018-12-31,XRT,URBAN OUTFITTERS INC,5959532.8,917047102,US,179504.0,USD,57,2018-12-31,2019-01-01,2019,0.0114433535,URBN,US9170471026,BBG000BL79J3,2933438,NASDAQ/NGS (GLOBAL SELECT MARKET),Equity,Common Stock
2018-12-31,XRT,Ulta Beauty  Inc.,5910192.76,90384S303,US,24139.0,USD,59,2018-12-31,2019-01-01,2019,0.011348612,ULTA,US90384S3031,BBG00FWQ4VD6,B28TS42,,Equity,Common Stock
2018-12-31,XRT,TRACTOR SUPPLY COMPANY,5578548.08,892356106,US,66857.0,USD,92,2018-12-31,2019-01-01,2019,0.0107117957,TSCO,US8923561067,BBG000BLXZN1,2900335,NASDAQ/NGS (GLOBAL SELECT MARKET),Equity,Common Stock
2018-12-31,XRT,TAILORED BRANDS INC,5616924.72,87403A107,US,411798.0,USD,90,2018-12-31,2019-01-01,2019,0.0107854856,TLRD,US87403A1079,BBG00C0B4TP3,BZ8FLW0,,Equity,Common Stock
2018-12-31,XRT,TJX COMPANIES INC,5900042.76,872540109,US,131874.0,USD,61,2018-12-31,2019-01-01,2019,0.0113291222,TJX,US8725401090,BBG000BV8DN6,2989301,"NEW YORK STOCK EXCHANGE, INC.",Equity,Common Stock
2018-12-31,XRT,TIFFANY & CO,5808474.46,886547108,US,72146.0,USD,71,2018-12-31,2019-01-01,2019,0.0111532949,TIF,US8865471085,BBG000BV75B7,2892090,"NEW YORK STOCK EXCHANGE, INC.",Equity,Common Stock
2018-12-31,XRT,TARGET CORP,5865487.5,87612E106,US,88750.0,USD,65,2018-12-31,2019-01-01,2019,0.01126277,TGT,US87612E1064,BBG000H8TVT2,2259101,"NEW YORK STOCK EXCHANGE, INC.",Equity,Common Stock
2018-12-31,XRT,STAMPS.COM INC,5752765.68,852857200,US,36962.0,USD,79,2018-12-31,2019-01-01,2019,0.0110463242,STMP,US8528572006,BBG000CZ4KF3,B013D75,,Equity,Common Stock
2018-12-31,XRT,SHUTTERSTOCK INC,5835240.45,825690100,US,162045.0,USD,70,2018-12-31,2019-01-01,2019,0.0112046903,SSTK,US8256901005,BBG002ZCK2V9,B7ZR219,,Equity,Common Stock
2018-12-31,XRT,SIGNET JEWELERS LTD COMMON STOCK USD.18,5807683.08,,US,182804.0,USD,72,2018-12-31,2019-01-01,2019,0.0111517753,SIG,BMG812761002,BBG000C4ZZ10,B3CTNK6,,Equity,Common Stock
2018-12-31,XRT,SPROUTS FARMERS MARKET INC,5850228.4,85208M102,US,248840.0,USD,67,2018-12-31,2019-01-01,2019,0.0112334698,SFM,US85208M1027,BBG001KFKQM7,BCGCR79,NASDAQ/NGS (GLOBAL SELECT MARKET),Equity,Common Stock
2018-12-31,XRT,SHUTTERFLY INC,5544727.98,82568P304,US,137723.0,USD,94,2018-12-31,2019-01-01,2019,0.0106468552,SFLY,US82568P3047,BBG000C3CT93,B188HK1,,Equity,Common Stock
2018-12-31,XRT,Stitch Fix Inc. Class A,5007609.26,860897107,US,293014.0,USD,107,2018-12-31,2019-01-01,2019,0.0096154925,SFIX,US8608971078,BBG0046L1KL9,BF3FPW3,,Equity,Common Stock
2018-12-31,XRT,SHOE CARNIVAL INC,6119797.26,824889109,US,182626.0,USD,42,2018-12-31,2019-01-01,2019,0.0117510895,SCVL,US8248891090,BBG000BF4DG3,2805474,,Equity,Common Stock
2018-12-31,XRT,SALLY BEAUTY HOLDINGS INC,5451021.4,79546E104,US,319708.0,USD,99,2018-12-31,2019-01-01,2019,0.010466922,SBH,US79546E1047,BBG000LR8515,B1GZ005,,Equity,Common Stock
2018-12-31,XRT,SONIC AUTOMOTIVE INC-CLASS A,1548316.48,83545G102,US,112523.0,USD,120,2018-12-31,2019-01-01,2019,0.0029730406,SAH,US83545G1022,BBG000BBMNG0,2125246,,Equity,Common Stock
2018-12-31,XRT,ROSS STORES INC,6262380.8,778296103,US,75269.0,USD,36,2018-12-31,2019-01-01,2019,0.0120248751,ROST,US7782961038,BBG000BSBZH7,2746711,NASDAQ/NGS (GLOBAL SELECT MARKET),Equity,Common Stock
2018-12-31,XRT,RENT-A-CENTER INC,5930591.28,76009N100,US,366312.0,USD,58,2018-12-31,2019-01-01,2019,0.0113877807,RCII,US76009N1000,BBG000BHQJX3,2733092,,Equity,Common Stock
2018-12-31,XRT,RITE AID CORP,4721973.32,767754104,US,6666629.0,USD,110,2018-12-31,2019-01-01,2019,0.0090670212,RAD,US7677541044,BBG000BRWGG9,2740809,,Equity,Common Stock
2018-12-31,XRT,QUOTIENT TECHNOLOGY INC,3160532.4,749119103,US,295930.0,USD,114,2018-12-31,2019-01-01,2019,0.0060687794,QUOT,US7491191034,BBG001QYNR63,BYWCCM7,,Equity,Common Stock
2018-12-31,XRT,QURATE RETAIL INC,5799411.52,74915M100,US,297101.0,USD,74,2018-12-31,2019-01-01,2019,0.0111358925,QRTEA,US74915M1009,BBG000PCQQL6,BZ19HB0,,Equity,Common Stock
2018-12-31,XRT,PRICESMART INC,5447719.8,741511109,US,92178.0,USD,100,2018-12-31,2019-01-01,2019,0.0104605824,PSMT,US7415111092,BBG000BTKR92,2092942,,Equity,Common Stock
2018-12-31,XRT,PARTY CITY HOLDCO INC,6426231.78,702149105,US,643911.0,USD,30,2018-12-31,2019-01-01,2019,0.0123394978,PRTY,US7021491052,BBG005WX31L1,BWTVWC3,,Equity,Common Stock
2018-12-31,XRT,CHILDRENS PLACE INC/THE,5796120.33,168905107,US,64337.0,USD,75,2018-12-31,2019-01-01,2019,0.0111295728,PLCE,US1689051076,BBG000JK9DK4,2106791,NASDAQ/NGS (GLOBAL SELECT MARKET),Equity,Common Stock
2018-12-31,XRT,PETMED EXPRESS INC,6115286.6,716382106,US,262910.0,USD,43,2018-12-31,2019-01-01,2019,0.0117424283,PETS,US7163821066,BBG000BDYQR4,2143099,,Equity,Common Stock
2018-12-31,XRT,PENSKE AUTOMOTIVE GROUP INC,6187184.64,70959W103,US,153452.0,USD,38,2018-12-31,2019-01-01,2019,0.0118804852,PAG,US70959W1036,BBG000H6K1B0,2943523,,Equity,Common Stock
2018-12-31,XRT,OVERSTOCK.COM INC,4702292.28,690370101,US,346266.0,USD,111,2018-12-31,2019-01-01,2019,0.0090292301,OSTK,US6903701018,BBG000BF7BV7,2855930,,Equity,Common Stock
2018-12-31,XRT,OREILLY AUTOMOTIVE INC,5903193.52,67103H107,US,17144.0,USD,60,2018-12-31,2019-01-01,2019,0.0113351722,ORLY,US67103H1077,BBG000BGYWY6,B65LWX6,NASDAQ/NGS (GLOBAL SELECT MARKET),Equity,Common Stock
2018-12-31,XRT,OLLIES BARGAIN OUTLET HOLDI,5971001.76,681116109,US,89776.0,USD,56,2018-12-31,2019-01-01,2019,0.011465376,OLLI,US6811161099,BBG0098VVDT9,BZ22B38,NASDAQ/NMS (GLOBAL MARKET),Equity,Common Stock
2018-12-31,XRT,OFFICE DEPOT INC,5593981.8,676220106,US,2168210.0,USD,91,2018-12-31,2019-01-01,2019,0.0107414312,ODP,US6762201068,BBG000CNZC55,2655981,,Equity,Common Stock
2018-12-31,XRT,NUTRISYSTEM INC,5971585.32,67069D108,US,136089.0,USD,55,2018-12-31,2019-01-01,2019,0.0114664965,NTRI,US67069D1081,BBG000CRTLP1,2620398,,Equity,Common Stock
2018-12-31,XRT,MURPHY USA INC,6040151.68,626755102,US,78812.0,USD,52,2018-12-31,2019-01-01,2019,0.011598156,MUSA,US6267551025,BBG001Z0Q6T5,BCZWJ63,,Equity,Common Stock
2018-12-31,XRT,Monro  Inc.,5466243.75,610236101,US,79509.0,USD,97,2018-12-31,2019-01-01,2019,0.0104961516,MNRO,US6102361010,BBG000C0BZD1,2600088,NASDAQ/NGS (GLOBAL SELECT MARKET),Equity,Common Stock
2018-12-31,XRT,The Michaels Companies Inc.,5495655.82,59408Q106,US,405883.0,USD,95,2018-12-31,2019-01-01,2019,0.010552628,MIK,US59408Q1067,BBG005CPNTS0,BNG83R6,,Equity,Common Stock
2018-12-31,XRT,MACYS INC,5800995.1,55616P104,US,194795.0,USD,73,2018-12-31,2019-01-01,2019,0.0111389332,M,US55616P1049,BBG000C46HM9,2345022,"NEW YORK STOCK EXCHANGE, INC.",Equity,Common Stock
2018-12-31,XRT,LIBERTY EXPEDIA HOLD-A,5640326.87,53046P109,US,144217.0,USD,87,2018-12-31,2019-01-01,2019,0.0108304219,LEXEA,US53046P1093,BBG00BFHL5F0,BD8R2H4,,Equity,Common Stock
2018-12-31,XRT,LANDS END INC,1872011.19,51509F105,US,131739.0,USD,119,2018-12-31,2019-01-01,2019,0.0035945915,LE,US51509F1057,BBG005P337D1,BKWQKM7,NASDAQ CAPITAL MARKET,Equity,Common Stock
2018-12-31,XRT,L BRANDS INC,4964090.27,501797104,US,193381.0,USD,108,2018-12-31,2019-01-01,2019,0.0095319284,LB,US5017971046,BBG000BNGTQ7,B9M2WX3,"NEW YORK STOCK EXCHANGE, INC.",Equity,Common Stock
2018-12-31,XRT,Lithia Motors Inc,6580332.97,536797103,US,86209.0,USD,27,2018-12-31,2019-01-01,2019,0.0126353993,LAD,US5367971034,BBG000K3BC83,2515030,"NEW YORK STOCK EXCHANGE, INC.",Equity,Common Stock
2018-12-31,XRT,Kohls Corp,6458132.66,500255104,US,97349.0,USD,28,2018-12-31,2019-01-01,2019,0.0124007532,KSS,US5002551043,BBG000CS7CT9,2496113,"NEW YORK STOCK EXCHANGE, INC.",Equity,Common Stock
2018-12-31,XRT,KROGER CO,5549390.0,501044101,US,201796.0,USD,93,2018-12-31,2019-01-01,2019,0.0106558071,KR,US5010441013,BBG000BMY992,2497406,"NEW YORK STOCK EXCHANGE, INC.",Equity,Common Stock
2018-12-31,XRT,CARMAX INC,6111658.44,143130102,US,97428.0,USD,44,2018-12-31,2019-01-01,2019,0.0117354616,KMX,US1431301027,BBG000BLMZK6,2983563,,Equity,Common Stock
2018-12-31,XRT,NORDSTROM INC,5716809.72,655664100,US,122652.0,USD,82,2018-12-31,2019-01-01,2019,0.0109772824,JWN,US6556641008,BBG000G8N9C6,2641827,,Equity,Common Stock
2018-12-31,XRT,J.C. PENNEY CO INC,5167585.28,708160106,US,4968832.0,USD,105,2018-12-31,2019-01-01,2019,0.0099226747,JCP,US7081601061,BBG000BMF5J0,2680303,,Equity,Common Stock
2018-12-31,XRT,INGLES MARKETS INC-CLASS A,834265.78,457030104,US,30649.0,USD,121,2018-12-31,2019-01-01,2019,0.0016019374,IMKTA,US4570301048,BBG000BLXDJ5,2460550,,Equity,Common Stock
2018-12-31,XRT,MARINEMAX INC,2764279.01,567908108,US,150971.0,USD,116,2018-12-31,2019-01-01,2019,0.005307903,HZO,US5679081084,BBG000C1SRH5,2250353,,Equity,Common Stock
2018-12-31,XRT,GRUBHUB INC,5782026.37,400110102,US,75277.0,USD,77,2018-12-31,2019-01-01,2019,0.0111025099,GRUB,US4001101025,BBG001KWG293,BKY7XF2,,Equity,Common Stock
2018-12-31,XRT,GROUPON INC,6076518.4,399473107,US,1898912.0,USD,46,2018-12-31,2019-01-01,2019,0.0116679865,GRPN,US3994731079,BBG000QRKJ70,B77D163,,Equity,Common Stock
2018-12-31,XRT,GAP INC/THE,5772532.64,364760108,US,224089.0,USD,78,2018-12-31,2019-01-01,2019,0.0110842803,GPS,US3647601083,BBG000BKLH74,2360326,"NEW YORK STOCK EXCHANGE, INC.",Equity,Common Stock
2018-12-31,XRT,Group 1 Automotive Inc,6208992.56,398905109,US,117773.0,USD,37,2018-12-31,2019-01-01,2019,0.0119223602,GPI,US3989051095,BBG000BB88K4,2121352,"NEW YORK STOCK EXCHANGE, INC.",Equity,Common Stock
2018-12-31,XRT,GameStop Corp.,5897326.0,36467W109,US,467300.0,USD,62,2018-12-31,2019-01-01,2019,0.0113239055,GME,US36467W1099,BBG000BB5BF6,B0LLFT5,"NEW YORK STOCK EXCHANGE, INC.",Equity,Common Stock
2018-12-31,XRT,GUESS? INC,6052544.16,401617105,US,291408.0,USD,49,2018-12-31,2019-01-01,2019,0.0116219517,GES,US4016171054,BBG000BC26P7,2387109,,Equity,Common Stock
2018-12-31,XRT,Genesco Inc,6152339.7,371532102,US,138879.0,USD,39,2018-12-31,2019-01-01,2019,0.0118135768,GCO,US3715321028,BBG000BK5S78,2367101,"NEW YORK STOCK EXCHANGE, INC.",Equity,Common Stock
2018-12-31,XRT,FOOT LOCKER INC,6439966.4,344849104,US,121052.0,USD,29,2018-12-31,2019-01-01,2019,0.0123658707,FL,US3448491049,BBG000BX8DC4,2980906,,Equity,Common Stock
2018-12-31,XRT,FIVE BELOW,6097146.48,33829M101,US,59589.0,USD,45,2018-12-31,2019-01-01,2019,0.0117075961,FIVE,US33829M1018,BBG001636CR2,B85KFY9,,Equity,Common Stock
2018-12-31,XRT,National Vision Holdings Inc,5629182.93,63845R107,US,199829.0,USD,89,2018-12-31,2019-01-01,2019,0.0108090235,EYE,US63845R1077,BBG00HVQF9K2,BYP71H7,,Equity,Common Stock
2018-12-31,XRT,EXPRESS INC,5460275.17,30219E103,US,1068547.0,USD,98,2018-12-31,2019-01-01,2019,0.0104846909,EXPR,US30219E1038,BBG000QB2L61,B464DZ9,,Equity,Common Stock
2018-12-31,XRT,EXPEDIA GROUP INC,5675644.95,30212P303,US,50383.0,USD,86,2018-12-31,2019-01-01,2019,0.0108982388,EXPE,US30212P3038,BBG000QY3XZ2,B748CK2,,Equity,
2018-12-31,XRT,ETSY INC,5219427.97,29786A106,US,109721.0,USD,102,2018-12-31,2019-01-01,2019,0.0100222218,ETSY,US29786A1060,BBG000N7MXL8,BWTN5N1,,Equity,Common Stock
2018-12-31,XRT,EBAY INC,5789156.8,278642103,US,206240.0,USD,76,2018-12-31,2019-01-01,2019,0.0111162016,EBAY,US2786421030,BBG000C43RR5,2293819,NASDAQ/NGS (GLOBAL SELECT MARKET),Equity,Common Stock
2018-12-31,XRT,DSW INC-CLASS A,6315073.7,23334L102,US,255671.0,USD,34,2018-12-31,2019-01-01,2019,0.0121260547,DSW,US23334L1026,BBG000CF8227,B0BV2V6,,Equity,Common Stock
2018-12-31,XRT,DOLLAR TREE INC,6271730.48,256746108,US,69439.0,USD,35,2018-12-31,2019-01-01,2019,0.0120428281,DLTR,US2567461080,BBG000BSC0K9,2272476,,Equity,Common Stock
2018-12-31,XRT,DICKS SPORTING GOODS INC,5376290.4,253393102,US,172317.0,USD,101,2018-12-31,2019-01-01,2019,0.0103234253,DKS,US2533931026,BBG000F6ZWH2,2969637,,Equity,Common Stock
2018-12-31,XRT,DOLLAR GEN CORP NEW,6137647.04,256677105,US,56788.0,USD,40,2018-12-31,2019-01-01,2019,0.0117853643,DG,US2566771059,BBG000NV1KK7,B5B1S13,"NEW YORK STOCK EXCHANGE, INC.",Equity,Common Stock
2018-12-31,XRT,DILLARDS INC-CL A,5848019.46,254067101,US,96966.0,USD,68,2018-12-31,2019-01-01,2019,0.0112292283,DDS,US2540671011,BBG000BS4MP5,2269768,,Equity,Common Stock
2018-12-31,XRT,CAMPING WORLD HOLDINGS INC-A,4614667.75,13462K109,US,402325.0,USD,112,2018-12-31,2019-01-01,2019,0.0088609756,CWH,US13462K1097,BBG00D2Z7X83,BDCBXH9,,Equity,Common Stock
2018-12-31,XRT,Carvana Co.,6066298.47,146869102,US,185457.0,USD,48,2018-12-31,2019-01-01,2019,0.0116483624,CVNA,US1468691027,BBG00GCTWDJ3,BYQHPG3,,Equity,Common Stock
2018-12-31,XRT,AMERICAS CAR-MART INC,2791281.15,03062T105,US,38527.0,USD,115,2018-12-31,2019-01-01,2019,0.0053597519,CRMT,US03062T1051,BBG000CM6L31,2813961,,Equity,Common Stock
2018-12-31,XRT,COSTCO WHOLESALE CORP,5869088.81,22160K105,US,28811.0,USD,64,2018-12-31,2019-01-01,2019,0.0112696851,COST,US22160K1051,BBG000F6H8W8,2701271,,Equity,Common Stock
2018-12-31,XRT,CONNS INC,5485544.16,208242107,US,290856.0,USD,96,2018-12-31,2019-01-01,2019,0.0105332118,CONN,US2082421072,BBG000BRWGM2,2925792,NASDAQ/NGS (GLOBAL SELECT MARKET),Equity,Common Stock
2018-12-31,XRT,CHICOS FAS INC,5889310.4,168615102,US,1047920.0,USD,63,2018-12-31,2019-01-01,2019,0.0113085141,CHS,US1686151028,BBG000BLVBC8,2196781,"NEW YORK STOCK EXCHANGE, INC.",Equity,Common Stock
2018-12-31,XRT,CATO CORP-CLASS A,2570954.55,149205106,US,180165.0,USD,117,2018-12-31,2019-01-01,2019,0.0049366859,CATO,US1492051065,BBG000JX7SX1,2180438,,Equity,Common Stock
2018-12-31,XRT,CASEY S GENERAL STORES INC,5687237.62,147528103,US,44383.0,USD,84,2018-12-31,2019-01-01,2019,0.0109204988,CASY,US1475281036,BBG000BF0672,2179414,NASDAQ/NGS (GLOBAL SELECT MARKET),Equity,Common Stock
2018-12-31,XRT,CALERES INC,5863947.98,129500104,US,210706.0,USD,66,2018-12-31,2019-01-01,2019,0.0112598138,CAL,US1295001044,BBG000CYSFS7,BWX4MD9,,Equity,Common Stock
2018-12-31,XRT,BURLINGTON STORES INC,6129568.27,122017106,US,37681.0,USD,41,2018-12-31,2019-01-01,2019,0.0117698516,BURL,US1220171060,BBG004S641N5,BF311Y5,,Equity,Common Stock
2018-12-31,XRT,BOOT BARN HOLDINGS INC,6018981.02,099406100,US,353434.0,USD,53,2018-12-31,2019-01-01,2019,0.0115575046,BOOT,US0994061002,BBG0077SYZV6,BRS6600,,Equity,Common Stock
2018-12-31,XRT,BARNES & NOBLE INC,4376486.84,067774109,US,617276.0,USD,113,2018-12-31,2019-01-01,2019,0.0084036262,BKS,US0677741094,BBG000BD0Q91,2081144,,Equity,Common Stock
2018-12-31,XRT,BOOKING HOLDINGS INC,5680541.16,09857L108,US,3298.0,USD,85,2018-12-31,2019-01-01,2019,0.0109076404,BKNG,US09857L1089,BBG000BLBVN4,BDRXDB4,,Equity,Common Stock
2018-12-31,XRT,BUCKLE INC/THE,6072856.7,118440106,US,314005.0,USD,47,2018-12-31,2019-01-01,2019,0.0116609554,BKE,US1184401065,BBG000BD9525,2149934,,Equity,Common Stock
2018-12-31,XRT,BJ's Wholesale Club Holdings Inc.,5846916.0,05550J101,US,263850.0,USD,69,2018-12-31,2019-01-01,2019,0.0112271094,BJ,US05550J1016,BBG00FQ8T4G3,BFZNZF8,,Equity,Common Stock
2018-12-31,XRT,BIG LOTS INC,6050642.4,089302103,US,209220.0,USD,50,2018-12-31,2019-01-01,2019,0.0116183,BIG,US0893021032,BBG000J0D904,2218447,,Equity,Common Stock
2018-12-31,XRT,BEST BUY CO INC,5702838.72,086516101,US,107682.0,USD,83,2018-12-31,2019-01-01,2019,0.0109504557,BBY,US0865161014,BBG000BCWCG1,2094670,,Equity,Common Stock
2018-12-31,XRT,AUTOZONE INC,5736760.62,053332102,US,6843.0,USD,80,2018-12-31,2019-01-01,2019,0.0110155917,AZO,US0533321024,BBG000C7LMS8,2065955,"NEW YORK STOCK EXCHANGE, INC.",Equity,Common Stock
2018-12-31,XRT,ASCENA RETAIL GROUP INC,4804416.1,04351G101,US,1914110.0,USD,109,2018-12-31,2019-01-01,2019,0.0092253258,ASNA,US04351G1013,BBG000BGZ9V9,B65D9Z3,,Equity,Common Stock
2018-12-31,XRT,ABERCROMBIE & FITCH CO-CL A,6325073.25,002896207,US,315465.0,USD,33,2018-12-31,2019-01-01,2019,0.0121452556,ANF,US0028962076,BBG000H9G7X2,2004185,,Equity,Common Stock
2018-12-31,XRT,AUTONATION INC,6378376.2,05329W102,US,178666.0,USD,31,2018-12-31,2019-01-01,2019,0.0122476067,AN,US05329W1027,BBG000BBXLW4,2732635,,Equity,
2018-12-31,XRT,AMAZON.COM INC,5639897.35,023135106,US,3755.0,USD,88,2018-12-31,2019-01-01,2019,0.0108295971,AMZN,US0231351067,BBG000BVPV84,2000019,NASDAQ/NGS (GLOBAL SELECT MARKET),Equity,Common Stock
2018-12-31,XRT,AMERICAN EAGLE OUTFITTERS,6339930.72,02553E106,US,327984.0,USD,32,2018-12-31,2019-01-01,2019,0.0121737846,AEO,US02553E1064,BBG000BGXZB5,2048592,,Equity,Common Stock
2018-12-31,XRT,Asbury Automotive Group Inc,5994200.52,043436104,US,89922.0,USD,54,2018-12-31,2019-01-01,2019,0.0115099217,ABG,US0434361046,BBG000BKDWB5,2855855,"NEW YORK STOCK EXCHANGE, INC.",Equity,Common Stock
2018-12-31,XRT,ADVANCE AUTO PARTS INC,5734535.74,00751Y106,US,36419.0,USD,81,2018-12-31,2019-01-01,2019,0.0110113195,AAP,US00751Y1064,BBG000F7RCJ1,2822019,,Equity,Common Stock
2019-12-31,XRT,STATE STREET INSTITUTIONAL LIQ STATE ST INST LIQ RES PREM,202815.13,964WKM905,,202794.85,USD,176,2019-12-30,2020-01-01,2020,0.0009013927,,,,,,,
2019-12-31,XRT,ZUMIEZ INC,2650102.56,989817101,US,78036.0,USD,124,2019-12-30,2020-01-01,2020,0.0117781311,ZUMZ,US9898171015,BBG000PYX812,B081QB7,,Equity,Common Stock
2019-12-31,XRT,WAL-MART STORES INC,2739036.0,931142103,US,22940.0,USD,102,2019-12-30,2020-01-01,2020,0.0121733874,WMT,US9311421039,BBG000BWXBC2,2936921,"NEW YORK STOCK EXCHANGE, INC.",Equity,Common Stock
2019-12-31,XRT,WEIS MARKETS INC,622604.7,948849104,US,15354.0,USD,170,2019-12-30,2020-01-01,2020,0.0027671079,WMK,US9488491047,BBG000BWW509,2946845,,Equity,Common Stock
2019-12-31,XRT,WALGREENS BOOTS ALLIANCE INC,2809889.18,931427108,US,47698.0,USD,64,2019-12-30,2020-01-01,2020,0.0124882877,WBA,US9314271084,BBG000BWLMJ4,BTN1Y44,,Equity,Common Stock
2019-12-31,XRT,WAYFAIR INC- CLASS A,2745987.78,94419L101,US,30678.0,USD,100,2019-12-30,2020-01-01,2020,0.012204284,W,US94419L1017,BBG001B17MV2,BQXZP64,,Equity,Common Stock
2019-12-31,XRT,URBAN OUTFITTERS INC,2843101.11,917047102,US,103123.0,USD,50,2019-12-30,2020-01-01,2020,0.012635895,URBN,US9170471026,BBG000BL79J3,2933438,NASDAQ/NGS (GLOBAL SELECT MARKET),Equity,Common Stock
2019-12-31,XRT,Ulta Beauty  Inc.,2736196.1,90384S303,US,10886.0,USD,104,2019-12-30,2020-01-01,2020,0.0121607658,ULTA,US90384S3031,BBG00FWQ4VD6,B28TS42,,Equity,Common Stock
2019-12-31,XRT,TRACTOR SUPPLY COMPANY,2697351.5,892356106,US,29035.0,USD,112,2019-12-30,2020-01-01,2020,0.0119881246,TSCO,US8923561067,BBG000BLXZN1,2900335,NASDAQ/NGS (GLOBAL SELECT MARKET),Equity,Common Stock
2019-12-31,XRT,TJX COMPANIES INC,2797304.1,872540109,US,45730.0,USD,72,2019-12-30,2020-01-01,2020,0.0124323545,TJX,US8725401090,BBG000BV8DN6,2989301,"NEW YORK STOCK EXCHANGE, INC.",Equity,Common Stock
2019-12-31,XRT,TIFFANY & CO,2755427.64,886547108,US,20643.0,USD,96,2019-12-30,2020-01-01,2020,0.0122462385,TIF,US8865471085,BBG000BV75B7,2892090,"NEW YORK STOCK EXCHANGE, INC.",Equity,Common Stock
2019-12-31,XRT,TARGET CORP,2793175.19,87612E106,US,21671.0,USD,74,2019-12-30,2020-01-01,2020,0.012414004,TGT,US87612E1064,BBG000H8TVT2,2259101,"NEW YORK STOCK EXCHANGE, INC.",Equity,Common Stock
2019-12-31,XRT,STAMPS.COM INC,2757924.4,852857200,US,33208.0,USD,92,2019-12-30,2020-01-01,2020,0.0122573352,STMP,US8528572006,BBG000CZ4KF3,B013D75,,Equity,Common Stock
2019-12-31,XRT,SHUTTERSTOCK INC,1516342.5,825690100,US,35470.0,USD,160,2019-12-30,2020-01-01,2020,0.0067392414,SSTK,US8256901005,BBG002ZCK2V9,B7ZR219,,Equity,Common Stock
2019-12-31,XRT,SIGNET JEWELERS LTD COMMON STOCK USD.18,2957586.65,,US,137243.0,USD,20,2019-12-30,2020-01-01,2020,0.0131447152,SIG,BMG812761002,BBG000C4ZZ10,B3CTNK6,,Equity,Common Stock
2019-12-31,XRT,SPROUTS FARMERS MARKET INC,2746464.72,85208M102,US,140592.0,USD,98,2019-12-30,2020-01-01,2020,0.0122064037,SFM,US85208M1027,BBG001KFKQM7,BCGCR79,NASDAQ/NGS (GLOBAL SELECT MARKET),Equity,Common Stock
2019-12-31,XRT,Stitch Fix Inc. Class A,2728371.2,860897107,US,106577.0,USD,110,2019-12-30,2020-01-01,2020,0.0121259887,SFIX,US8608971078,BBG0046L1KL9,BF3FPW3,,Equity,Common Stock
2019-12-31,XRT,SALLY BEAUTY HOLDINGS INC,2787813.84,79546E104,US,153768.0,USD,76,2019-12-30,2020-01-01,2020,0.012390176,SBH,US79546E1047,BBG000LR8515,B1GZ005,,Equity,Common Stock
2019-12-31,XRT,SONIC AUTOMOTIVE INC-CLASS A,1821934.68,83545G102,US,59077.0,USD,154,2019-12-30,2020-01-01,2020,0.008097417,SAH,US83545G1022,BBG000BBMNG0,2125246,,Equity,Common Stock
2019-12-31,XRT,RUBICON PROJECT INC/THE,1211791.23,78112V102,US,152811.0,USD,162,2019-12-30,2020-01-01,2020,0.005385692,RUBI,US78112V1026,BBG000PBDRC0,BKXNFW2,,Equity,Common Stock
2019-12-31,XRT,ROSS STORES INC,2782835.5,778296103,US,23887.0,USD,82,2019-12-30,2020-01-01,2020,0.0123680502,ROST,US7782961038,BBG000BSBZH7,2746711,NASDAQ/NGS (GLOBAL SELECT MARKET),Equity,Common Stock
2019-12-31,XRT,RENT-A-CENTER INC,2844564.48,76009N100,US,98496.0,USD,48,2019-12-30,2020-01-01,2020,0.0126423988,RCII,US76009N1000,BBG000BHQJX3,2733092,,Equity,Common Stock
2019-12-31,XRT,RITE AID CORP,5825428.83,767754872,US,364317.0,USD,2,2019-12-30,2020-01-01,2020,0.0258905696,RAD,US7677548726,BBG000BRWGG9,BJNQGL0,,Equity,Common Stock
2019-12-31,XRT,QUOTIENT TECHNOLOGY INC,802259.92,749119103,US,84271.0,USD,166,2019-12-30,2020-01-01,2020,0.0035655686,QUOT,US7491191034,BBG001QYNR63,BYWCCM7,,Equity,Common Stock
2019-12-31,XRT,QURATE RETAIL INC,2831817.97,74915M100,US,337523.0,USD,54,2019-12-30,2020-01-01,2020,0.0125857482,QRTEA,US74915M1009,BBG000PCQQL6,BZ19HB0,,Equity,Common Stock
2019-12-31,XRT,PRICESMART INC,2302704.1,741511109,US,32051.0,USD,144,2019-12-30,2020-01-01,2020,0.0102341514,PSMT,US7415111092,BBG000BTKR92,2092942,,Equity,Common Stock
2019-12-31,XRT,CHILDRENS PLACE INC/THE,3131220.33,168905107,US,50939.0,USD,6,2019-12-30,2020-01-01,2020,0.0139164137,PLCE,US1689051076,BBG000JK9DK4,2106791,NASDAQ/NGS (GLOBAL SELECT MARKET),Equity,Common Stock
2019-12-31,XRT,PETMED EXPRESS INC,2499287.0,716382106,US,107450.0,USD,138,2019-12-30,2020-01-01,2020,0.0111078456,PETS,US7163821066,BBG000BDYQR4,2143099,,Equity,Common Stock
2019-12-31,XRT,PENSKE AUTOMOTIVE GROUP INC,2667326.2,70959W103,US,53060.0,USD,118,2019-12-30,2020-01-01,2020,0.01185468,PAG,US70959W1036,BBG000H6K1B0,2943523,,Equity,Common Stock
2019-12-31,XRT,OREILLY AUTOMOTIVE INC,2732687.46,67103H107,US,6246.0,USD,108,2019-12-30,2020-01-01,2020,0.0121451719,ORLY,US67103H1077,BBG000BGYWY6,B65LWX6,NASDAQ/NGS (GLOBAL SELECT MARKET),Equity,Common Stock
2019-12-31,XRT,OLLIES BARGAIN OUTLET HOLDI,2622085.14,681116109,US,39983.0,USD,130,2019-12-30,2020-01-01,2020,0.0116536104,OLLI,US6811161099,BBG0098VVDT9,BZ22B38,NASDAQ/NMS (GLOBAL MARKET),Equity,Common Stock
2019-12-31,XRT,OFFICE DEPOT INC,2675127.3,676220106,US,1009482.0,USD,116,2019-12-30,2020-01-01,2020,0.0118893512,ODP,US6762201068,BBG000CNZC55,2655981,,Equity,Common Stock
2019-12-31,XRT,MURPHY USA INC,2779942.65,626755102,US,23645.0,USD,86,2019-12-30,2020-01-01,2020,0.0123551932,MUSA,US6267551025,BBG001Z0Q6T5,BCZWJ63,,Equity,Common Stock
2019-12-31,XRT,Monro  Inc.,2734496.84,610236101,US,34861.0,USD,106,2019-12-30,2020-01-01,2020,0.0121532136,MNRO,US6102361010,BBG000C0BZD1,2600088,NASDAQ/NGS (GLOBAL SELECT MARKET),Equity,Common Stock
2019-12-31,XRT,The Michaels Companies Inc.,3213101.32,59408Q106,US,429559.0,USD,4,2019-12-30,2020-01-01,2020,0.0142803261,MIK,US59408Q1067,BBG005CPNTS0,BNG83R6,,Equity,Common Stock
2019-12-31,XRT,MACYS INC,3046387.89,55616P104,US,181657.0,USD,14,2019-12-30,2020-01-01,2020,0.013539384,M,US55616P1049,BBG000C46HM9,2345022,"NEW YORK STOCK EXCHANGE, INC.",Equity,Common Stock
2019-12-31,XRT,L BRANDS INC,2815920.38,501797104,US,155834.0,USD,62,2019-12-30,2020-01-01,2020,0.0125150928,LB,US5017971046,BBG000BNGTQ7,B9M2WX3,"NEW YORK STOCK EXCHANGE, INC.",Equity,Common Stock
2019-12-31,XRT,Lithia Motors Inc,2584083.9,536797103,US,17543.0,USD,136,2019-12-30,2020-01-01,2020,0.0114847174,LAD,US5367971034,BBG000K3BC83,2515030,"NEW YORK STOCK EXCHANGE, INC.",Equity,Common Stock
2019-12-31,XRT,Kohls Corp,2890300.76,500255104,US,57098.0,USD,36,2019-12-30,2020-01-01,2020,0.0128456694,KSS,US5002551043,BBG000CS7CT9,2496113,"NEW YORK STOCK EXCHANGE, INC.",Equity,Common Stock
2019-12-31,XRT,KROGER CO,2853343.28,501044101,US,98188.0,USD,44,2019-12-30,2020-01-01,2020,0.0126814154,KR,US5010441013,BBG000BMY992,2497406,"NEW YORK STOCK EXCHANGE, INC.",Equity,Common Stock
2019-12-31,XRT,CARMAX INC,2463864.83,143130102,US,28181.0,USD,140,2019-12-30,2020-01-01,2020,0.0109504151,KMX,US1431301027,BBG000BLMZK6,2983563,,Equity,Common Stock
2019-12-31,XRT,NORDSTROM INC,2922600.14,655664100,US,71879.0,USD,26,2019-12-30,2020-01-01,2020,0.012989221,JWN,US6556641008,BBG000G8N9C6,2641827,,Equity,Common Stock
2019-12-31,XRT,INGLES MARKETS INC-CLASS A,674762.4,457030104,US,13884.0,USD,168,2019-12-30,2020-01-01,2020,0.0029989179,IMKTA,US4570301048,BBG000BLXDJ5,2460550,,Equity,Common Stock
2019-12-31,XRT,MARINEMAX INC,484646.91,567908108,US,29073.0,USD,174,2019-12-30,2020-01-01,2020,0.0021539675,HZO,US5679081084,BBG000C1SRH5,2250353,,Equity,Common Stock
2019-12-31,XRT,HIBBETT SPORTS INC,2589750.48,428567101,US,93628.0,USD,134,2019-12-30,2020-01-01,2020,0.011509902,HIBB,US4285671016,BBG000H001V3,2428376,NASDAQ/NGS (GLOBAL SELECT MARKET),Equity,Common Stock
2019-12-31,XRT,GRUBHUB INC,3056810.4,400110102,US,63288.0,USD,12,2019-12-30,2020-01-01,2020,0.0135857058,GRUB,US4001101025,BBG001KWG293,BKY7XF2,,Equity,Common Stock
2019-12-31,XRT,GROUPON INC,2213097.08,399473107,US,937753.0,USD,150,2019-12-30,2020-01-01,2020,0.0098359015,GRPN,US3994731079,BBG000QRKJ70,B77D163,,Equity,Common Stock
2019-12-31,XRT,GAP INC/THE,2944113.48,364760108,US,165214.0,USD,24,2019-12-30,2020-01-01,2020,0.013084835,GPS,US3647601083,BBG000BKLH74,2360326,"NEW YORK STOCK EXCHANGE, INC.",Equity,Common Stock
2019-12-31,XRT,Group 1 Automotive Inc,2605954.26,398905109,US,26117.0,USD,132,2019-12-30,2020-01-01,2020,0.0115819182,GPI,US3989051095,BBG000BB88K4,2121352,"NEW YORK STOCK EXCHANGE, INC.",Equity,Common Stock
2019-12-31,XRT,Grocery Outlet Holding Corp.,2968669.04,39874R101,US,89176.0,USD,18,2019-12-30,2020-01-01,2020,0.0131939698,GO,US39874R1014,BBG00P4R3079,BK1KWF7,,Equity,Common Stock
2019-12-31,XRT,GameStop Corp.,3101976.16,36467W109,US,506032.0,USD,8,2019-12-30,2020-01-01,2020,0.0137864408,GME,US36467W1099,BBG000BB5BF6,B0LLFT5,"NEW YORK STOCK EXCHANGE, INC.",Equity,Common Stock
2019-12-31,XRT,GUESS? INC,3098524.35,401617105,US,138885.0,USD,10,2019-12-30,2020-01-01,2020,0.0137710995,GES,US4016171054,BBG000BC26P7,2387109,,Equity,Common Stock
2019-12-31,XRT,Genesco Inc,2220135.3,371532102,US,45918.0,USD,148,2019-12-30,2020-01-01,2020,0.0098671822,GCO,US3715321028,BBG000BK5S78,2367101,"NEW YORK STOCK EXCHANGE, INC.",Equity,Common Stock
2019-12-31,XRT,1-800-FLOWERS.COM INC-CL A,897422.61,68243Q106,US,62386.0,USD,164,2019-12-30,2020-01-01,2020,0.0039885102,FLWS,US68243Q1067,BBG000BBR9P6,2444123,,Equity,Common Stock
2019-12-31,XRT,FOOT LOCKER INC,2900163.18,344849104,US,74306.0,USD,28,2019-12-30,2020-01-01,2020,0.012889502,FL,US3448491049,BBG000BX8DC4,2980906,,Equity,Common Stock
2019-12-31,XRT,FIVE BELOW,2869407.69,33829M101,US,22259.0,USD,40,2019-12-30,2020-01-01,2020,0.0127528121,FIVE,US33829M1018,BBG001636CR2,B85KFY9,,Equity,Common Stock
2019-12-31,XRT,National Vision Holdings Inc,2817666.38,63845R107,US,87478.0,USD,60,2019-12-30,2020-01-01,2020,0.0125228528,EYE,US63845R1077,BBG00HVQF9K2,BYP71H7,,Equity,Common Stock
2019-12-31,XRT,EXPEDIA GROUP INC,2637670.75,30212P303,US,24475.0,USD,126,2019-12-30,2020-01-01,2020,0.0117228791,EXPE,US30212P3038,BBG000QY3XZ2,B748CK2,,Equity,
2019-12-31,XRT,ETSY INC,2898065.43,29786A106,US,65169.0,USD,30,2019-12-30,2020-01-01,2020,0.0128801788,ETSY,US29786A1060,BBG000N7MXL8,BWTN5N1,,Equity,Common Stock
2019-12-31,XRT,EBAY INC,2780913.55,278642103,US,77690.0,USD,84,2019-12-30,2020-01-01,2020,0.0123595083,EBAY,US2786421030,BBG000C43RR5,2293819,NASDAQ/NGS (GLOBAL SELECT MARKET),Equity,Common Stock
2019-12-31,XRT,DOLLAR TREE INC,2755991.71,256746108,US,29479.0,USD,94,2019-12-30,2020-01-01,2020,0.0122487455,DLTR,US2567461080,BBG000BSC0K9,2272476,,Equity,Common Stock
2019-12-31,XRT,DICKS SPORTING GOODS INC,2817978.65,253393102,US,57545.0,USD,58,2019-12-30,2020-01-01,2020,0.0125242406,DKS,US2533931026,BBG000F6ZWH2,2969637,,Equity,Common Stock
2019-12-31,XRT,DOLLAR GEN CORP NEW,2808225.45,256677105,US,17847.0,USD,68,2019-12-30,2020-01-01,2020,0.0124808934,DG,US2566771059,BBG000NV1KK7,B5B1S13,"NEW YORK STOCK EXCHANGE, INC.",Equity,Common Stock
2019-12-31,XRT,DILLARDS INC-CL A,2952823.16,254067101,US,40022.0,USD,22,2019-12-30,2020-01-01,2020,0.0131235443,DDS,US2540671011,BBG000BS4MP5,2269768,,Equity,Common Stock
2019-12-31,XRT,DESIGNER BRANDS INC,2894891.23,250565108,US,183337.0,USD,32,2019-12-30,2020-01-01,2020,0.0128660713,DBI,US2505651081,BBG000CF8227,BJ9J282,,Equity,Common Stock
2019-12-31,XRT,Carvana Co.,2769507.36,146869102,US,30012.0,USD,90,2019-12-30,2020-01-01,2020,0.0123088145,CVNA,US1468691027,BBG00GCTWDJ3,BYQHPG3,,Equity,Common Stock
2019-12-31,XRT,AMERICAS CAR-MART INC,1524767.86,03062T105,US,13981.0,USD,158,2019-12-30,2020-01-01,2020,0.0067766871,CRMT,US03062T1051,BBG000CM6L31,2813961,,Equity,Common Stock
2019-12-31,XRT,COSTCO WHOLESALE CORP,2785826.46,22160K105,US,9439.0,USD,78,2019-12-30,2020-01-01,2020,0.0123813432,COST,US22160K1051,BBG000F6H8W8,2701271,,Equity,Common Stock
2019-12-31,XRT,CONNS INC,2079771.26,208242107,US,168539.0,USD,152,2019-12-30,2020-01-01,2020,0.0092433474,CONN,US2082421072,BBG000BRWGM2,2925792,NASDAQ/NGS (GLOBAL SELECT MARKET),Equity,Common Stock
2019-12-31,XRT,CHEWY INC   CLASS A COMMON STOCK USD.01,2779313.46,16679L109,US,97554.0,USD,88,2019-12-30,2020-01-01,2020,0.0123523968,CHWY,US16679L1098,BBG00P19DKZ6,BJLFHW7,,Equity,Common Stock
2019-12-31,XRT,CHICOS FAS INC,1591445.18,168615102,US,422134.0,USD,156,2019-12-30,2020-01-01,2020,0.0070730282,CHS,US1686151028,BBG000BLVBC8,2196781,"NEW YORK STOCK EXCHANGE, INC.",Equity,Common Stock
2019-12-31,XRT,CATO CORP-CLASS A,513030.0,149205106,US,29400.0,USD,172,2019-12-30,2020-01-01,2020,0.0022801135,CATO,US1492051065,BBG000JX7SX1,2180438,,Equity,Common Stock
2019-12-31,XRT,CASEY S GENERAL STORES INC,2839880.89,147528103,US,17941.0,USD,52,2019-12-30,2020-01-01,2020,0.012621583,CASY,US1475281036,BBG000BF0672,2179414,NASDAQ/NGS (GLOBAL SELECT MARKET),Equity,Common Stock
2019-12-31,XRT,CALERES INC,2306122.63,129500104,US,95809.0,USD,142,2019-12-30,2020-01-01,2020,0.0102493448,CAL,US1295001044,BBG000CYSFS7,BWX4MD9,,Equity,Common Stock
2019-12-31,XRT,BURLINGTON STORES INC,2802023.9,122017106,US,12205.0,USD,70,2019-12-30,2020-01-01,2020,0.0124533312,BURL,US1220171060,BBG004S641N5,BF311Y5,,Equity,Common Stock
2019-12-31,XRT,BOOT BARN HOLDINGS INC,2867326.2,099406100,US,64146.0,USD,42,2019-12-30,2020-01-01,2020,0.0127435611,BOOT,US0994061002,BBG0077SYZV6,BRS6600,,Equity,Common Stock
2019-12-31,XRT,BOOKING HOLDINGS INC,2885687.35,09857L108,US,1405.0,USD,38,2019-12-30,2020-01-01,2020,0.0128251655,BKNG,US09857L1089,BBG000BLBVN4,BDRXDB4,,Equity,Common Stock
2019-12-31,XRT,BUCKLE INC/THE,2245625.37,118440106,US,83079.0,USD,146,2019-12-30,2020-01-01,2020,0.0099804704,BKE,US1184401065,BBG000BD9525,2149934,,Equity,Common Stock
2019-12-31,XRT,BJ's Wholesale Club Holdings Inc.,2663102.66,05550J101,US,116854.0,USD,120,2019-12-30,2020-01-01,2020,0.0118359089,BJ,US05550J1016,BBG00FQ8T4G3,BFZNZF8,,Equity,Common Stock
2019-12-31,XRT,BIG LOTS INC,2977066.68,089302103,US,103227.0,USD,16,2019-12-30,2020-01-01,2020,0.0132312924,BIG,US0893021032,BBG000J0D904,2218447,,Equity,Common Stock
2019-12-31,XRT,BEST BUY CO INC,2849790.51,086516101,US,32543.0,USD,46,2019-12-30,2020-01-01,2020,0.0126656254,BBY,US0865161014,BBG000BCWCG1,2094670,,Equity,Common Stock
2019-12-31,XRT,AUTOZONE INC,2636281.0,053332102,US,2228.0,USD,128,2019-12-30,2020-01-01,2020,0.0117167025,AZO,US0533321024,BBG000C7LMS8,2065955,"NEW YORK STOCK EXCHANGE, INC.",Equity,Common Stock
2019-12-31,XRT,ABERCROMBIE & FITCH CO-CL A,2809346.46,002896207,US,164578.0,USD,66,2019-12-30,2020-01-01,2020,0.0124858757,ANF,US0028962076,BBG000H9G7X2,2004185,,Equity,Common Stock
2019-12-31,XRT,AUTONATION INC,2677056.3,05329W102,US,55254.0,USD,114,2019-12-30,2020-01-01,2020,0.0118979245,AN,US05329W1027,BBG000BBXLW4,2732635,,Equity,
2019-12-31,XRT,AMAZON.COM INC,2894076.63,023135106,US,1567.0,USD,34,2019-12-30,2020-01-01,2020,0.0128624509,AMZN,US0231351067,BBG000BVPV84,2000019,NASDAQ/NGS (GLOBAL SELECT MARKET),Equity,Common Stock
2019-12-31,XRT,AMERICAN EAGLE OUTFITTERS,2784628.8,02553E106,US,190728.0,USD,80,2019-12-30,2020-01-01,2020,0.0123760203,AEO,US02553E1064,BBG000BGXZB5,2048592,,Equity,Common Stock
2019-12-31,XRT,Asbury Automotive Group Inc,2653637.28,043436104,US,23632.0,USD,122,2019-12-30,2020-01-01,2020,0.0117938409,ABG,US0434361046,BBG000BKDWB5,2855855,"NEW YORK STOCK EXCHANGE, INC.",Equity,Common Stock
2019-12-31,XRT,ADVANCE AUTO PARTS INC,2826289.44,00751Y106,US,17762.0,USD,56,2019-12-30,2020-01-01,2020,0.0125611771,AAP,US00751Y1064,BBG000F7RCJ1,2822019,,Equity,Common Stock
2019-12-30,XRT,STATE STREET INSTITUTIONAL LIQ STATE ST INST LIQ RES PREM,202815.13,964WKM905,,202794.85,USD,175,2019-12-30,2020-01-01,2020,0.0009013927,,,,,,,
2019-12-30,XRT,ZUMIEZ INC,2650102.56,989817101,US,78036.0,USD,123,2019-12-30,2020-01-01,2020,0.0117781311,ZUMZ,US9898171015,BBG000PYX812,B081QB7,,Equity,Common Stock
2019-12-30,XRT,WAL-MART STORES INC,2739036.0,931142103,US,22940.0,USD,101,2019-12-30,2020-01-01,2020,0.0121733874,WMT,US9311421039,BBG000BWXBC2,2936921,"NEW YORK STOCK EXCHANGE, INC.",Equity,Common Stock
2019-12-30,XRT,WEIS MARKETS INC,622604.7,948849104,US,15354.0,USD,169,2019-12-30,2020-01-01,2020,0.0027671079,WMK,US9488491047,BBG000BWW509,2946845,,Equity,Common Stock
2019-12-30,XRT,WALGREENS BOOTS ALLIANCE INC,2809889.18,931427108,US,47698.0,USD,63,2019-12-30,2020-01-01,2020,0.0124882877,WBA,US9314271084,BBG000BWLMJ4,BTN1Y44,,Equity,Common Stock
2019-12-30,XRT,WAYFAIR INC- CLASS A,2745987.78,94419L101,US,30678.0,USD,99,2019-12-30,2020-01-01,2020,0.012204284,W,US94419L1017,BBG001B17MV2,BQXZP64,,Equity,Common Stock
2019-12-30,XRT,URBAN OUTFITTERS INC,2843101.11,917047102,US,103123.0,USD,49,2019-12-30,2020-01-01,2020,0.012635895,URBN,US9170471026,BBG000BL79J3,2933438,NASDAQ/NGS (GLOBAL SELECT MARKET),Equity,Common Stock
2019-12-30,XRT,Ulta Beauty  Inc.,2736196.1,90384S303,US,10886.0,USD,103,2019-12-30,2020-01-01,2020,0.0121607658,ULTA,US90384S3031,BBG00FWQ4VD6,B28TS42,,Equity,Common Stock
2019-12-30,XRT,TRACTOR SUPPLY COMPANY,2697351.5,892356106,US,29035.0,USD,111,2019-12-30,2020-01-01,2020,0.0119881246,TSCO,US8923561067,BBG000BLXZN1,2900335,NASDAQ/NGS (GLOBAL SELECT MARKET),Equity,Common Stock
2019-12-30,XRT,TJX COMPANIES INC,2797304.1,872540109,US,45730.0,USD,71,2019-12-30,2020-01-01,2020,0.0124323545,TJX,US8725401090,BBG000BV8DN6,2989301,"NEW YORK STOCK EXCHANGE, INC.",Equity,Common Stock
2019-12-30,XRT,TIFFANY & CO,2755427.64,886547108,US,20643.0,USD,95,2019-12-30,2020-01-01,2020,0.0122462385,TIF,US8865471085,BBG000BV75B7,2892090,"NEW YORK STOCK EXCHANGE, INC.",Equity,Common Stock
2019-12-30,XRT,TARGET CORP,2793175.19,87612E106,US,21671.0,USD,73,2019-12-30,2020-01-01,2020,0.012414004,TGT,US87612E1064,BBG000H8TVT2,2259101,"NEW YORK STOCK EXCHANGE, INC.",Equity,Common Stock
2019-12-30,XRT,STAMPS.COM INC,2757924.4,852857200,US,33208.0,USD,91,2019-12-30,2020-01-01,2020,0.0122573352,STMP,US8528572006,BBG000CZ4KF3,B013D75,,Equity,Common Stock
2019-12-30,XRT,SHUTTERSTOCK INC,1516342.5,825690100,US,35470.0,USD,159,2019-12-30,2020-01-01,2020,0.0067392414,SSTK,US8256901005,BBG002ZCK2V9,B7ZR219,,Equity,Common Stock
2019-12-30,XRT,SIGNET JEWELERS LTD COMMON STOCK USD.18,2957586.65,,US,137243.0,USD,19,2019-12-30,2020-01-01,2020,0.0131447152,SIG,BMG812761002,BBG000C4ZZ10,B3CTNK6,,Equity,Common Stock
2019-12-30,XRT,SPROUTS FARMERS MARKET INC,2746464.72,85208M102,US,140592.0,USD,97,2019-12-30,2020-01-01,2020,0.0122064037,SFM,US85208M1027,BBG001KFKQM7,BCGCR79,NASDAQ/NGS (GLOBAL SELECT MARKET),Equity,Common Stock
2019-12-30,XRT,Stitch Fix Inc. Class A,2728371.2,860897107,US,106577.0,USD,109,2019-12-30,2020-01-01,2020,0.0121259887,SFIX,US8608971078,BBG0046L1KL9,BF3FPW3,,Equity,Common Stock
2019-12-30,XRT,SALLY BEAUTY HOLDINGS INC,2787813.84,79546E104,US,153768.0,USD,75,2019-12-30,2020-01-01,2020,0.012390176,SBH,US79546E1047,BBG000LR8515,B1GZ005,,Equity,Common Stock
2019-12-30,XRT,SONIC AUTOMOTIVE INC-CLASS A,1821934.68,83545G102,US,59077.0,USD,153,2019-12-30,2020-01-01,2020,0.008097417,SAH,US83545G1022,BBG000BBMNG0,2125246,,Equity,Common Stock
2019-12-30,XRT,RUBICON PROJECT INC/THE,1211791.23,78112V102,US,152811.0,USD,161,2019-12-30,2020-01-01,2020,0.005385692,RUBI,US78112V1026,BBG000PBDRC0,BKXNFW2,,Equity,Common Stock
2019-12-30,XRT,ROSS STORES INC,2782835.5,778296103,US,23887.0,USD,81,2019-12-30,2020-01-01,2020,0.0123680502,ROST,US7782961038,BBG000BSBZH7,2746711,NASDAQ/NGS (GLOBAL SELECT MARKET),Equity,Common Stock
2019-12-30,XRT,RENT-A-CENTER INC,2844564.48,76009N100,US,98496.0,USD,47,2019-12-30,2020-01-01,2020,0.0126423988,RCII,US76009N1000,BBG000BHQJX3,2733092,,Equity,Common Stock
2019-12-30,XRT,RITE AID CORP,5825428.83,767754872,US,364317.0,USD,1,2019-12-30,2020-01-01,2020,0.0258905696,RAD,US7677548726,BBG000BRWGG9,BJNQGL0,,Equity,Common Stock
2019-12-30,XRT,QUOTIENT TECHNOLOGY INC,802259.92,749119103,US,84271.0,USD,165,2019-12-30,2020-01-01,2020,0.0035655686,QUOT,US7491191034,BBG001QYNR63,BYWCCM7,,Equity,Common Stock
2019-12-30,XRT,QURATE RETAIL INC,2831817.97,74915M100,US,337523.0,USD,53,2019-12-30,2020-01-01,2020,0.0125857482,QRTEA,US74915M1009,BBG000PCQQL6,BZ19HB0,,Equity,Common Stock
2019-12-30,XRT,PRICESMART INC,2302704.1,741511109,US,32051.0,USD,143,2019-12-30,2020-01-01,2020,0.0102341514,PSMT,US7415111092,BBG000BTKR92,2092942,,Equity,Common Stock
2019-12-30,XRT,CHILDRENS PLACE INC/THE,3131220.33,168905107,US,50939.0,USD,5,2019-12-30,2020-01-01,2020,0.0139164137,PLCE,US1689051076,BBG000JK9DK4,2106791,NASDAQ/NGS (GLOBAL SELECT MARKET),Equity,Common Stock
2019-12-30,XRT,PETMED EXPRESS INC,2499287.0,716382106,US,107450.0,USD,137,2019-12-30,2020-01-01,2020,0.0111078456,PETS,US7163821066,BBG000BDYQR4,2143099,,Equity,Common Stock
2019-12-30,XRT,PENSKE AUTOMOTIVE GROUP INC,2667326.2,70959W103,US,53060.0,USD,117,2019-12-30,2020-01-01,2020,0.01185468,PAG,US70959W1036,BBG000H6K1B0,2943523,,Equity,Common Stock
2019-12-30,XRT,OREILLY AUTOMOTIVE INC,2732687.46,67103H107,US,6246.0,USD,107,2019-12-30,2020-01-01,2020,0.0121451719,ORLY,US67103H1077,BBG000BGYWY6,B65LWX6,NASDAQ/NGS (GLOBAL SELECT MARKET),Equity,Common Stock
2019-12-30,XRT,OLLIES BARGAIN OUTLET HOLDI,2622085.14,681116109,US,39983.0,USD,129,2019-12-30,2020-01-01,2020,0.0116536104,OLLI,US6811161099,BBG0098VVDT9,BZ22B38,NASDAQ/NMS (GLOBAL MARKET),Equity,Common Stock
2019-12-30,XRT,OFFICE DEPOT INC,2675127.3,676220106,US,1009482.0,USD,115,2019-12-30,2020-01-01,2020,0.0118893512,ODP,US6762201068,BBG000CNZC55,2655981,,Equity,Common Stock
2019-12-30,XRT,MURPHY USA INC,2779942.65,626755102,US,23645.0,USD,85,2019-12-30,2020-01-01,2020,0.0123551932,MUSA,US6267551025,BBG001Z0Q6T5,BCZWJ63,,Equity,Common Stock
2019-12-30,XRT,Monro  Inc.,2734496.84,610236101,US,34861.0,USD,105,2019-12-30,2020-01-01,2020,0.0121532136,MNRO,US6102361010,BBG000C0BZD1,2600088,NASDAQ/NGS (GLOBAL SELECT MARKET),Equity,Common Stock
2019-12-30,XRT,The Michaels Companies Inc.,3213101.32,59408Q106,US,429559.0,USD,3,2019-12-30,2020-01-01,2020,0.0142803261,MIK,US59408Q1067,BBG005CPNTS0,BNG83R6,,Equity,Common Stock
2019-12-30,XRT,MACYS INC,3046387.89,55616P104,US,181657.0,USD,13,2019-12-30,2020-01-01,2020,0.013539384,M,US55616P1049,BBG000C46HM9,2345022,"NEW YORK STOCK EXCHANGE, INC.",Equity,Common Stock
2019-12-30,XRT,L BRANDS INC,2815920.38,501797104,US,155834.0,USD,61,2019-12-30,2020-01-01,2020,0.0125150928,LB,US5017971046,BBG000BNGTQ7,B9M2WX3,"NEW YORK STOCK EXCHANGE, INC.",Equity,Common Stock
2019-12-30,XRT,Lithia Motors Inc,2584083.9,536797103,US,17543.0,USD,135,2019-12-30,2020-01-01,2020,0.0114847174,LAD,US5367971034,BBG000K3BC83,2515030,"NEW YORK STOCK EXCHANGE, INC.",Equity,Common Stock
2019-12-30,XRT,Kohls Corp,2890300.76,500255104,US,57098.0,USD,35,2019-12-30,2020-01-01,2020,0.0128456694,KSS,US5002551043,BBG000CS7CT9,2496113,"NEW YORK STOCK EXCHANGE, INC.",Equity,Common Stock
2019-12-30,XRT,KROGER CO,2853343.28,501044101,US,98188.0,USD,43,2019-12-30,2020-01-01,2020,0.0126814154,KR,US5010441013,BBG000BMY992,2497406,"NEW YORK STOCK EXCHANGE, INC.",Equity,Common Stock
2019-12-30,XRT,CARMAX INC,2463864.83,143130102,US,28181.0,USD,139,2019-12-30,2020-01-01,2020,0.0109504151,KMX,US1431301027,BBG000BLMZK6,2983563,,Equity,Common Stock
2019-12-30,XRT,NORDSTROM INC,2922600.14,655664100,US,71879.0,USD,25,2019-12-30,2020-01-01,2020,0.012989221,JWN,US6556641008,BBG000G8N9C6,2641827,,Equity,Common Stock
2019-12-30,XRT,INGLES MARKETS INC-CLASS A,674762.4,457030104,US,13884.0,USD,167,2019-12-30,2020-01-01,2020,0.0029989179,IMKTA,US4570301048,BBG000BLXDJ5,2460550,,Equity,Common Stock
2019-12-30,XRT,MARINEMAX INC,484646.91,567908108,US,29073.0,USD,173,2019-12-30,2020-01-01,2020,0.0021539675,HZO,US5679081084,BBG000C1SRH5,2250353,,Equity,Common Stock
2019-12-30,XRT,HIBBETT SPORTS INC,2589750.48,428567101,US,93628.0,USD,133,2019-12-30,2020-01-01,2020,0.011509902,HIBB,US4285671016,BBG000H001V3,2428376,NASDAQ/NGS (GLOBAL SELECT MARKET),Equity,Common Stock
2019-12-30,XRT,GRUBHUB INC,3056810.4,400110102,US,63288.0,USD,11,2019-12-30,2020-01-01,2020,0.0135857058,GRUB,US4001101025,BBG001KWG293,BKY7XF2,,Equity,Common Stock
2019-12-30,XRT,GROUPON INC,2213097.08,399473107,US,937753.0,USD,149,2019-12-30,2020-01-01,2020,0.0098359015,GRPN,US3994731079,BBG000QRKJ70,B77D163,,Equity,Common Stock
2019-12-30,XRT,GAP INC/THE,2944113.48,364760108,US,165214.0,USD,23,2019-12-30,2020-01-01,2020,0.013084835,GPS,US3647601083,BBG000BKLH74,2360326,"NEW YORK STOCK EXCHANGE, INC.",Equity,Common Stock
2019-12-30,XRT,Group 1 Automotive Inc,2605954.26,398905109,US,26117.0,USD,131,2019-12-30,2020-01-01,2020,0.0115819182,GPI,US3989051095,BBG000BB88K4,2121352,"NEW YORK STOCK EXCHANGE, INC.",Equity,Common Stock
2019-12-30,XRT,Grocery Outlet Holding Corp.,2968669.04,39874R101,US,89176.0,USD,17,2019-12-30,2020-01-01,2020,0.0131939698,GO,US39874R1014,BBG00P4R3079,BK1KWF7,,Equity,Common Stock
2019-12-30,XRT,GameStop Corp.,3101976.16,36467W109,US,506032.0,USD,7,2019-12-30,2020-01-01,2020,0.0137864408,GME,US36467W1099,BBG000BB5BF6,B0LLFT5,"NEW YORK STOCK EXCHANGE, INC.",Equity,Common Stock
2019-12-30,XRT,GUESS? INC,3098524.35,401617105,US,138885.0,USD,9,2019-12-30,2020-01-01,2020,0.0137710995,GES,US4016171054,BBG000BC26P7,2387109,,Equity,Common Stock
2019-12-30,XRT,Genesco Inc,2220135.3,371532102,US,45918.0,USD,147,2019-12-30,2020-01-01,2020,0.0098671822,GCO,US3715321028,BBG000BK5S78,2367101,"NEW YORK STOCK EXCHANGE, INC.",Equity,Common Stock
2019-12-30,XRT,1-800-FLOWERS.COM INC-CL A,897422.61,68243Q106,US,62386.0,USD,163,2019-12-30,2020-01-01,2020,0.0039885102,FLWS,US68243Q1067,BBG000BBR9P6,2444123,,Equity,Common Stock
2019-12-30,XRT,FOOT LOCKER INC,2900163.18,344849104,US,74306.0,USD,27,2019-12-30,2020-01-01,2020,0.012889502,FL,US3448491049,BBG000BX8DC4,2980906,,Equity,Common Stock
2019-12-30,XRT,FIVE BELOW,2869407.69,33829M101,US,22259.0,USD,39,2019-12-30,2020-01-01,2020,0.0127528121,FIVE,US33829M1018,BBG001636CR2,B85KFY9,,Equity,Common Stock
2019-12-30,XRT,National Vision Holdings Inc,2817666.38,63845R107,US,87478.0,USD,59,2019-12-30,2020-01-01,2020,0.0125228528,EYE,US63845R1077,BBG00HVQF9K2,BYP71H7,,Equity,Common Stock
2019-12-30,XRT,EXPEDIA GROUP INC,2637670.75,30212P303,US,24475.0,USD,125,2019-12-30,2020-01-01,2020,0.0117228791,EXPE,US30212P3038,BBG000QY3XZ2,B748CK2,,Equity,
2019-12-30,XRT,ETSY INC,2898065.43,29786A106,US,65169.0,USD,29,2019-12-30,2020-01-01,2020,0.0128801788,ETSY,US29786A1060,BBG000N7MXL8,BWTN5N1,,Equity,Common Stock
2019-12-30,XRT,EBAY INC,2780913.55,278642103,US,77690.0,USD,83,2019-12-30,2020-01-01,2020,0.0123595083,EBAY,US2786421030,BBG000C43RR5,2293819,NASDAQ/NGS (GLOBAL SELECT MARKET),Equity,Common Stock
2019-12-30,XRT,DOLLAR TREE INC,2755991.71,256746108,US,29479.0,USD,93,2019-12-30,2020-01-01,2020,0.0122487455,DLTR,US2567461080,BBG000BSC0K9,2272476,,Equity,Common Stock
2019-12-30,XRT,DICKS SPORTING GOODS INC,2817978.65,253393102,US,57545.0,USD,57,2019-12-30,2020-01-01,2020,0.0125242406,DKS,US2533931026,BBG000F6ZWH2,2969637,,Equity,Common Stock
2019-12-30,XRT,DOLLAR GEN CORP NEW,2808225.45,256677105,US,17847.0,USD,67,2019-12-30,2020-01-01,2020,0.0124808934,DG,US2566771059,BBG000NV1KK7,B5B1S13,"NEW YORK STOCK EXCHANGE, INC.",Equity,Common Stock
2019-12-30,XRT,DILLARDS INC-CL A,2952823.16,254067101,US,40022.0,USD,21,2019-12-30,2020-01-01,2020,0.0131235443,DDS,US2540671011,BBG000BS4MP5,2269768,,Equity,Common Stock
2019-12-30,XRT,DESIGNER BRANDS INC,2894891.23,250565108,US,183337.0,USD,31,2019-12-30,2020-01-01,2020,0.0128660713,DBI,US2505651081,BBG000CF8227,BJ9J282,,Equity,Common Stock
2019-12-30,XRT,Carvana Co.,2769507.36,146869102,US,30012.0,USD,89,2019-12-30,2020-01-01,2020,0.0123088145,CVNA,US1468691027,BBG00GCTWDJ3,BYQHPG3,,Equity,Common Stock
2019-12-30,XRT,AMERICAS CAR-MART INC,1524767.86,03062T105,US,13981.0,USD,157,2019-12-30,2020-01-01,2020,0.0067766871,CRMT,US03062T1051,BBG000CM6L31,2813961,,Equity,Common Stock
2019-12-30,XRT,COSTCO WHOLESALE CORP,2785826.46,22160K105,US,9439.0,USD,77,2019-12-30,2020-01-01,2020,0.0123813432,COST,US22160K1051,BBG000F6H8W8,2701271,,Equity,Common Stock
2019-12-30,XRT,CONNS INC,2079771.26,208242107,US,168539.0,USD,151,2019-12-30,2020-01-01,2020,0.0092433474,CONN,US2082421072,BBG000BRWGM2,2925792,NASDAQ/NGS (GLOBAL SELECT MARKET),Equity,Common Stock
2019-12-30,XRT,CHEWY INC   CLASS A COMMON STOCK USD.01,2779313.46,16679L109,US,97554.0,USD,87,2019-12-30,2020-01-01,2020,0.0123523968,CHWY,US16679L1098,BBG00P19DKZ6,BJLFHW7,,Equity,Common Stock
2019-12-30,XRT,CHICOS FAS INC,1591445.18,168615102,US,422134.0,USD,155,2019-12-30,2020-01-01,2020,0.0070730282,CHS,US1686151028,BBG000BLVBC8,2196781,"NEW YORK STOCK EXCHANGE, INC.",Equity,Common Stock
2019-12-30,XRT,CATO CORP-CLASS A,513030.0,149205106,US,29400.0,USD,171,2019-12-30,2020-01-01,2020,0.0022801135,CATO,US1492051065,BBG000JX7SX1,2180438,,Equity,Common Stock
2019-12-30,XRT,CASEY S GENERAL STORES INC,2839880.89,147528103,US,17941.0,USD,51,2019-12-30,2020-01-01,2020,0.012621583,CASY,US1475281036,BBG000BF0672,2179414,NASDAQ/NGS (GLOBAL SELECT MARKET),Equity,Common Stock
2019-12-30,XRT,CALERES INC,2306122.63,129500104,US,95809.0,USD,141,2019-12-30,2020-01-01,2020,0.0102493448,CAL,US1295001044,BBG000CYSFS7,BWX4MD9,,Equity,Common Stock
2019-12-30,XRT,BURLINGTON STORES INC,2802023.9,122017106,US,12205.0,USD,69,2019-12-30,2020-01-01,2020,0.0124533312,BURL,US1220171060,BBG004S641N5,BF311Y5,,Equity,Common Stock
2019-12-30,XRT,BOOT BARN HOLDINGS INC,2867326.2,099406100,US,64146.0,USD,41,2019-12-30,2020-01-01,2020,0.0127435611,BOOT,US0994061002,BBG0077SYZV6,BRS6600,,Equity,Common Stock
2019-12-30,XRT,BOOKING HOLDINGS INC,2885687.35,09857L108,US,1405.0,USD,37,2019-12-30,2020-01-01,2020,0.0128251655,BKNG,US09857L1089,BBG000BLBVN4,BDRXDB4,,Equity,Common Stock
2019-12-30,XRT,BUCKLE INC/THE,2245625.37,118440106,US,83079.0,USD,145,2019-12-30,2020-01-01,2020,0.0099804704,BKE,US1184401065,BBG000BD9525,2149934,,Equity,Common Stock
2019-12-30,XRT,BJ's Wholesale Club Holdings Inc.,2663102.66,05550J101,US,116854.0,USD,119,2019-12-30,2020-01-01,2020,0.0118359089,BJ,US05550J1016,BBG00FQ8T4G3,BFZNZF8,,Equity,Common Stock
2019-12-30,XRT,BIG LOTS INC,2977066.68,089302103,US,103227.0,USD,15,2019-12-30,2020-01-01,2020,0.0132312924,BIG,US0893021032,BBG000J0D904,2218447,,Equity,Common Stock
2019-12-30,XRT,BEST BUY CO INC,2849790.51,086516101,US,32543.0,USD,45,2019-12-30,2020-01-01,2020,0.0126656254,BBY,US0865161014,BBG000BCWCG1,2094670,,Equity,Common Stock
2019-12-30,XRT,AUTOZONE INC,2636281.0,053332102,US,2228.0,USD,127,2019-12-30,2020-01-01,2020,0.0117167025,AZO,US0533321024,BBG000C7LMS8,2065955,"NEW YORK STOCK EXCHANGE, INC.",Equity,Common Stock
2019-12-30,XRT,ABERCROMBIE & FITCH CO-CL A,2809346.46,002896207,US,164578.0,USD,65,2019-12-30,2020-01-01,2020,0.0124858757,ANF,US0028962076,BBG000H9G7X2,2004185,,Equity,Common Stock
2019-12-30,XRT,AUTONATION INC,2677056.3,05329W102,US,55254.0,USD,113,2019-12-30,2020-01-01,2020,0.0118979245,AN,US05329W1027,BBG000BBXLW4,2732635,,Equity,
2019-12-30,XRT,AMAZON.COM INC,2894076.63,023135106,US,1567.0,USD,33,2019-12-30,2020-01-01,2020,0.0128624509,AMZN,US0231351067,BBG000BVPV84,2000019,NASDAQ/NGS (GLOBAL SELECT MARKET),Equity,Common Stock
2019-12-30,XRT,AMERICAN EAGLE OUTFITTERS,2784628.8,02553E106,US,190728.0,USD,79,2019-12-30,2020-01-01,2020,0.0123760203,AEO,US02553E1064,BBG000BGXZB5,2048592,,Equity,Common Stock
2019-12-30,XRT,Asbury Automotive Group Inc,2653637.28,043436104,US,23632.0,USD,121,2019-12-30,2020-01-01,2020,0.0117938409,ABG,US0434361046,BBG000BKDWB5,2855855,"NEW YORK STOCK EXCHANGE, INC.",Equity,Common Stock
2019-12-30,XRT,ADVANCE AUTO PARTS INC,2826289.44,00751Y106,US,17762.0,USD,55,2019-12-30,2020-01-01,2020,0.0125611771,AAP,US00751Y1064,BBG000F7RCJ1,2822019,,Equity,Common Stock
2020-12-31,XRT,STATE STREET INSTITUTIONAL LIQ STATE ST INST LIQ RES PREM,1507853.61,964WKM905,,1507552.1,USD,190,2020-12-30,2021-01-01,2021,0.002233763,,,,,,,
2020-12-31,XRT,CARPARTS.COM INC.,6652175.0,14427M107,DE,532174.0,USD,158,2020-12-30,2021-01-01,2021,0.0098546586,,US14427M1071,,BN2XDY2,,Equity,Common Stock
2020-12-31,XRT,GROUPON INC,7984570.2,399473206,US,208420.0,USD,26,2020-12-30,2021-01-01,2021,0.0118284942,,US3994732069,,BMTD360,,Equity,Common Stock
2020-12-31,XRT,ZUMIEZ INC,5079010.9,989817101,US,138695.0,USD,172,2020-12-30,2021-01-01,2021,0.0075241434,ZUMZ,US9898171015,BBG000PYX812,B081QB7,,Equity,Common Stock
2020-12-31,XRT,WAL-MART STORES INC,7046797.5,931142103,US,48875.0,USD,138,2020-12-30,2021-01-01,2021,0.0104392599,WMT,US9311421039,BBG000BWXBC2,2936921,"NEW YORK STOCK EXCHANGE, INC.",Equity,Common Stock
2020-12-31,XRT,WEIS MARKETS INC,2228665.4,948849104,US,46334.0,USD,186,2020-12-30,2021-01-01,2021,0.0033015873,WMK,US9488491047,BBG000BWW509,2946845,,Equity,Common Stock
2020-12-31,XRT,WINMARK CORP,1436243.25,974250102,US,7753.0,USD,192,2020-12-30,2021-01-01,2021,0.0021276781,WINA,US9742501029,BBG000BQ5GY1,2391092,,Equity,Common Stock
2020-12-31,XRT,WALGREENS BOOTS ALLIANCE INC,6805544.62,931427108,US,172993.0,USD,152,2020-12-30,2021-01-01,2021,0.0100818633,WBA,US9314271084,BBG000BWLMJ4,BTN1Y44,,Equity,Common Stock
2020-12-31,XRT,WAYFAIR INC- CLASS A,6802919.64,94419L101,US,29492.0,USD,154,2020-12-30,2021-01-01,2021,0.0100779746,W,US94419L1017,BBG001B17MV2,BQXZP64,,Equity,Common Stock
2020-12-31,XRT,Vroom Inc.,9063139.8,92918V109,US,206921.0,USD,12,2020-12-30,2021-01-01,2021,0.0134263077,VRM,US92918V1098,BBG009NGKQ45,BMFZYY5,,Equity,Common Stock
2020-12-31,XRT,URBAN OUTFITTERS INC,6984815.6,917047102,US,269684.0,USD,140,2020-12-30,2021-01-01,2021,0.0103474387,URBN,US9170471026,BBG000BL79J3,2933438,NASDAQ/NGS (GLOBAL SELECT MARKET),Equity,Common Stock
2020-12-31,XRT,Ulta Beauty  Inc.,7659985.62,90384S303,US,27069.0,USD,56,2020-12-30,2021-01-01,2021,0.0113476484,ULTA,US90384S3031,BBG00FWQ4VD6,B28TS42,,Equity,Common Stock
2020-12-31,XRT,TRACTOR SUPPLY COMPANY,7396966.64,892356106,US,51814.0,USD,88,2020-12-30,2021-01-01,2021,0.0109580071,TSCO,US8923561067,BBG000BLXZN1,2900335,NASDAQ/NGS (GLOBAL SELECT MARKET),Equity,Common Stock
2020-12-31,XRT,TJX COMPANIES INC,7427898.2,872540109,US,108754.0,USD,84,2020-12-30,2021-01-01,2021,0.0110038297,TJX,US8725401090,BBG000BV8DN6,2989301,"NEW YORK STOCK EXCHANGE, INC.",Equity,Common Stock
2020-12-31,XRT,TIFFANY & CO,7191543.85,886547108,US,54751.0,USD,124,2020-12-30,2021-01-01,2021,0.0106536899,TIF,US8865471085,BBG000BV75B7,2892090,"NEW YORK STOCK EXCHANGE, INC.",Equity,Common Stock
2020-12-31,XRT,TARGET CORP,7275313.08,87612E106,US,41841.0,USD,112,2020-12-30,2021-01-01,2021,0.0107777872,TGT,US87612E1064,BBG000H8TVT2,2259101,"NEW YORK STOCK EXCHANGE, INC.",Equity,Common Stock
2020-12-31,XRT,TRAVELCENTERS AMER INC COMMON STOCK,2791158.04,89421B109,DE,82652.0,USD,178,2020-12-30,2021-01-01,2021,0.0041348746,TA,US89421B1098,,BJBM7K6,,Equity,Common Stock
2020-12-31,XRT,STAMPS.COM INC,7619529.32,852857200,US,36541.0,USD,62,2020-12-30,2021-01-01,2021,0.0112877157,STMP,US8528572006,BBG000CZ4KF3,B013D75,,Equity,Common Stock
2020-12-31,XRT,SHUTTERSTOCK INC,7624338.04,825690100,US,106307.0,USD,60,2020-12-30,2021-01-01,2021,0.0112948394,SSTK,US8256901005,BBG002ZCK2V9,B7ZR219,,Equity,Common Stock
2020-12-31,XRT,SPORTSMANS WAREHOUSE HOLDIN,10797777.4,84920Y106,US,608840.0,USD,6,2020-12-30,2021-01-01,2021,0.0159960329,SPWH,US84920Y1064,BBG002G8Q1H1,BLM7DY0,NASDAQ/NGS (GLOBAL SELECT MARKET),Equity,Common Stock
2020-12-31,XRT,SIGNET JEWELERS LTD COMMON STOCK USD.18,7554576.75,,US,272237.0,USD,74,2020-12-30,2021-01-01,2021,0.0111914937,SIG,BMG812761002,BBG000C4ZZ10,B3CTNK6,,Equity,Common Stock
2020-12-31,XRT,SPROUTS FARMERS MARKET INC,7341184.4,85208M102,US,364870.0,USD,98,2020-12-30,2021-01-01,2021,0.0108753702,SFM,US85208M1027,BBG001KFKQM7,BCGCR79,NASDAQ/NGS (GLOBAL SELECT MARKET),Equity,Common Stock
2020-12-31,XRT,Stitch Fix Inc. Class A,7396166.43,860897107,US,119621.0,USD,90,2020-12-30,2021-01-01,2021,0.0109568217,SFIX,US8608971078,BBG0046L1KL9,BF3FPW3,,Equity,Common Stock
2020-12-31,XRT,SALLY BEAUTY HOLDINGS INC,7878813.04,79546E104,US,614572.0,USD,30,2020-12-30,2021-01-01,2021,0.0116718235,SBH,US79546E1047,BBG000LR8515,B1GZ005,,Equity,Common Stock
2020-12-31,XRT,SONIC AUTOMOTIVE INC-CLASS A,6328623.76,83545G102,US,161816.0,USD,162,2020-12-30,2021-01-01,2021,0.0093753436,SAH,US83545G1022,BBG000BBMNG0,2125246,,Equity,Common Stock
2020-12-31,XRT,ROSS STORES INC,7800163.2,778296103,US,63680.0,USD,34,2020-12-30,2021-01-01,2021,0.0115553102,ROST,US7782961038,BBG000BSBZH7,2746711,NASDAQ/NGS (GLOBAL SELECT MARKET),Equity,Common Stock
2020-12-31,XRT,RealReal Inc.,9308985.02,88339P101,US,457894.0,USD,10,2020-12-30,2021-01-01,2021,0.0137905075,REAL,US88339P1012,BBG004FPDNZ6,BKBDP79,,Equity,Common Stock
2020-12-31,XRT,RENT-A-CENTER INC,8076572.06,76009N100,US,210437.0,USD,24,2020-12-30,2021-01-01,2021,0.0119647875,RCII,US76009N1000,BBG000BHQJX3,2733092,,Equity,Common Stock
2020-12-31,XRT,RITE AID CORP,6308705.06,767754872,US,389186.0,USD,164,2020-12-30,2021-01-01,2021,0.0093458357,RAD,US7677548726,BBG000BRWGG9,BJNQGL0,,Equity,Common Stock
2020-12-31,XRT,QUOTIENT TECHNOLOGY INC,2565913.1,749119103,US,268682.0,USD,180,2020-12-30,2021-01-01,2021,0.0038011925,QUOT,US7491191034,BBG001QYNR63,BYWCCM7,,Equity,Common Stock
2020-12-31,XRT,QURATE RETAIL INC,7709652.36,74915M100,US,695817.0,USD,52,2020-12-30,2021-01-01,2021,0.0114212257,QRTEA,US74915M1009,BBG000PCQQL6,BZ19HB0,,Equity,Common Stock
2020-12-31,XRT,PRICESMART INC,5745243.6,741511109,US,62721.0,USD,168,2020-12-30,2021-01-01,2021,0.0085111132,PSMT,US7415111092,BBG000BTKR92,2092942,,Equity,Common Stock
2020-12-31,XRT,PARTY CITY HOLDCO INC,8568469.0,702149105,US,1318226.0,USD,14,2020-12-30,2021-01-01,2021,0.012693493,PRTY,US7021491052,BBG005WX31L1,BWTVWC3,,Equity,Common Stock
2020-12-31,XRT,CHILDRENS PLACE INC/THE,8256000.0,168905107,US,165120.0,USD,18,2020-12-30,2021-01-01,2021,0.0122305955,PLCE,US1689051076,BBG000JK9DK4,2106791,NASDAQ/NGS (GLOBAL SELECT MARKET),Equity,Common Stock
2020-12-31,XRT,PETMED EXPRESS INC,7797501.63,716382106,US,240441.0,USD,36,2020-12-30,2021-01-01,2021,0.0115513673,PETS,US7163821066,BBG000BDYQR4,2143099,,Equity,Common Stock
2020-12-31,XRT,PENSKE AUTOMOTIVE GROUP INC,7295752.2,70959W103,US,123972.0,USD,108,2020-12-30,2021-01-01,2021,0.0108080661,PAG,US70959W1036,BBG000H6K1B0,2943523,,Equity,Common Stock
2020-12-31,XRT,OVERSTOCK.COM INC,6790665.36,690370101,US,129494.0,USD,156,2020-12-30,2021-01-01,2021,0.0100598209,OSTK,US6903701018,BBG000BF7BV7,2855930,,Equity,Common Stock
2020-12-31,XRT,OREILLY AUTOMOTIVE INC,7245516.6,67103H107,US,16037.0,USD,116,2020-12-30,2021-01-01,2021,0.0107336461,ORLY,US67103H1077,BBG000BGYWY6,B65LWX6,NASDAQ/NGS (GLOBAL SELECT MARKET),Equity,Common Stock
2020-12-31,XRT,OLLIES BARGAIN OUTLET HOLDI,7520169.34,681116109,US,90539.0,USD,76,2020-12-30,2021-01-01,2021,0.0111405219,OLLI,US6811161099,BBG0098VVDT9,BZ22B38,NASDAQ/NMS (GLOBAL MARKET),Equity,Common Stock
2020-12-31,XRT,OFFICE DEPOT INC,6419305.73,88337F105,US,225595.0,USD,160,2020-12-30,2021-01-01,2021,0.0095096816,ODP.UW,US88337F1057,BBG00R24W7X2,BLPHWK6,,Equity,Common Stock
2020-12-31,XRT,MURPHY USA INC,7484613.12,626755102,US,57327.0,USD,80,2020-12-30,2021-01-01,2021,0.0110878483,MUSA,US6267551025,BBG001Z0Q6T5,BCZWJ63,,Equity,Common Stock
2020-12-31,XRT,Monro  Inc.,7741035.84,610236101,US,149672.0,USD,44,2020-12-30,2021-01-01,2021,0.0114677178,MNRO,US6102361010,BBG000C0BZD1,2600088,NASDAQ/NGS (GLOBAL SELECT MARKET),Equity,Common Stock
2020-12-31,XRT,The Michaels Companies Inc.,7173018.05,59408Q106,US,567037.0,USD,130,2020-12-30,2021-01-01,2021,0.0106262454,MIK,US59408Q1067,BBG005CPNTS0,BNG83R6,,Equity,Common Stock
2020-12-31,XRT,MAGNITE INC,11579309.8,55955D100,US,369946.0,USD,4,2020-12-30,2021-01-01,2021,0.0171538098,MGNI,US55955D1000,,BLPNRR6,,Equity,Common Stock
2020-12-31,XRT,MACYS INC,7800336.21,55616P104,US,648407.0,USD,32,2020-12-30,2021-01-01,2021,0.0115555665,M,US55616P1049,BBG000C46HM9,2345022,"NEW YORK STOCK EXCHANGE, INC.",Equity,Common Stock
2020-12-31,XRT,LANDS END INC,2306355.36,51509F105,US,107824.0,USD,184,2020-12-30,2021-01-01,2021,0.0034166787,LE,US51509F1057,BBG005P337D1,BKWQKM7,NASDAQ CAPITAL MARKET,Equity,Common Stock
2020-12-31,XRT,L BRANDS INC,6910012.97,501797104,US,181699.0,USD,148,2020-12-30,2021-01-01,2021,0.0102366247,LB,US5017971046,BBG000BNGTQ7,B9M2WX3,"NEW YORK STOCK EXCHANGE, INC.",Equity,Common Stock
2020-12-31,XRT,Lithia Motors Inc,7782086.61,536797103,US,26541.0,USD,40,2020-12-30,2021-01-01,2021,0.0115285312,LAD,US5367971034,BBG000K3BC83,2515030,"NEW YORK STOCK EXCHANGE, INC.",Equity,Common Stock
2020-12-31,XRT,Kohls Corp,7764749.76,500255104,US,187872.0,USD,42,2020-12-30,2021-01-01,2021,0.011502848,KSS,US5002551043,BBG000CS7CT9,2496113,"NEW YORK STOCK EXCHANGE, INC.",Equity,Common Stock
2020-12-31,XRT,KROGER CO,7232522.0,501044101,US,229240.0,USD,122,2020-12-30,2021-01-01,2021,0.0107143957,KR,US5010441013,BBG000BMY992,2497406,"NEW YORK STOCK EXCHANGE, INC.",Equity,Common Stock
2020-12-31,XRT,CARMAX INC,7237294.56,143130102,US,76488.0,USD,120,2020-12-30,2021-01-01,2021,0.0107214659,KMX,US1431301027,BBG000BLMZK6,2983563,,Equity,Common Stock
2020-12-31,XRT,NORDSTROM INC,7349769.12,655664100,US,233104.0,USD,96,2020-12-30,2021-01-01,2021,0.0108880878,JWN,US6556641008,BBG000G8N9C6,2641827,,Equity,Common Stock
2020-12-31,XRT,INGLES MARKETS INC-CLASS A,2119592.56,457030104,US,50156.0,USD,188,2020-12-30,2021-01-01,2021,0.0031400047,IMKTA,US4570301048,BBG000BLXDJ5,2460550,,Equity,Common Stock
2020-12-31,XRT,MARINEMAX INC,6246269.85,567908108,US,175605.0,USD,166,2020-12-30,2021-01-01,2021,0.009253343,HZO,US5679081084,BBG000C1SRH5,2250353,,Equity,Common Stock
2020-12-31,XRT,HIBBETT SPORTS INC,7445860.92,428567101,US,155706.0,USD,82,2020-12-30,2021-01-01,2021,0.01103044,HIBB,US4285671016,BBG000H001V3,2428376,NASDAQ/NGS (GLOBAL SELECT MARKET),Equity,Common Stock
2020-12-31,XRT,GRUBHUB INC,7597245.16,400110102,US,102721.0,USD,64,2020-12-30,2021-01-01,2021,0.0112547035,GRUB,US4001101025,BBG001KWG293,BKY7XF2,,Equity,Common Stock
2020-12-31,XRT,GAP INC/THE,7056875.52,364760108,US,344574.0,USD,136,2020-12-30,2021-01-01,2021,0.0104541897,GPS,US3647601083,BBG000BKLH74,2360326,"NEW YORK STOCK EXCHANGE, INC.",Equity,Common Stock
2020-12-31,XRT,Group 1 Automotive Inc,7625373.36,398905109,US,58729.0,USD,58,2020-12-30,2021-01-01,2021,0.0112963732,GPI,US3989051095,BBG000BB88K4,2121352,"NEW YORK STOCK EXCHANGE, INC.",Equity,Common Stock
2020-12-31,XRT,Grocery Outlet Holding Corp.,7670204.77,39874R101,US,189061.0,USD,54,2020-12-30,2021-01-01,2021,0.0113627873,GO,US39874R1014,BBG00P4R3079,BK1KWF7,,Equity,Common Stock
2020-12-31,XRT,GameStop Corp.,10395931.68,36467W109,US,539768.0,USD,8,2020-12-30,2021-01-01,2021,0.015400731,GME,US36467W1099,BBG000BB5BF6,B0LLFT5,"NEW YORK STOCK EXCHANGE, INC.",Equity,Common Stock
2020-12-31,XRT,GUESS? INC,8235012.58,401617105,US,371281.0,USD,20,2020-12-30,2021-01-01,2021,0.0121995043,GES,US4016171054,BBG000BC26P7,2387109,,Equity,Common Stock
2020-12-31,XRT,Genesco Inc,3900695.75,371532102,US,133175.0,USD,176,2020-12-30,2021-01-01,2021,0.0057785649,GCO,US3715321028,BBG000BK5S78,2367101,"NEW YORK STOCK EXCHANGE, INC.",Equity,Common Stock
2020-12-31,XRT,1-800-FLOWERS.COM INC-CL A,8453776.9,68243Q106,US,318170.0,USD,16,2020-12-30,2021-01-01,2021,0.0125235859,FLWS,US68243Q1067,BBG000BBR9P6,2444123,,Equity,Common Stock
2020-12-31,XRT,FOOT LOCKER INC,6919408.32,344849104,US,170934.0,USD,146,2020-12-30,2021-01-01,2021,0.0102505431,FL,US3448491049,BBG000BX8DC4,2980906,,Equity,Common Stock
2020-12-31,XRT,FIVE BELOW,7578967.5,33829M101,US,43875.0,USD,68,2020-12-30,2021-01-01,2021,0.0112276267,FIVE,US33829M1018,BBG001636CR2,B85KFY9,,Equity,Common Stock
2020-12-31,XRT,National Vision Holdings Inc,7385615.42,63845R107,US,161047.0,USD,94,2020-12-30,2021-01-01,2021,0.0109411912,EYE,US63845R1077,BBG00HVQF9K2,BYP71H7,,Equity,Common Stock
2020-12-31,XRT,EXPEDIA GROUP INC,7715543.76,30212P303,US,58398.0,USD,50,2020-12-30,2021-01-01,2021,0.0114299533,EXPE,US30212P3038,BBG000QY3XZ2,B748CK2,,Equity,
2020-12-31,XRT,ETSY INC,7740637.26,29786A106,US,42257.0,USD,46,2020-12-30,2021-01-01,2021,0.0114671273,ETSY,US29786A1060,BBG000N7MXL8,BWTN5N1,,Equity,Common Stock
2020-12-31,XRT,EBAY INC,7392027.6,278642103,US,146232.0,USD,92,2020-12-30,2021-01-01,2021,0.0109506903,EBAY,US2786421030,BBG000C43RR5,2293819,NASDAQ/NGS (GLOBAL SELECT MARKET),Equity,Common Stock
2020-12-31,XRT,DOLLAR TREE INC,7268630.6,256746108,US,67427.0,USD,114,2020-12-30,2021-01-01,2021,0.0107678877,DLTR,US2567461080,BBG000BSC0K9,2272476,,Equity,Common Stock
2020-12-31,XRT,DICKS SPORTING GOODS INC,7561426.68,253393102,US,134163.0,USD,72,2020-12-30,2021-01-01,2021,0.0112016413,DKS,US2533931026,BBG000F6ZWH2,2969637,,Equity,Common Stock
2020-12-31,XRT,DOLLAR GEN CORP NEW,7300105.82,256677105,US,34774.0,USD,106,2020-12-30,2021-01-01,2021,0.0108145157,DG,US2566771059,BBG000NV1KK7,B5B1S13,"NEW YORK STOCK EXCHANGE, INC.",Equity,Common Stock
2020-12-31,XRT,DESIGNER BRANDS INC,7135539.06,250565108,US,930318.0,USD,134,2020-12-30,2021-01-01,2021,0.0105707233,DBI,US2505651081,BBG000CF8227,BJ9J282,,Equity,Common Stock
2020-12-31,XRT,CAMPING WORLD HOLDINGS INC-A,6909084.0,13462K109,US,252525.0,USD,150,2020-12-30,2021-01-01,2021,0.0102352485,CWH,US13462K1097,BBG00D2Z7X83,BDCBXH9,,Equity,Common Stock
2020-12-31,XRT,Carvana Co.,6963958.12,146869102,US,27818.0,USD,144,2020-12-30,2021-01-01,2021,0.0103165401,CVNA,US1468691027,BBG00GCTWDJ3,BYQHPG3,,Equity,Common Stock
2020-12-31,XRT,AMERICAS CAR-MART INC,2447531.08,03062T105,US,22222.0,USD,182,2020-12-30,2021-01-01,2021,0.0036258191,CRMT,US03062T1051,BBG000CM6L31,2813961,,Equity,Common Stock
2020-12-31,XRT,COSTCO WHOLESALE CORP,7171466.4,22160K105,US,19152.0,USD,132,2020-12-30,2021-01-01,2021,0.0106239468,COST,US22160K1051,BBG000F6H8W8,2701271,,Equity,Common Stock
2020-12-31,XRT,CHEWY INC   CLASS A COMMON STOCK USD.01,7794696.42,16679L109,US,84413.0,USD,38,2020-12-30,2021-01-01,2021,0.0115472116,CHWY,US16679L1098,BBG00P19DKZ6,BJLFHW7,,Equity,Common Stock
2020-12-31,XRT,CASEY S GENERAL STORES INC,7326515.2,147528103,US,40960.0,USD,100,2020-12-30,2021-01-01,2021,0.010853639,CASY,US1475281036,BBG000BF0672,2179414,NASDAQ/NGS (GLOBAL SELECT MARKET),Equity,Common Stock
2020-12-31,XRT,CALERES INC,4129985.9,129500104,US,273509.0,USD,174,2020-12-30,2021-01-01,2021,0.0061182397,CAL,US1295001044,BBG000CYSFS7,BWX4MD9,,Equity,Common Stock
2020-12-31,XRT,BURLINGTON STORES INC,8146552.96,122017106,US,31304.0,USD,22,2020-12-30,2021-01-01,2021,0.0120684586,BURL,US1220171060,BBG004S641N5,BF311Y5,,Equity,Common Stock
2020-12-31,XRT,BOOT BARN HOLDINGS INC,7719274.0,099406100,US,179518.0,USD,48,2020-12-30,2021-01-01,2021,0.0114354794,BOOT,US0994061002,BBG0077SYZV6,BRS6600,,Equity,Common Stock
2020-12-31,XRT,BLINK CHARGING CO,11931688.08,09354A100,US,263742.0,USD,2,2020-12-30,2021-01-01,2021,0.0176758297,BLNK,US09354A1007,,BYWLZL4,,Equity,Common Stock
2020-12-31,XRT,BOOKING HOLDINGS INC,7586094.4,09857L108,US,3440.0,USD,66,2020-12-30,2021-01-01,2021,0.0112381846,BKNG,US09857L1089,BBG000BLBVN4,BDRXDB4,,Equity,Common Stock
2020-12-31,XRT,BUCKLE INC/THE,5478798.04,118440106,US,188534.0,USD,170,2020-12-30,2021-01-01,2021,0.0081163957,BKE,US1184401065,BBG000BD9525,2149934,,Equity,Common Stock
2020-12-31,XRT,BJ's Wholesale Club Holdings Inc.,7287636.16,05550J101,US,191377.0,USD,110,2020-12-30,2021-01-01,2021,0.0107960429,BJ,US05550J1016,BBG00FQ8T4G3,BFZNZF8,,Equity,Common Stock
2020-12-31,XRT,BIG LOTS INC,6978863.88,089302103,US,159444.0,USD,142,2020-12-30,2021-01-01,2021,0.0103386217,BIG,US0893021032,BBG000J0D904,2218447,,Equity,Common Stock
2020-12-31,XRT,BEST BUY CO INC,7239951.32,086516101,US,71414.0,USD,118,2020-12-30,2021-01-01,2021,0.0107254016,BBY,US0865161014,BBG000BCWCG1,2094670,,Equity,Common Stock
2020-12-31,XRT,AUTOZONE INC,7312735.53,053332102,US,6219.0,USD,102,2020-12-30,2021-01-01,2021,0.0108332255,AZO,US0533321024,BBG000C7LMS8,2065955,"NEW YORK STOCK EXCHANGE, INC.",Equity,Common Stock
2020-12-31,XRT,ABERCROMBIE & FITCH CO-CL A,7191319.69,002896207,US,347239.0,USD,126,2020-12-30,2021-01-01,2021,0.0106533578,ANF,US0028962076,BBG000H9G7X2,2004185,,Equity,Common Stock
2020-12-31,XRT,AUTONATION INC,7489448.34,05329W102,US,107391.0,USD,78,2020-12-30,2021-01-01,2021,0.0110950113,AN,US05329W1027,BBG000BBXLW4,2732635,,Equity,
2020-12-31,XRT,AMAZON.COM INC,7573884.25,023135106,US,2305.0,USD,70,2020-12-30,2021-01-01,2021,0.0112200962,AMZN,US0231351067,BBG000BVPV84,2000019,NASDAQ/NGS (GLOBAL SELECT MARKET),Equity,Common Stock
2020-12-31,XRT,AMERICAN EAGLE OUTFITTERS,7405306.4,02553E106,US,368240.0,USD,86,2020-12-30,2021-01-01,2021,0.0109703618,AEO,US02553E1064,BBG000BGXZB5,2048592,,Equity,Common Stock
2020-12-31,XRT,Albertsons Cos. Inc. Class A,7901841.2,013091103,US,468952.0,USD,28,2020-12-30,2021-01-01,2021,0.0117059379,ACI,US0130911037,BBG009KG1750,BYNQ369,,Equity,Common Stock
2020-12-31,XRT,Asbury Automotive Group Inc,7309258.96,043436104,US,50084.0,USD,104,2020-12-30,2021-01-01,2021,0.0108280753,ABG,US0434361046,BBG000BKDWB5,2855855,"NEW YORK STOCK EXCHANGE, INC.",Equity,Common Stock
2020-12-31,XRT,ADVANCE AUTO PARTS INC,7184566.2,00751Y106,US,45570.0,USD,128,2020-12-30,2021-01-01,2021,0.0106433531,AAP,US00751Y1064,BBG000F7RCJ1,2822019,,Equity,Common Stock
2020-12-30,XRT,GROUPON INC,7984570.2,399473206,US,208420.0,USD,25,2020-12-30,2021-01-01,2021,0.0118284942,,US3994732069,,BMTD360,,Equity,Common Stock
2020-12-30,XRT,STATE STREET INSTITUTIONAL LIQ STATE ST INST LIQ RES PREM,1507853.61,964WKM905,,1507552.1,USD,189,2020-12-30,2021-01-01,2021,0.002233763,,,,,,,
2020-12-30,XRT,CARPARTS.COM INC.,6652175.0,14427M107,DE,532174.0,USD,157,2020-12-30,2021-01-01,2021,0.0098546586,,US14427M1071,,BN2XDY2,,Equity,Common Stock
2020-12-30,XRT,ZUMIEZ INC,5079010.9,989817101,US,138695.0,USD,171,2020-12-30,2021-01-01,2021,0.0075241434,ZUMZ,US9898171015,BBG000PYX812,B081QB7,,Equity,Common Stock
2020-12-30,XRT,WAL-MART STORES INC,7046797.5,931142103,US,48875.0,USD,137,2020-12-30,2021-01-01,2021,0.0104392599,WMT,US9311421039,BBG000BWXBC2,2936921,"NEW YORK STOCK EXCHANGE, INC.",Equity,Common Stock
2020-12-30,XRT,WEIS MARKETS INC,2228665.4,948849104,US,46334.0,USD,185,2020-12-30,2021-01-01,2021,0.0033015873,WMK,US9488491047,BBG000BWW509,2946845,,Equity,Common Stock
2020-12-30,XRT,WINMARK CORP,1436243.25,974250102,US,7753.0,USD,191,2020-12-30,2021-01-01,2021,0.0021276781,WINA,US9742501029,BBG000BQ5GY1,2391092,,Equity,Common Stock
2020-12-30,XRT,WALGREENS BOOTS ALLIANCE INC,6805544.62,931427108,US,172993.0,USD,151,2020-12-30,2021-01-01,2021,0.0100818633,WBA,US9314271084,BBG000BWLMJ4,BTN1Y44,,Equity,Common Stock
2020-12-30,XRT,WAYFAIR INC- CLASS A,6802919.64,94419L101,US,29492.0,USD,153,2020-12-30,2021-01-01,2021,0.0100779746,W,US94419L1017,BBG001B17MV2,BQXZP64,,Equity,Common Stock
2020-12-30,XRT,Vroom Inc.,9063139.8,92918V109,US,206921.0,USD,11,2020-12-30,2021-01-01,2021,0.0134263077,VRM,US92918V1098,BBG009NGKQ45,BMFZYY5,,Equity,Common Stock
2020-12-30,XRT,URBAN OUTFITTERS INC,6984815.6,917047102,US,269684.0,USD,139,2020-12-30,2021-01-01,2021,0.0103474387,URBN,US9170471026,BBG000BL79J3,2933438,NASDAQ/NGS (GLOBAL SELECT MARKET),Equity,Common Stock
2020-12-30,XRT,Ulta Beauty  Inc.,7659985.62,90384S303,US,27069.0,USD,55,2020-12-30,2021-01-01,2021,0.0113476484,ULTA,US90384S3031,BBG00FWQ4VD6,B28TS42,,Equity,Common Stock
2020-12-30,XRT,TRACTOR SUPPLY COMPANY,7396966.64,892356106,US,51814.0,USD,87,2020-12-30,2021-01-01,2021,0.0109580071,TSCO,US8923561067,BBG000BLXZN1,2900335,NASDAQ/NGS (GLOBAL SELECT MARKET),Equity,Common Stock
2020-12-30,XRT,TJX COMPANIES INC,7427898.2,872540109,US,108754.0,USD,83,2020-12-30,2021-01-01,2021,0.0110038297,TJX,US8725401090,BBG000BV8DN6,2989301,"NEW YORK STOCK EXCHANGE, INC.",Equity,Common Stock
2020-12-30,XRT,TIFFANY & CO,7191543.85,886547108,US,54751.0,USD,123,2020-12-30,2021-01-01,2021,0.0106536899,TIF,US8865471085,BBG000BV75B7,2892090,"NEW YORK STOCK EXCHANGE, INC.",Equity,Common Stock
2020-12-30,XRT,TARGET CORP,7275313.08,87612E106,US,41841.0,USD,111,2020-12-30,2021-01-01,2021,0.0107777872,TGT,US87612E1064,BBG000H8TVT2,2259101,"NEW YORK STOCK EXCHANGE, INC.",Equity,Common Stock
2020-12-30,XRT,TRAVELCENTERS AMER INC COMMON STOCK,2791158.04,89421B109,DE,82652.0,USD,177,2020-12-30,2021-01-01,2021,0.0041348746,TA,US89421B1098,,BJBM7K6,,Equity,Common Stock
2020-12-30,XRT,STAMPS.COM INC,7619529.32,852857200,US,36541.0,USD,61,2020-12-30,2021-01-01,2021,0.0112877157,STMP,US8528572006,BBG000CZ4KF3,B013D75,,Equity,Common Stock
2020-12-30,XRT,SHUTTERSTOCK INC,7624338.04,825690100,US,106307.0,USD,59,2020-12-30,2021-01-01,2021,0.0112948394,SSTK,US8256901005,BBG002ZCK2V9,B7ZR219,,Equity,Common Stock
2020-12-30,XRT,SPORTSMANS WAREHOUSE HOLDIN,10797777.4,84920Y106,US,608840.0,USD,5,2020-12-30,2021-01-01,2021,0.0159960329,SPWH,US84920Y1064,BBG002G8Q1H1,BLM7DY0,NASDAQ/NGS (GLOBAL SELECT MARKET),Equity,Common Stock
2020-12-30,XRT,SIGNET JEWELERS LTD COMMON STOCK USD.18,7554576.75,,US,272237.0,USD,73,2020-12-30,2021-01-01,2021,0.0111914937,SIG,BMG812761002,BBG000C4ZZ10,B3CTNK6,,Equity,Common Stock
2020-12-30,XRT,SPROUTS FARMERS MARKET INC,7341184.4,85208M102,US,364870.0,USD,97,2020-12-30,2021-01-01,2021,0.0108753702,SFM,US85208M1027,BBG001KFKQM7,BCGCR79,NASDAQ/NGS (GLOBAL SELECT MARKET),Equity,Common Stock
2020-12-30,XRT,Stitch Fix Inc. Class A,7396166.43,860897107,US,119621.0,USD,89,2020-12-30,2021-01-01,2021,0.0109568217,SFIX,US8608971078,BBG0046L1KL9,BF3FPW3,,Equity,Common Stock
2020-12-30,XRT,SALLY BEAUTY HOLDINGS INC,7878813.04,79546E104,US,614572.0,USD,29,2020-12-30,2021-01-01,2021,0.0116718235,SBH,US79546E1047,BBG000LR8515,B1GZ005,,Equity,Common Stock
2020-12-30,XRT,SONIC AUTOMOTIVE INC-CLASS A,6328623.76,83545G102,US,161816.0,USD,161,2020-12-30,2021-01-01,2021,0.0093753436,SAH,US83545G1022,BBG000BBMNG0,2125246,,Equity,Common Stock
2020-12-30,XRT,ROSS STORES INC,7800163.2,778296103,US,63680.0,USD,33,2020-12-30,2021-01-01,2021,0.0115553102,ROST,US7782961038,BBG000BSBZH7,2746711,NASDAQ/NGS (GLOBAL SELECT MARKET),Equity,Common Stock
2020-12-30,XRT,RealReal Inc.,9308985.02,88339P101,US,457894.0,USD,9,2020-12-30,2021-01-01,2021,0.0137905075,REAL,US88339P1012,BBG004FPDNZ6,BKBDP79,,Equity,Common Stock
2020-12-30,XRT,RENT-A-CENTER INC,8076572.06,76009N100,US,210437.0,USD,23,2020-12-30,2021-01-01,2021,0.0119647875,RCII,US76009N1000,BBG000BHQJX3,2733092,,Equity,Common Stock
2020-12-30,XRT,RITE AID CORP,6308705.06,767754872,US,389186.0,USD,163,2020-12-30,2021-01-01,2021,0.0093458357,RAD,US7677548726,BBG000BRWGG9,BJNQGL0,,Equity,Common Stock
2020-12-30,XRT,QUOTIENT TECHNOLOGY INC,2565913.1,749119103,US,268682.0,USD,179,2020-12-30,2021-01-01,2021,0.0038011925,QUOT,US7491191034,BBG001QYNR63,BYWCCM7,,Equity,Common Stock
2020-12-30,XRT,QURATE RETAIL INC,7709652.36,74915M100,US,695817.0,USD,51,2020-12-30,2021-01-01,2021,0.0114212257,QRTEA,US74915M1009,BBG000PCQQL6,BZ19HB0,,Equity,Common Stock
2020-12-30,XRT,PRICESMART INC,5745243.6,741511109,US,62721.0,USD,167,2020-12-30,2021-01-01,2021,0.0085111132,PSMT,US7415111092,BBG000BTKR92,2092942,,Equity,Common Stock
2020-12-30,XRT,PARTY CITY HOLDCO INC,8568469.0,702149105,US,1318226.0,USD,13,2020-12-30,2021-01-01,2021,0.012693493,PRTY,US7021491052,BBG005WX31L1,BWTVWC3,,Equity,Common Stock
2020-12-30,XRT,CHILDRENS PLACE INC/THE,8256000.0,168905107,US,165120.0,USD,17,2020-12-30,2021-01-01,2021,0.0122305955,PLCE,US1689051076,BBG000JK9DK4,2106791,NASDAQ/NGS (GLOBAL SELECT MARKET),Equity,Common Stock
2020-12-30,XRT,PETMED EXPRESS INC,7797501.63,716382106,US,240441.0,USD,35,2020-12-30,2021-01-01,2021,0.0115513673,PETS,US7163821066,BBG000BDYQR4,2143099,,Equity,Common Stock
2020-12-30,XRT,PENSKE AUTOMOTIVE GROUP INC,7295752.2,70959W103,US,123972.0,USD,107,2020-12-30,2021-01-01,2021,0.0108080661,PAG,US70959W1036,BBG000H6K1B0,2943523,,Equity,Common Stock
2020-12-30,XRT,OVERSTOCK.COM INC,6790665.36,690370101,US,129494.0,USD,155,2020-12-30,2021-01-01,2021,0.0100598209,OSTK,US6903701018,BBG000BF7BV7,2855930,,Equity,Common Stock
2020-12-30,XRT,OREILLY AUTOMOTIVE INC,7245516.6,67103H107,US,16037.0,USD,115,2020-12-30,2021-01-01,2021,0.0107336461,ORLY,US67103H1077,BBG000BGYWY6,B65LWX6,NASDAQ/NGS (GLOBAL SELECT MARKET),Equity,Common Stock
2020-12-30,XRT,OLLIES BARGAIN OUTLET HOLDI,7520169.34,681116109,US,90539.0,USD,75,2020-12-30,2021-01-01,2021,0.0111405219,OLLI,US6811161099,BBG0098VVDT9,BZ22B38,NASDAQ/NMS (GLOBAL MARKET),Equity,Common Stock
2020-12-30,XRT,OFFICE DEPOT INC,6419305.73,88337F105,US,225595.0,USD,159,2020-12-30,2021-01-01,2021,0.0095096816,ODP.UW,US88337F1057,BBG00R24W7X2,BLPHWK6,,Equity,Common Stock
2020-12-30,XRT,MURPHY USA INC,7484613.12,626755102,US,57327.0,USD,79,2020-12-30,2021-01-01,2021,0.0110878483,MUSA,US6267551025,BBG001Z0Q6T5,BCZWJ63,,Equity,Common Stock
2020-12-30,XRT,Monro  Inc.,7741035.84,610236101,US,149672.0,USD,43,2020-12-30,2021-01-01,2021,0.0114677178,MNRO,US6102361010,BBG000C0BZD1,2600088,NASDAQ/NGS (GLOBAL SELECT MARKET),Equity,Common Stock
2020-12-30,XRT,The Michaels Companies Inc.,7173018.05,59408Q106,US,567037.0,USD,129,2020-12-30,2021-01-01,2021,0.0106262454,MIK,US59408Q1067,BBG005CPNTS0,BNG83R6,,Equity,Common Stock
2020-12-30,XRT,MAGNITE INC,11579309.8,55955D100,US,369946.0,USD,3,2020-12-30,2021-01-01,2021,0.0171538098,MGNI,US55955D1000,,BLPNRR6,,Equity,Common Stock
2020-12-30,XRT,MACYS INC,7800336.21,55616P104,US,648407.0,USD,31,2020-12-30,2021-01-01,2021,0.0115555665,M,US55616P1049,BBG000C46HM9,2345022,"NEW YORK STOCK EXCHANGE, INC.",Equity,Common Stock
2020-12-30,XRT,LANDS END INC,2306355.36,51509F105,US,107824.0,USD,183,2020-12-30,2021-01-01,2021,0.0034166787,LE,US51509F1057,BBG005P337D1,BKWQKM7,NASDAQ CAPITAL MARKET,Equity,Common Stock
2020-12-30,XRT,L BRANDS INC,6910012.97,501797104,US,181699.0,USD,147,2020-12-30,2021-01-01,2021,0.0102366247,LB,US5017971046,BBG000BNGTQ7,B9M2WX3,"NEW YORK STOCK EXCHANGE, INC.",Equity,Common Stock
2020-12-30,XRT,Lithia Motors Inc,7782086.61,536797103,US,26541.0,USD,39,2020-12-30,2021-01-01,2021,0.0115285312,LAD,US5367971034,BBG000K3BC83,2515030,"NEW YORK STOCK EXCHANGE, INC.",Equity,Common Stock
2020-12-30,XRT,Kohls Corp,7764749.76,500255104,US,187872.0,USD,41,2020-12-30,2021-01-01,2021,0.011502848,KSS,US5002551043,BBG000CS7CT9,2496113,"NEW YORK STOCK EXCHANGE, INC.",Equity,Common Stock
2020-12-30,XRT,KROGER CO,7232522.0,501044101,US,229240.0,USD,121,2020-12-30,2021-01-01,2021,0.0107143957,KR,US5010441013,BBG000BMY992,2497406,"NEW YORK STOCK EXCHANGE, INC.",Equity,Common Stock
2020-12-30,XRT,CARMAX INC,7237294.56,143130102,US,76488.0,USD,119,2020-12-30,2021-01-01,2021,0.0107214659,KMX,US1431301027,BBG000BLMZK6,2983563,,Equity,Common Stock
2020-12-30,XRT,NORDSTROM INC,7349769.12,655664100,US,233104.0,USD,95,2020-12-30,2021-01-01,2021,0.0108880878,JWN,US6556641008,BBG000G8N9C6,2641827,,Equity,Common Stock
2020-12-30,XRT,INGLES MARKETS INC-CLASS A,2119592.56,457030104,US,50156.0,USD,187,2020-12-30,2021-01-01,2021,0.0031400047,IMKTA,US4570301048,BBG000BLXDJ5,2460550,,Equity,Common Stock
2020-12-30,XRT,MARINEMAX INC,6246269.85,567908108,US,175605.0,USD,165,2020-12-30,2021-01-01,2021,0.009253343,HZO,US5679081084,BBG000C1SRH5,2250353,,Equity,Common Stock
2020-12-30,XRT,HIBBETT SPORTS INC,7445860.92,428567101,US,155706.0,USD,81,2020-12-30,2021-01-01,2021,0.01103044,HIBB,US4285671016,BBG000H001V3,2428376,NASDAQ/NGS (GLOBAL SELECT MARKET),Equity,Common Stock
2020-12-30,XRT,GRUBHUB INC,7597245.16,400110102,US,102721.0,USD,63,2020-12-30,2021-01-01,2021,0.0112547035,GRUB,US4001101025,BBG001KWG293,BKY7XF2,,Equity,Common Stock
2020-12-30,XRT,GAP INC/THE,7056875.52,364760108,US,344574.0,USD,135,2020-12-30,2021-01-01,2021,0.0104541897,GPS,US3647601083,BBG000BKLH74,2360326,"NEW YORK STOCK EXCHANGE, INC.",Equity,Common Stock
2020-12-30,XRT,Group 1 Automotive Inc,7625373.36,398905109,US,58729.0,USD,57,2020-12-30,2021-01-01,2021,0.0112963732,GPI,US3989051095,BBG000BB88K4,2121352,"NEW YORK STOCK EXCHANGE, INC.",Equity,Common Stock
2020-12-30,XRT,Grocery Outlet Holding Corp.,7670204.77,39874R101,US,189061.0,USD,53,2020-12-30,2021-01-01,2021,0.0113627873,GO,US39874R1014,BBG00P4R3079,BK1KWF7,,Equity,Common Stock
2020-12-30,XRT,GameStop Corp.,10395931.68,36467W109,US,539768.0,USD,7,2020-12-30,2021-01-01,2021,0.015400731,GME,US36467W1099,BBG000BB5BF6,B0LLFT5,"NEW YORK STOCK EXCHANGE, INC.",Equity,Common Stock
2020-12-30,XRT,GUESS? INC,8235012.58,401617105,US,371281.0,USD,19,2020-12-30,2021-01-01,2021,0.0121995043,GES,US4016171054,BBG000BC26P7,2387109,,Equity,Common Stock
2020-12-30,XRT,Genesco Inc,3900695.75,371532102,US,133175.0,USD,175,2020-12-30,2021-01-01,2021,0.0057785649,GCO,US3715321028,BBG000BK5S78,2367101,"NEW YORK STOCK EXCHANGE, INC.",Equity,Common Stock
2020-12-30,XRT,1-800-FLOWERS.COM INC-CL A,8453776.9,68243Q106,US,318170.0,USD,15,2020-12-30,2021-01-01,2021,0.0125235859,FLWS,US68243Q1067,BBG000BBR9P6,2444123,,Equity,Common Stock
2020-12-30,XRT,FOOT LOCKER INC,6919408.32,344849104,US,170934.0,USD,145,2020-12-30,2021-01-01,2021,0.0102505431,FL,US3448491049,BBG000BX8DC4,2980906,,Equity,Common Stock
2020-12-30,XRT,FIVE BELOW,7578967.5,33829M101,US,43875.0,USD,67,2020-12-30,2021-01-01,2021,0.0112276267,FIVE,US33829M1018,BBG001636CR2,B85KFY9,,Equity,Common Stock
2020-12-30,XRT,National Vision Holdings Inc,7385615.42,63845R107,US,161047.0,USD,93,2020-12-30,2021-01-01,2021,0.0109411912,EYE,US63845R1077,BBG00HVQF9K2,BYP71H7,,Equity,Common Stock
2020-12-30,XRT,EXPEDIA GROUP INC,7715543.76,30212P303,US,58398.0,USD,49,2020-12-30,2021-01-01,2021,0.0114299533,EXPE,US30212P3038,BBG000QY3XZ2,B748CK2,,Equity,
2020-12-30,XRT,ETSY INC,7740637.26,29786A106,US,42257.0,USD,45,2020-12-30,2021-01-01,2021,0.0114671273,ETSY,US29786A1060,BBG000N7MXL8,BWTN5N1,,Equity,Common Stock
2020-12-30,XRT,EBAY INC,7392027.6,278642103,US,146232.0,USD,91,2020-12-30,2021-01-01,2021,0.0109506903,EBAY,US2786421030,BBG000C43RR5,2293819,NASDAQ/NGS (GLOBAL SELECT MARKET),Equity,Common Stock
2020-12-30,XRT,DOLLAR TREE INC,7268630.6,256746108,US,67427.0,USD,113,2020-12-30,2021-01-01,2021,0.0107678877,DLTR,US2567461080,BBG000BSC0K9,2272476,,Equity,Common Stock
2020-12-30,XRT,DICKS SPORTING GOODS INC,7561426.68,253393102,US,134163.0,USD,71,2020-12-30,2021-01-01,2021,0.0112016413,DKS,US2533931026,BBG000F6ZWH2,2969637,,Equity,Common Stock
2020-12-30,XRT,DOLLAR GEN CORP NEW,7300105.82,256677105,US,34774.0,USD,105,2020-12-30,2021-01-01,2021,0.0108145157,DG,US2566771059,BBG000NV1KK7,B5B1S13,"NEW YORK STOCK EXCHANGE, INC.",Equity,Common Stock
2020-12-30,XRT,DESIGNER BRANDS INC,7135539.06,250565108,US,930318.0,USD,133,2020-12-30,2021-01-01,2021,0.0105707233,DBI,US2505651081,BBG000CF8227,BJ9J282,,Equity,Common Stock
2020-12-30,XRT,CAMPING WORLD HOLDINGS INC-A,6909084.0,13462K109,US,252525.0,USD,149,2020-12-30,2021-01-01,2021,0.0102352485,CWH,US13462K1097,BBG00D2Z7X83,BDCBXH9,,Equity,Common Stock
2020-12-30,XRT,Carvana Co.,6963958.12,146869102,US,27818.0,USD,143,2020-12-30,2021-01-01,2021,0.0103165401,CVNA,US1468691027,BBG00GCTWDJ3,BYQHPG3,,Equity,Common Stock
2020-12-30,XRT,AMERICAS CAR-MART INC,2447531.08,03062T105,US,22222.0,USD,181,2020-12-30,2021-01-01,2021,0.0036258191,CRMT,US03062T1051,BBG000CM6L31,2813961,,Equity,Common Stock
2020-12-30,XRT,COSTCO WHOLESALE CORP,7171466.4,22160K105,US,19152.0,USD,131,2020-12-30,2021-01-01,2021,0.0106239468,COST,US22160K1051,BBG000F6H8W8,2701271,,Equity,Common Stock
2020-12-30,XRT,CHEWY INC   CLASS A COMMON STOCK USD.01,7794696.42,16679L109,US,84413.0,USD,37,2020-12-30,2021-01-01,2021,0.0115472116,CHWY,US16679L1098,BBG00P19DKZ6,BJLFHW7,,Equity,Common Stock
2020-12-30,XRT,CASEY S GENERAL STORES INC,7326515.2,147528103,US,40960.0,USD,99,2020-12-30,2021-01-01,2021,0.010853639,CASY,US1475281036,BBG000BF0672,2179414,NASDAQ/NGS (GLOBAL SELECT MARKET),Equity,Common Stock
2020-12-30,XRT,CALERES INC,4129985.9,129500104,US,273509.0,USD,173,2020-12-30,2021-01-01,2021,0.0061182397,CAL,US1295001044,BBG000CYSFS7,BWX4MD9,,Equity,Common Stock
2020-12-30,XRT,BURLINGTON STORES INC,8146552.96,122017106,US,31304.0,USD,21,2020-12-30,2021-01-01,2021,0.0120684586,BURL,US1220171060,BBG004S641N5,BF311Y5,,Equity,Common Stock
2020-12-30,XRT,BOOT BARN HOLDINGS INC,7719274.0,099406100,US,179518.0,USD,47,2020-12-30,2021-01-01,2021,0.0114354794,BOOT,US0994061002,BBG0077SYZV6,BRS6600,,Equity,Common Stock
2020-12-30,XRT,BLINK CHARGING CO,11931688.08,09354A100,US,263742.0,USD,1,2020-12-30,2021-01-01,2021,0.0176758297,BLNK,US09354A1007,,BYWLZL4,,Equity,Common Stock
2020-12-30,XRT,BOOKING HOLDINGS INC,7586094.4,09857L108,US,3440.0,USD,65,2020-12-30,2021-01-01,2021,0.0112381846,BKNG,US09857L1089,BBG000BLBVN4,BDRXDB4,,Equity,Common Stock
2020-12-30,XRT,BUCKLE INC/THE,5478798.04,118440106,US,188534.0,USD,169,2020-12-30,2021-01-01,2021,0.0081163957,BKE,US1184401065,BBG000BD9525,2149934,,Equity,Common Stock
2020-12-30,XRT,BJ's Wholesale Club Holdings Inc.,7287636.16,05550J101,US,191377.0,USD,109,2020-12-30,2021-01-01,2021,0.0107960429,BJ,US05550J1016,BBG00FQ8T4G3,BFZNZF8,,Equity,Common Stock
2020-12-30,XRT,BIG LOTS INC,6978863.88,089302103,US,159444.0,USD,141,2020-12-30,2021-01-01,2021,0.0103386217,BIG,US0893021032,BBG000J0D904,2218447,,Equity,Common Stock
2020-12-30,XRT,BEST BUY CO INC,7239951.32,086516101,US,71414.0,USD,117,2020-12-30,2021-01-01,2021,0.0107254016,BBY,US0865161014,BBG000BCWCG1,2094670,,Equity,Common Stock
2020-12-30,XRT,AUTOZONE INC,7312735.53,053332102,US,6219.0,USD,101,2020-12-30,2021-01-01,2021,0.0108332255,AZO,US0533321024,BBG000C7LMS8,2065955,"NEW YORK STOCK EXCHANGE, INC.",Equity,Common Stock
2020-12-30,XRT,ABERCROMBIE & FITCH CO-CL A,7191319.69,002896207,US,347239.0,USD,125,2020-12-30,2021-01-01,2021,0.0106533578,ANF,US0028962076,BBG000H9G7X2,2004185,,Equity,Common Stock
2020-12-30,XRT,AUTONATION INC,7489448.34,05329W102,US,107391.0,USD,77,2020-12-30,2021-01-01,2021,0.0110950113,AN,US05329W1027,BBG000BBXLW4,2732635,,Equity,
2020-12-30,XRT,AMAZON.COM INC,7573884.25,023135106,US,2305.0,USD,69,2020-12-30,2021-01-01,2021,0.0112200962,AMZN,US0231351067,BBG000BVPV84,2000019,NASDAQ/NGS (GLOBAL SELECT MARKET),Equity,Common Stock
2020-12-30,XRT,AMERICAN EAGLE OUTFITTERS,7405306.4,02553E106,US,368240.0,USD,85,2020-12-30,2021-01-01,2021,0.0109703618,AEO,US02553E1064,BBG000BGXZB5,2048592,,Equity,Common Stock
2020-12-30,XRT,Albertsons Cos. Inc. Class A,7901841.2,013091103,US,468952.0,USD,27,2020-12-30,2021-01-01,2021,0.0117059379,ACI,US0130911037,BBG009KG1750,BYNQ369,,Equity,Common Stock
2020-12-30,XRT,Asbury Automotive Group Inc,7309258.96,043436104,US,50084.0,USD,103,2020-12-30,2021-01-01,2021,0.0108280753,ABG,US0434361046,BBG000BKDWB5,2855855,"NEW YORK STOCK EXCHANGE, INC.",Equity,Common Stock
2020-12-30,XRT,ADVANCE AUTO PARTS INC,7184566.2,00751Y106,US,45570.0,USD,127,2020-12-30,2021-01-01,2021,0.0106433531,AAP,US00751Y1064,BBG000F7RCJ1,2822019,,Equity,Common Stock
2021-12-31,XRT,STATE STREET INSTITUTIONAL LIQ STATE ST INST LIQ RES PREM,1316525.84,964WKM905,,1316394.2,USD,109,2021-12-31,2022-01-01,2022,0.0018684777,,,,,,,
2021-12-31,XRT,GROUPON INC,7274857.08,399473206,US,314113.0,USD,15,2021-12-31,2022-01-01,2022,0.0103248322,,US3994732069,,BMTD360,,Equity,Common Stock
2021-12-31,XRT,CARPARTS.COM INC.,6120979.2,14427M107,DE,546516.0,USD,85,2021-12-31,2022-01-01,2022,0.0086871924,,US14427M1071,,BN2XDY2,,Equity,Common Stock
2021-12-31,XRT,ZUMIEZ INC,7034326.21,989817101,US,146579.0,USD,34,2021-12-31,2022-01-01,2022,0.009983459,ZUMZ,US9898171015,BBG000PYX812,B081QB7,,Equity,Common Stock
2021-12-31,XRT,Petco Health & Wellness Co. Inc.,6857690.17,71601V105,US,346523.0,USD,53,2021-12-31,2022-01-01,2022,0.0097327685,WOOF,US71601V1052,BBG00YFGTVN8,BNRQM83,,Equity,Common Stock
2021-12-31,XRT,WAL-MART STORES INC,7198038.12,931142103,US,49748.0,USD,19,2021-12-31,2022-01-01,2022,0.0102158069,WMT,US9311421039,BBG000BWXBC2,2936921,"NEW YORK STOCK EXCHANGE, INC.",Equity,Common Stock
2021-12-31,XRT,WEIS MARKETS INC,2678614.92,948849104,US,40659.0,USD,105,2021-12-31,2022-01-01,2022,0.003801621,WMK,US9488491047,BBG000BWW509,2946845,,Equity,Common Stock
2021-12-31,XRT,CONTEXTLOGIC INC CLASS A,6095923.44,21077C107,US,1960104.0,USD,88,2021-12-31,2022-01-01,2022,0.008651632,WISH,US21077C1071,BBG006DZTJ56,BMYDFW5,,Equity,Common Stock
2021-12-31,XRT,WINMARK CORP,1038597.07,974250102,US,4183.0,USD,110,2021-12-31,2022-01-01,2022,0.0014740276,WINA,US9742501029,BBG000BQ5GY1,2391092,,Equity,Common Stock
2021-12-31,XRT,WALGREENS BOOTS ALLIANCE INC,7393784.32,931427108,US,141752.0,USD,10,2021-12-31,2022-01-01,2022,0.0104936195,WBA,US9314271084,BBG000BWLMJ4,BTN1Y44,,Equity,Common Stock
2021-12-31,XRT,WAYFAIR INC- CLASS A,6598228.01,94419L101,US,34733.0,USD,69,2021-12-31,2022-01-01,2022,0.0093645272,W,US94419L1017,BBG001B17MV2,BQXZP64,,Equity,Common Stock
2021-12-31,XRT,VICTORIA'S SECRET & CO-W/I,7700232.22,926400102,US,138643.0,USD,6,2021-12-31,2022-01-01,2022,0.0109285453,VSCO,US9264001028,BBG01103B471,BNNTGH3,,Equity,Common Stock
2021-12-31,XRT,Vroom Inc.,6247107.88,92918V109,US,578972.0,USD,80,2021-12-31,2022-01-01,2022,0.0088662003,VRM,US92918V1098,BBG009NGKQ45,BMFZYY5,,Equity,Common Stock
2021-12-31,XRT,URBAN OUTFITTERS INC,6745959.12,917047102,US,229767.0,USD,61,2021-12-31,2022-01-01,2022,0.0095741944,URBN,US9170471026,BBG000BL79J3,2933438,NASDAQ/NGS (GLOBAL SELECT MARKET),Equity,Common Stock
2021-12-31,XRT,Ulta Beauty  Inc.,7168530.9,90384S303,US,17385.0,USD,22,2021-12-31,2022-01-01,2022,0.0101739289,ULTA,US90384S3031,BBG00FWQ4VD6,B28TS42,,Equity,Common Stock
2021-12-31,XRT,TRACTOR SUPPLY COMPANY,7147501.6,892356106,US,29956.0,USD,23,2021-12-31,2022-01-01,2022,0.010144083,TSCO,US8923561067,BBG000BLXZN1,2900335,NASDAQ/NGS (GLOBAL SELECT MARKET),Equity,Common Stock
2021-12-31,XRT,TJX COMPANIES INC,7129115.76,872540109,US,93903.0,USD,24,2021-12-31,2022-01-01,2022,0.010117989,TJX,US8725401090,BBG000BV8DN6,2989301,"NEW YORK STOCK EXCHANGE, INC.",Equity,Common Stock
2021-12-31,XRT,TARGET CORP,6819842.48,87612E106,US,29467.0,USD,56,2021-12-31,2022-01-01,2022,0.0096790532,TGT,US87612E1064,BBG000H8TVT2,2259101,"NEW YORK STOCK EXCHANGE, INC.",Equity,Common Stock
2021-12-31,XRT,ThredUp Inc.,6149745.8,88556E102,US,481955.0,USD,83,2021-12-31,2022-01-01,2022,0.0087280193,TDUP,US88556E1029,BBG001PG5WQ0,BMFPHK2,,Equity,Common Stock
2021-12-31,XRT,TRAVELCENTERS AMER INC COMMON STOCK,4950048.28,89421B109,DE,95894.0,USD,100,2021-12-31,2022-01-01,2022,0.0070253501,TA,US89421B1098,,BJBM7K6,,Equity,Common Stock
2021-12-31,XRT,SHUTTERSTOCK INC,7004733.12,825690100,US,63174.0,USD,37,2021-12-31,2022-01-01,2022,0.009941459,SSTK,US8256901005,BBG002ZCK2V9,B7ZR219,,Equity,Common Stock
2021-12-31,XRT,SPORTSMANS WAREHOUSE HOLDIN,4994550.6,84920Y106,US,423267.0,USD,99,2021-12-31,2022-01-01,2022,0.0070885099,SPWH,US84920Y1064,BBG002G8Q1H1,BLM7DY0,NASDAQ/NGS (GLOBAL SELECT MARKET),Equity,Common Stock
2021-12-31,XRT,SIGNET JEWELERS LTD COMMON STOCK USD.18,6942818.25,,US,79775.0,USD,44,2021-12-31,2022-01-01,2022,0.0098535864,SIG,BMG812761002,BBG000C4ZZ10,B3CTNK6,,Equity,Common Stock
2021-12-31,XRT,SHIFT TECHNOLOGIES CLASS A,6057895.69,82452T107,US,1776509.0,USD,89,2021-12-31,2022-01-01,2022,0.0085976612,SFT,US82452T1079,BBG00NHVH9D0,BMTLT88,,Equity,Common Stock
2021-12-31,XRT,SPROUTS FARMERS MARKET INC,7774438.56,85208M102,US,261942.0,USD,5,2021-12-31,2022-01-01,2022,0.0110338626,SFM,US85208M1027,BBG001KFKQM7,BCGCR79,NASDAQ/NGS (GLOBAL SELECT MARKET),Equity,Common Stock
2021-12-31,XRT,Stitch Fix Inc. Class A,6958454.36,860897107,US,367783.0,USD,43,2021-12-31,2022-01-01,2022,0.009875778,SFIX,US8608971078,BBG0046L1KL9,BF3FPW3,,Equity,Common Stock
2021-12-31,XRT,SHOE CARNIVAL INC,6193476.56,824889109,US,158482.0,USD,81,2021-12-31,2022-01-01,2022,0.0087900842,SCVL,US8248891090,BBG000BF4DG3,2805474,,Equity,Common Stock
2021-12-31,XRT,SALLY BEAUTY HOLDINGS INC,6192222.4,79546E104,US,335440.0,USD,82,2021-12-31,2022-01-01,2022,0.0087883042,SBH,US79546E1047,BBG000LR8515,B1GZ005,,Equity,Common Stock
2021-12-31,XRT,SONIC AUTOMOTIVE INC-CLASS A,6894714.6,83545G102,US,139428.0,USD,47,2021-12-31,2022-01-01,2022,0.0097853154,SAH,US83545G1022,BBG000BBMNG0,2125246,,Equity,Common Stock
2021-12-31,XRT,Revolve Group Inc.,6144729.96,76156B107,US,109649.0,USD,84,2021-12-31,2022-01-01,2022,0.0087209006,RVLV,US76156B1070,BBG00M4RHBD0,BJ1FD74,,Equity,Common Stock
2021-12-31,XRT,ROSS STORES INC,7106387.52,778296103,US,62184.0,USD,30,2021-12-31,2022-01-01,2022,0.0100857319,ROST,US7782961038,BBG000BSBZH7,2746711,NASDAQ/NGS (GLOBAL SELECT MARKET),Equity,Common Stock
2021-12-31,XRT,RealReal Inc.,6549038.46,88339P101,US,564086.0,USD,73,2021-12-31,2022-01-01,2022,0.009294715,REAL,US88339P1012,BBG004FPDNZ6,BKBDP79,,Equity,Common Stock
2021-12-31,XRT,RENT-A-CENTER INC,6732854.04,76009N100,US,140151.0,USD,63,2021-12-31,2022-01-01,2022,0.009555595,RCII,US76009N1000,BBG000BHQJX3,2733092,,Equity,Common Stock
2021-12-31,XRT,RITE AID CORP,8022047.41,767754872,US,546089.0,USD,1,2021-12-31,2022-01-01,2022,0.0113852811,RAD,US7677548726,BBG000BRWGG9,BJNQGL0,,Equity,Common Stock
2021-12-31,XRT,QUOTIENT TECHNOLOGY INC,5216096.76,749119103,US,702978.0,USD,98,2021-12-31,2022-01-01,2022,0.007402939,QUOT,US7491191034,BBG001QYNR63,BYWCCM7,,Equity,Common Stock
2021-12-31,XRT,QURATE RETAIL INC,6674677.2,74915M100,US,878247.0,USD,66,2021-12-31,2022-01-01,2022,0.0094730276,QRTEA,US74915M1009,BBG000PCQQL6,BZ19HB0,,Equity,Common Stock
2021-12-31,XRT,PRICESMART INC,4357712.52,741511109,US,59556.0,USD,101,2021-12-31,2022-01-01,2022,0.0061846782,PSMT,US7415111092,BBG000BTKR92,2092942,,Equity,Common Stock
2021-12-31,XRT,PARTY CITY HOLDCO INC,6558056.73,702149105,US,1177389.0,USD,71,2021-12-31,2022-01-01,2022,0.0093075141,PRTY,US7021491052,BBG005WX31L1,BWTVWC3,,Equity,Common Stock
2021-12-31,XRT,PORCH GROUP INC,6446542.95,733245104,US,413505.0,USD,76,2021-12-31,2022-01-01,2022,0.0091492483,PRCH,US7332451043,BBG00QYZND30,BNGJQZ8,,Equity,Common Stock
2021-12-31,XRT,Poshmark Inc. Class A,6473460.63,73739W104,US,380121.0,USD,75,2021-12-31,2022-01-01,2022,0.0091874512,POSH,US73739W1045,BBG0029ZBN50,BL6G4S4,,Equity,Common Stock
2021-12-31,XRT,CHILDRENS PLACE INC/THE,6276992.85,168905107,US,79165.0,USD,79,2021-12-31,2022-01-01,2022,0.0089086145,PLCE,US1689051076,BBG000JK9DK4,2106791,NASDAQ/NGS (GLOBAL SELECT MARKET),Equity,Common Stock
2021-12-31,XRT,PETMED EXPRESS INC,5901847.44,716382106,US,233644.0,USD,92,2021-12-31,2022-01-01,2022,0.0083761899,PETS,US7163821066,BBG000BDYQR4,2143099,,Equity,Common Stock
2021-12-31,XRT,PENSKE AUTOMOTIVE GROUP INC,7120051.32,70959W103,US,66406.0,USD,28,2021-12-31,2022-01-01,2022,0.0101051243,PAG,US70959W1036,BBG000H6K1B0,2943523,,Equity,Common Stock
2021-12-31,XRT,OVERSTOCK.COM INC,5654810.28,690370101,US,95828.0,USD,96,2021-12-31,2022-01-01,2022,0.0080255827,OSTK,US6903701018,BBG000BF7BV7,2855930,,Equity,Common Stock
2021-12-31,XRT,OREILLY AUTOMOTIVE INC,7263575.55,67103H107,US,10285.0,USD,16,2021-12-31,2022-01-01,2022,0.0103088209,ORLY,US67103H1077,BBG000BGYWY6,B65LWX6,NASDAQ/NGS (GLOBAL SELECT MARKET),Equity,Common Stock
2021-12-31,XRT,ONEWATER MARINE CLASS A INC,2019265.43,68280L101,US,33119.0,USD,108,2021-12-31,2022-01-01,2022,0.00286584,ONEW,US68280L1017,BBG00PPXGH18,BJCYG26,,Equity,Common Stock
2021-12-31,XRT,OLLIES BARGAIN OUTLET HOLDI,7190096.21,681116109,US,140459.0,USD,20,2021-12-31,2022-01-01,2022,0.0102045354,OLLI,US6811161099,BBG0098VVDT9,BZ22B38,NASDAQ/NMS (GLOBAL MARKET),Equity,Common Stock
2021-12-31,XRT,OFFICE DEPOT INC,7111211.92,88337F105,US,181039.0,USD,29,2021-12-31,2022-01-01,2022,0.010092579,ODP.UW,US88337F1057,BBG00R24W7X2,BLPHWK6,,Equity,Common Stock
2021-12-31,XRT,MURPHY USA INC,7418302.92,626755102,US,37233.0,USD,9,2021-12-31,2022-01-01,2022,0.0105284175,MUSA,US6267551025,BBG001Z0Q6T5,BCZWJ63,,Equity,Common Stock
2021-12-31,XRT,Monro  Inc.,6683976.89,610236101,US,114707.0,USD,65,2021-12-31,2022-01-01,2022,0.0094862262,MNRO,US6102361010,BBG000C0BZD1,2600088,NASDAQ/NGS (GLOBAL SELECT MARKET),Equity,Common Stock
2021-12-31,XRT,MACYS INC,6872904.5,55616P104,US,262525.0,USD,50,2021-12-31,2022-01-01,2022,0.0097543614,M,US55616P1049,BBG000C46HM9,2345022,"NEW YORK STOCK EXCHANGE, INC.",Equity,Common Stock
2021-12-31,XRT,LIQUIDITY SERVICES INC,2480356.8,53635B107,US,112335.0,USD,106,2021-12-31,2022-01-01,2022,0.0035202434,LQDT,US53635B1070,BBG000QXXMF7,B0ZN8Z4,,Equity,Common Stock
2021-12-31,XRT,LESLIE'S INC,7857438.68,527064109,US,332098.0,USD,4,2021-12-31,2022-01-01,2022,0.0111516604,LESL,US5270641096,BBG00XS6TTT7,BNG3RZ7,,Equity,Common Stock
2021-12-31,XRT,Lithia Motors Inc,7219448.4,536797103,US,24312.0,USD,17,2021-12-31,2022-01-01,2022,0.0102461935,LAD,US5367971034,BBG000K3BC83,2515030,"NEW YORK STOCK EXCHANGE, INC.",Equity,Common Stock
2021-12-31,XRT,Kohls Corp,6695654.13,500255104,US,135567.0,USD,64,2021-12-31,2022-01-01,2022,0.0095027991,KSS,US5002551043,BBG000CS7CT9,2496113,"NEW YORK STOCK EXCHANGE, INC.",Equity,Common Stock
2021-12-31,XRT,KROGER CO,7120620.02,501044101,US,157327.0,USD,27,2021-12-31,2022-01-01,2022,0.0101059314,KR,US5010441013,BBG000BMY992,2497406,"NEW YORK STOCK EXCHANGE, INC.",Equity,Common Stock
2021-12-31,XRT,CARMAX INC,6113386.89,143130102,US,46943.0,USD,87,2021-12-31,2022-01-01,2022,0.008676417,KMX,US1431301027,BBG000BLMZK6,2983563,,Equity,Common Stock
2021-12-31,XRT,NORDSTROM INC,7609096.56,655664100,US,336388.0,USD,7,2021-12-31,2022-01-01,2022,0.0107992011,JWN,US6556641008,BBG000G8N9C6,2641827,,Equity,Common Stock
2021-12-31,XRT,INGLES MARKETS INC-CLASS A,3717109.68,457030104,US,43052.0,USD,103,2021-12-31,2022-01-01,2022,0.0052755034,IMKTA,US4570301048,BBG000BLXDJ5,2460550,,Equity,Common Stock
2021-12-31,XRT,MARINEMAX INC,7302067.2,567908108,US,123680.0,USD,14,2021-12-31,2022-01-01,2022,0.0103634501,HZO,US5679081084,BBG000C1SRH5,2250353,,Equity,Common Stock
2021-12-31,XRT,HIBBETT SPORTS INC,6734949.76,428567101,US,93632.0,USD,62,2021-12-31,2022-01-01,2022,0.0095585693,HIBB,US4285671016,BBG000H001V3,2428376,NASDAQ/NGS (GLOBAL SELECT MARKET),Equity,Common Stock
2021-12-31,XRT,GAP INC/THE,7307029.4,364760108,US,413996.0,USD,13,2021-12-31,2022-01-01,2022,0.0103704927,GPS,US3647601083,BBG000BKLH74,2360326,"NEW YORK STOCK EXCHANGE, INC.",Equity,Common Stock
2021-12-31,XRT,Group 1 Automotive Inc,6769058.28,398905109,US,34674.0,USD,60,2021-12-31,2022-01-01,2022,0.0096069778,GPI,US3989051095,BBG000BB88K4,2121352,"NEW YORK STOCK EXCHANGE, INC.",Equity,Common Stock
2021-12-31,XRT,Grocery Outlet Holding Corp.,7125768.16,39874R101,US,251972.0,USD,25,2021-12-31,2022-01-01,2022,0.0101132379,GO,US39874R1014,BBG00P4R3079,BK1KWF7,,Equity,Common Stock
2021-12-31,XRT,GameStop Corp.,6549934.6,36467W109,US,44140.0,USD,72,2021-12-31,2022-01-01,2022,0.0092959868,GME,US36467W1099,BBG000BB5BF6,B0LLFT5,"NEW YORK STOCK EXCHANGE, INC.",Equity,Common Stock
2021-12-31,XRT,GUESS? INC,6869354.88,401617105,US,290091.0,USD,51,2021-12-31,2022-01-01,2022,0.0097493236,GES,US4016171054,BBG000BC26P7,2387109,,Equity,Common Stock
2021-12-31,XRT,Genesco Inc,5501871.63,371532102,US,85739.0,USD,97,2021-12-31,2022-01-01,2022,0.0078085247,GCO,US3715321028,BBG000BK5S78,2367101,"NEW YORK STOCK EXCHANGE, INC.",Equity,Common Stock
2021-12-31,XRT,FRANCHISE GROUP INC,4269452.48,35180X105,US,81853.0,USD,102,2021-12-31,2022-01-01,2022,0.0060594153,FRG,US35180X1054,,BK8VYM4,,Equity,Common Stock
2021-12-31,XRT,1-800-FLOWERS.COM INC-CL A,6978352.11,68243Q106,US,298603.0,USD,38,2021-12-31,2022-01-01,2022,0.0099040178,FLWS,US68243Q1067,BBG000BBR9P6,2444123,,Equity,Common Stock
2021-12-31,XRT,FOOT LOCKER INC,6893845.41,344849104,US,158007.0,USD,48,2021-12-31,2022-01-01,2022,0.0097840818,FL,US3448491049,BBG000BX8DC4,2980906,,Equity,Common Stock
2021-12-31,XRT,FIVE BELOW,7198530.66,33829M101,US,34794.0,USD,18,2021-12-31,2022-01-01,2022,0.010216506,FIVE,US33829M1018,BBG001636CR2,B85KFY9,,Equity,Common Stock
2021-12-31,XRT,National Vision Holdings Inc,6960229.65,63845R107,US,145035.0,USD,42,2021-12-31,2022-01-01,2022,0.0098782976,EYE,US63845R1077,BBG00HVQF9K2,BYP71H7,,Equity,Common Stock
2021-12-31,XRT,EVgo Inc.,5666277.12,30052F100,US,570048.0,USD,95,2021-12-31,2022-01-01,2022,0.008041857,EVGO,US30052F1003,,BP2Q7L0,,Equity,Common Stock
2021-12-31,XRT,ETSY INC,6819981.0,29786A106,US,31150.0,USD,55,2021-12-31,2022-01-01,2022,0.0096792498,ETSY,US29786A1060,BBG000N7MXL8,BWTN5N1,,Equity,Common Stock
2021-12-31,XRT,EBAY INC,6976049.5,278642103,US,104903.0,USD,39,2021-12-31,2022-01-01,2022,0.0099007499,EBAY,US2786421030,BBG000C43RR5,2293819,NASDAQ/NGS (GLOBAL SELECT MARKET),Equity,Common Stock
2021-12-31,XRT,DOLLAR TREE INC,6967403.16,256746108,US,49583.0,USD,41,2021-12-31,2022-01-01,2022,0.0098884785,DLTR,US2567461080,BBG000BSC0K9,2272476,,Equity,Common Stock
2021-12-31,XRT,DICKS SPORTING GOODS INC,7090053.42,253393102,US,61658.0,USD,31,2021-12-31,2022-01-01,2022,0.0100625498,DKS,US2533931026,BBG000F6ZWH2,2969637,,Equity,Common Stock
2021-12-31,XRT,DOLLAR GEN CORP NEW,7441143.99,256677105,US,31553.0,USD,8,2021-12-31,2022-01-01,2022,0.0105608347,DG,US2566771059,BBG000NV1KK7,B5B1S13,"NEW YORK STOCK EXCHANGE, INC.",Equity,Common Stock
2021-12-31,XRT,DILLARDS INC-CL A,6427119.62,254067101,US,26231.0,USD,77,2021-12-31,2022-01-01,2022,0.0091216818,DDS,US2540671011,BBG000BS4MP5,2269768,,Equity,Common Stock
2021-12-31,XRT,DESIGNER BRANDS INC,6919744.23,250565108,US,486963.0,USD,45,2021-12-31,2022-01-01,2022,0.0098208387,DBI,US2505651081,BBG000CF8227,BJ9J282,,Equity,Common Stock
2021-12-31,XRT,DOORDASH INC CLASS A,6613840.2,25809K105,US,44418.0,USD,68,2021-12-31,2022-01-01,2022,0.0093866847,DASH,US25809K1051,BBG005D7QCJ3,BN13P03,,Equity,Common Stock
2021-12-31,XRT,CAMPING WORLD HOLDINGS INC-A,7189907.2,13462K109,US,177968.0,USD,21,2021-12-31,2022-01-01,2022,0.0102042671,CWH,US13462K1097,BBG00D2Z7X83,BDCBXH9,,Equity,Common Stock
2021-12-31,XRT,Carvana Co.,6007996.8,146869102,US,25920.0,USD,90,2021-12-31,2022-01-01,2022,0.0085268422,CVNA,US1468691027,BBG00GCTWDJ3,BYQHPG3,,Equity,Common Stock
2021-12-31,XRT,CITI TRENDS INC,7869177.0,17306X102,US,83052.0,USD,3,2021-12-31,2022-01-01,2022,0.01116832,CTRN,US17306X1028,BBG000BRLWY6,B06FLD8,,Equity,Common Stock
2021-12-31,XRT,AMERICAS CAR-MART INC,3617382.4,03062T105,US,35326.0,USD,104,2021-12-31,2022-01-01,2022,0.0051339656,CRMT,US03062T1051,BBG000CM6L31,2813961,,Equity,Common Stock
2021-12-31,XRT,COSTCO WHOLESALE CORP,7124635.0,22160K105,US,12550.0,USD,26,2021-12-31,2022-01-01,2022,0.0101116296,COST,US22160K1051,BBG000F6H8W8,2701271,,Equity,Common Stock
2021-12-31,XRT,CONNS INC,5712561.12,208242107,US,242881.0,USD,94,2021-12-31,2022-01-01,2022,0.0081075455,CONN,US2082421072,BBG000BRWGM2,2925792,NASDAQ/NGS (GLOBAL SELECT MARKET),Equity,Common Stock
2021-12-31,XRT,CHEWY INC   CLASS A COMMON STOCK USD.01,7994385.99,16679L109,US,135567.0,USD,2,2021-12-31,2022-01-01,2022,0.0113460227,CHWY,US16679L1098,BBG00P19DKZ6,BJLFHW7,,Equity,Common Stock
2021-12-31,XRT,CHICOS FAS INC,5988639.4,168615102,US,1113130.0,USD,91,2021-12-31,2022-01-01,2022,0.0084993693,CHS,US1686151028,BBG000BLVBC8,2196781,"NEW YORK STOCK EXCHANGE, INC.",Equity,Common Stock
2021-12-31,XRT,CASEY S GENERAL STORES INC,7386613.15,147528103,US,37429.0,USD,11,2021-12-31,2022-01-01,2022,0.0104834418,CASY,US1475281036,BBG000BF0672,2179414,NASDAQ/NGS (GLOBAL SELECT MARKET),Equity,Common Stock
2021-12-31,XRT,CALERES INC,6839222.04,129500104,US,301553.0,USD,54,2021-12-31,2022-01-01,2022,0.0097065576,CAL,US1295001044,BBG000CYSFS7,BWX4MD9,,Equity,Common Stock
2021-12-31,XRT,BURLINGTON STORES INC,7071158.07,122017106,US,24257.0,USD,32,2021-12-31,2022-01-01,2022,0.0100357326,BURL,US1220171060,BBG004S641N5,BF311Y5,,Equity,Common Stock
2021-12-31,XRT,BOOT BARN HOLDINGS INC,6649375.9,099406100,US,54038.0,USD,67,2021-12-31,2022-01-01,2022,0.0094371187,BOOT,US0994061002,BBG0077SYZV6,BRS6600,,Equity,Common Stock
2021-12-31,XRT,BUCKLE INC/THE,5876985.93,118440106,US,138903.0,USD,93,2021-12-31,2022-01-01,2022,0.0083409052,BKE,US1184401065,BBG000BD9525,2149934,,Equity,Common Stock
2021-12-31,XRT,BJ's Wholesale Club Holdings Inc.,6970840.33,05550J101,US,104089.0,USD,40,2021-12-31,2022-01-01,2022,0.0098933567,BJ,US05550J1016,BBG00FQ8T4G3,BFZNZF8,,Equity,Common Stock
2021-12-31,XRT,BIG LOTS INC,7056406.75,089302103,US,156635.0,USD,33,2021-12-31,2022-01-01,2022,0.0100147968,BIG,US0893021032,BBG000J0D904,2218447,,Equity,Common Stock
2021-12-31,XRT,BIG 5 SPORTING GOODS CORP,6478722.06,08915P101,US,340806.0,USD,74,2021-12-31,2022-01-01,2022,0.0091949185,BGFV,US08915P1012,BBG000NF3BG5,2958646,,Equity,Common Stock
2021-12-31,XRT,BEST BUY CO INC,6867448.8,086516101,US,67593.0,USD,52,2021-12-31,2022-01-01,2022,0.0097466184,BBY,US0865161014,BBG000BCWCG1,2094670,,Equity,Common Stock
2021-12-31,XRT,Bath & Body Works Inc,6404767.88,070830104,US,91772.0,USD,78,2021-12-31,2022-01-01,2022,0.0090899591,BBWI,US0708301041,BBG000BNGTQ7,BNNTGJ5,,Equity,Common Stock
2021-12-31,XRT,ORIGINAL BARK CO/THE COMMON STOCK USD 0.0001,6113914.9,68622E104,US,1448795.0,USD,86,2021-12-31,2022-01-01,2022,0.0086771664,BARK,US68622E1047,,BNVVLD2,,Equity,Common Stock
2021-12-31,XRT,AUTOZONE INC,7322690.27,053332102,US,3493.0,USD,12,2021-12-31,2022-01-01,2022,0.0103927194,AZO,US0533321024,BBG000C7LMS8,2065955,"NEW YORK STOCK EXCHANGE, INC.",Equity,Common Stock
2021-12-31,XRT,Academy Sports & Outdoors Inc.,6568361.9,00402L107,US,149621.0,USD,70,2021-12-31,2022-01-01,2022,0.0093221397,ASO,US00402L1070,BBG00X7L1C14,BN7K304,,Equity,Common Stock
2021-12-31,XRT,ARKO CORP ARKO,2477919.65,041242108,US,282545.0,USD,107,2021-12-31,2022-01-01,2022,0.0035167845,ARKO,US0412421085,BBG00YD8K411,BMH73N1,,Equity,Common Stock
2021-12-31,XRT,ABERCROMBIE & FITCH CO-CL A,6888886.38,002896207,US,197786.0,USD,49,2021-12-31,2022-01-01,2022,0.0097770437,ANF,US0028962076,BBG000H9G7X2,2004185,,Equity,Common Stock
2021-12-31,XRT,AUTONATION INC,6793542.15,05329W102,US,58139.0,USD,59,2021-12-31,2022-01-01,2022,0.0096417265,AN,US05329W1027,BBG000BBXLW4,2732635,,Equity,
2021-12-31,XRT,AMAZON.COM INC,6798719.26,023135106,US,2039.0,USD,58,2021-12-31,2022-01-01,2022,0.0096490741,AMZN,US0231351067,BBG000BVPV84,2000019,NASDAQ/NGS (GLOBAL SELECT MARKET),Equity,Common Stock
2021-12-31,XRT,AMERICAN EAGLE OUTFITTERS,6809788.68,02553E106,US,268949.0,USD,57,2021-12-31,2022-01-01,2022,0.0096647844,AEO,US02553E1064,BBG000BGXZB5,2048592,,Equity,Common Stock
2021-12-31,XRT,Albertsons Cos. Inc. Class A,6900709.44,013091103,US,228576.0,USD,46,2021-12-31,2022-01-01,2022,0.0097938236,ACI,US0130911037,BBG009KG1750,BYNQ369,,Equity,Common Stock
2021-12-31,XRT,Asbury Automotive Group Inc,7029938.27,043436104,US,40699.0,USD,35,2021-12-31,2022-01-01,2022,0.0099772314,ABG,US0434361046,BBG000BKDWB5,2855855,"NEW YORK STOCK EXCHANGE, INC.",Equity,Common Stock
2021-12-31,XRT,ADVANCE AUTO PARTS INC,7010972.76,00751Y106,US,29227.0,USD,36,2021-12-31,2022-01-01,2022,0.0099503147,AAP,US00751Y1064,BBG000F7RCJ1,2822019,,Equity,Common Stock
2022-12-30,XRT,US DOLLAR,174210.92,999USDZ92,US,174210.92,USD,98,2022-12-30,2023-01-01,2023,0.0005942858,,,,,,,Currency
2022-12-30,XRT,ESC FRESH MKT INC,0.0,,,321064.0,USD,1,2022-12-30,2023-01-01,2023,,,US358ESC0103,,,,,
2022-12-30,XRT,STATE STREET INSTITUTIONAL LIQ STATE ST INST LIQ RES PREM,253418.21,964WKM905,,253367.54,USD,97,2022-12-30,2023-01-01,2023,0.0008644857,,,,,,,
2022-12-30,XRT,ZUMIEZ INC,2062169.44,989817101,US,94856.0,USD,85,2022-12-30,2023-01-01,2023,0.0070346802,ZUMZ,US9898171015,BBG000PYX812,B081QB7,,Equity,Common Stock
2022-12-30,XRT,Xometry Inc. Class A,2858510.93,98423F109,US,88691.0,USD,77,2022-12-30,2023-01-01,2023,0.0097512406,XMTR,US98423F1093,BBG00BDCCV93,BP7L5C7,,Equity,Common Stock
2022-12-30,XRT,Warby Parker Inc. Class A,2896694.21,93403J106,US,214729.0,USD,74,2022-12-30,2023-01-01,2023,0.0098814952,WRBY,US93403J1060,BBG005DWN8K8,BLGZN51,,Equity,Common Stock
2022-12-30,XRT,Petco Health & Wellness Co. Inc.,3195982.92,71601V105,US,337129.0,USD,63,2022-12-30,2023-01-01,2023,0.0109024591,WOOF,US71601V1052,BBG00YFGTVN8,BNRQM83,,Equity,Common Stock
2022-12-30,XRT,WAL-MART STORES INC,3457974.52,931142103,US,24388.0,USD,32,2022-12-30,2023-01-01,2023,0.0117961912,WMT,US9311421039,BBG000BWXBC2,2936921,"NEW YORK STOCK EXCHANGE, INC.",Equity,Common Stock
2022-12-30,XRT,WEIS MARKETS INC,1577334.72,948849104,US,19168.0,USD,90,2022-12-30,2023-01-01,2023,0.0053807632,WMK,US9488491047,BBG000BWW509,2946845,,Equity,Common Stock
2022-12-30,XRT,CONTEXTLOGIC INC CLASS A,2804791.47,21077C107,US,5751059.0,USD,82,2022-12-30,2023-01-01,2023,0.0095679873,WISH,US21077C1071,BBG006DZTJ56,BMYDFW5,,Equity,Common Stock
2022-12-30,XRT,WINMARK CORP,839318.97,974250102,US,3559.0,USD,94,2022-12-30,2023-01-01,2023,0.0028631695,WINA,US9742501029,BBG000BQ5GY1,2391092,,Equity,Common Stock
2022-12-30,XRT,WALGREENS BOOTS ALLIANCE INC,3274902.88,931427108,US,87658.0,USD,57,2022-12-30,2023-01-01,2023,0.0111716788,WBA,US9314271084,BBG000BWLMJ4,BTN1Y44,,Equity,Common Stock
2022-12-30,XRT,WAYFAIR INC- CLASS A,3087318.52,94419L101,US,93868.0,USD,69,2022-12-30,2023-01-01,2023,0.0105317721,W,US94419L1017,BBG001B17MV2,BQXZP64,,Equity,Common Stock
2022-12-30,XRT,VICTORIA'S SECRET & CO-W/I,2819428.22,926400102,US,78799.0,USD,81,2022-12-30,2023-01-01,2023,0.0096179177,VSCO,US9264001028,BBG01103B471,BNNTGH3,,Equity,Common Stock
2022-12-30,XRT,URBAN OUTFITTERS INC,3089218.95,917047102,US,129527.0,USD,67,2022-12-30,2023-01-01,2023,0.010538255,URBN,US9170471026,BBG000BL79J3,2933438,NASDAQ/NGS (GLOBAL SELECT MARKET),Equity,Common Stock
2022-12-30,XRT,Ulta Beauty  Inc.,3524591.98,90384S303,US,7514.0,USD,26,2022-12-30,2023-01-01,2023,0.0120234434,ULTA,US90384S3031,BBG00FWQ4VD6,B28TS42,,Equity,Common Stock
2022-12-30,XRT,TRACTOR SUPPLY COMPANY,3651038.13,892356106,US,16229.0,USD,5,2022-12-30,2023-01-01,2023,0.0124547892,TSCO,US8923561067,BBG000BLXZN1,2900335,NASDAQ/NGS (GLOBAL SELECT MARKET),Equity,Common Stock
2022-12-30,XRT,TJX COMPANIES INC,3611452.0,872540109,US,45370.0,USD,7,2022-12-30,2023-01-01,2023,0.0123197491,TJX,US8725401090,BBG000BV8DN6,2989301,"NEW YORK STOCK EXCHANGE, INC.",Equity,Common Stock
2022-12-30,XRT,TARGET CORP,3467862.72,87612E106,US,23268.0,USD,31,2022-12-30,2023-01-01,2023,0.0118299228,TGT,US87612E1064,BBG000H8TVT2,2259101,"NEW YORK STOCK EXCHANGE, INC.",Equity,Common Stock
2022-12-30,XRT,TRAVELCENTERS AMER INC COMMON STOCK,1955856.06,89421B109,DE,43677.0,USD,87,2022-12-30,2023-01-01,2023,0.0066720133,TA,US89421B1098,,BJBM7K6,,Equity,Common Stock
2022-12-30,XRT,SPORTSMANS WAREHOUSE HOLDIN,1045149.88,84920Y106,US,111068.0,USD,92,2022-12-30,2023-01-01,2023,0.0035653206,SPWH,US84920Y1064,BBG002G8Q1H1,BLM7DY0,NASDAQ/NGS (GLOBAL SELECT MARKET),Equity,Common Stock
2022-12-30,XRT,SIGNET JEWELERS LTD COMMON STOCK USD.18,3529472.0,,US,51904.0,USD,24,2022-12-30,2023-01-01,2023,0.0120400906,SIG,BMG812761002,BBG000C4ZZ10,B3CTNK6,,Equity,Common Stock
2022-12-30,XRT,SPROUTS FARMERS MARKET INC,3398526.3,85208M102,US,104990.0,USD,40,2022-12-30,2023-01-01,2023,0.0115933954,SFM,US85208M1027,BBG001KFKQM7,BCGCR79,NASDAQ/NGS (GLOBAL SELECT MARKET),Equity,Common Stock
2022-12-30,XRT,Stitch Fix Inc. Class A,2840055.11,860897107,US,913201.0,USD,79,2022-12-30,2023-01-01,2023,0.0096882822,SFIX,US8608971078,BBG0046L1KL9,BF3FPW3,,Equity,Common Stock
2022-12-30,XRT,SHOE CARNIVAL INC,2195942.22,824889109,US,91842.0,USD,83,2022-12-30,2023-01-01,2023,0.0074910194,SCVL,US8248891090,BBG000BF4DG3,2805474,,Equity,Common Stock
2022-12-30,XRT,SALLY BEAUTY HOLDINGS INC,3911823.92,79546E104,US,312446.0,USD,2,2022-12-30,2023-01-01,2023,0.013344408,SBH,US79546E1047,BBG000LR8515,B1GZ005,,Equity,Common Stock
2022-12-30,XRT,SONIC AUTOMOTIVE INC-CLASS A,3399235.84,83545G102,US,68992.0,USD,38,2022-12-30,2023-01-01,2023,0.0115958159,SAH,US83545G1022,BBG000BBMNG0,2125246,,Equity,Common Stock
2022-12-30,XRT,Revolve Group Inc.,3050042.94,76156B107,US,137019.0,USD,70,2022-12-30,2023-01-01,2023,0.0104046139,RVLV,US76156B1070,BBG00M4RHBD0,BJ1FD74,,Equity,Common Stock
2022-12-30,XRT,ROSS STORES INC,3580179.15,778296103,US,30845.0,USD,12,2022-12-30,2023-01-01,2023,0.012213068,ROST,US7782961038,BBG000BSBZH7,2746711,NASDAQ/NGS (GLOBAL SELECT MARKET),Equity,Common Stock
2022-12-30,XRT,RENT-A-CENTER INC,3370954.4,76009N100,US,149488.0,USD,43,2022-12-30,2023-01-01,2023,0.0114993394,RCII,US76009N1000,BBG000BHQJX3,2733092,,Equity,Common Stock
2022-12-30,XRT,QURATE RETAIL INC,2916860.55,74915M100,US,1789485.0,USD,73,2022-12-30,2023-01-01,2023,0.0099502887,QRTEA,US74915M1009,BBG000PCQQL6,BZ19HB0,,Equity,Common Stock
2022-12-30,XRT,PRICESMART INC,1720317.12,741511109,US,28304.0,USD,89,2022-12-30,2023-01-01,2023,0.0058685191,PSMT,US7415111092,BBG000BTKR92,2092942,,Equity,Common Stock
2022-12-30,XRT,Poshmark Inc. Class A,3550968.0,73739W104,US,198600.0,USD,20,2022-12-30,2023-01-01,2023,0.0121134199,POSH,US73739W1045,BBG0029ZBN50,BL6G4S4,,Equity,Common Stock
2022-12-30,XRT,CHILDRENS PLACE INC/THE,3739387.08,168905107,US,102674.0,USD,3,2022-12-30,2023-01-01,2023,0.0127561741,PLCE,US1689051076,BBG000JK9DK4,2106791,NASDAQ/NGS (GLOBAL SELECT MARKET),Equity,Common Stock
2022-12-30,XRT,PETMED EXPRESS INC,1879138.2,716382106,US,106166.0,USD,88,2022-12-30,2023-01-01,2023,0.0064103056,PETS,US7163821066,BBG000BDYQR4,2143099,,Equity,Common Stock
2022-12-30,XRT,PENSKE AUTOMOTIVE GROUP INC,3267689.76,70959W103,US,28432.0,USD,60,2022-12-30,2023-01-01,2023,0.0111470727,PAG,US70959W1036,BBG000H6K1B0,2943523,,Equity,Common Stock
2022-12-30,XRT,OVERSTOCK.COM INC,2992901.12,690370101,US,154592.0,USD,72,2022-12-30,2023-01-01,2023,0.0102096859,OSTK,US6903701018,BBG000BF7BV7,2855930,,Equity,Common Stock
2022-12-30,XRT,OREILLY AUTOMOTIVE INC,3610760.34,67103H107,US,4278.0,USD,8,2022-12-30,2023-01-01,2023,0.0123173896,ORLY,US67103H1077,BBG000BGYWY6,B65LWX6,NASDAQ/NGS (GLOBAL SELECT MARKET),Equity,Common Stock
2022-12-30,XRT,ONEWATER MARINE CLASS A INC,619819.2,68280L101,US,21672.0,USD,96,2022-12-30,2023-01-01,2023,0.0021143897,ONEW,US68280L1017,BBG00PPXGH18,BJCYG26,,Equity,Common Stock
2022-12-30,XRT,OLLIES BARGAIN OUTLET HOLDI,3235426.16,681116109,US,69074.0,USD,61,2022-12-30,2023-01-01,2023,0.0110370118,OLLI,US6811161099,BBG0098VVDT9,BZ22B38,NASDAQ/NMS (GLOBAL MARKET),Equity,Common Stock
2022-12-30,XRT,OFFICE DEPOT INC,3486679.02,88337F105,US,76563.0,USD,29,2022-12-30,2023-01-01,2023,0.0118941109,ODP.UW,US88337F1057,BBG00R24W7X2,BLPHWK6,,Equity,Common Stock
2022-12-30,XRT,MURPHY USA INC,3436385.22,626755102,US,12293.0,USD,35,2022-12-30,2023-01-01,2023,0.0117225436,MUSA,US6267551025,BBG001Z0Q6T5,BCZWJ63,,Equity,Common Stock
2022-12-30,XRT,Monro  Inc.,3306741.6,610236101,US,73158.0,USD,53,2022-12-30,2023-01-01,2023,0.0112802902,MNRO,US6102361010,BBG000C0BZD1,2600088,NASDAQ/NGS (GLOBAL SELECT MARKET),Equity,Common Stock
2022-12-30,XRT,MACYS INC,3315378.15,55616P104,US,160551.0,USD,51,2022-12-30,2023-01-01,2023,0.0113097521,M,US55616P1049,BBG000C46HM9,2345022,"NEW YORK STOCK EXCHANGE, INC.",Equity,Common Stock
2022-12-30,XRT,LIQUIDITY SERVICES INC,681052.34,53635B107,US,48439.0,USD,95,2022-12-30,2023-01-01,2023,0.0023232744,LQDT,US53635B1070,BBG000QXXMF7,B0ZN8Z4,,Equity,Common Stock
2022-12-30,XRT,LESLIE'S INC,3575576.4,527064109,US,292840.0,USD,13,2022-12-30,2023-01-01,2023,0.0121973666,LESL,US5270641096,BBG00XS6TTT7,BNG3RZ7,,Equity,Common Stock
2022-12-30,XRT,Lithia Motors Inc,3311464.76,536797103,US,16174.0,USD,52,2022-12-30,2023-01-01,2023,0.0112964023,LAD,US5367971034,BBG000K3BC83,2515030,"NEW YORK STOCK EXCHANGE, INC.",Equity,Common Stock
2022-12-30,XRT,Kohls Corp,3384636.25,500255104,US,134045.0,USD,42,2022-12-30,2023-01-01,2023,0.0115460123,KSS,US5002551043,BBG000CS7CT9,2496113,"NEW YORK STOCK EXCHANGE, INC.",Equity,Common Stock
2022-12-30,XRT,KROGER CO,3399046.68,501044101,US,76246.0,USD,39,2022-12-30,2023-01-01,2023,0.0115951706,KR,US5010441013,BBG000BMY992,2497406,"NEW YORK STOCK EXCHANGE, INC.",Equity,Common Stock
2022-12-30,XRT,CARMAX INC,3284041.26,143130102,US,53934.0,USD,55,2022-12-30,2023-01-01,2023,0.0112028525,KMX,US1431301027,BBG000BLMZK6,2983563,,Equity,Common Stock
2022-12-30,XRT,NORDSTROM INC,3282940.56,655664100,US,203404.0,USD,56,2022-12-30,2023-01-01,2023,0.0111990977,JWN,US6556641008,BBG000G8N9C6,2641827,,Equity,Common Stock
2022-12-30,XRT,INGLES MARKETS INC-CLASS A,2072828.94,457030104,US,21489.0,USD,84,2022-12-30,2023-01-01,2023,0.007071043,IMKTA,US4570301048,BBG000BLXDJ5,2460550,,Equity,Common Stock
2022-12-30,XRT,MARINEMAX INC,2831997.42,567908108,US,90711.0,USD,80,2022-12-30,2023-01-01,2023,0.009660795,HZO,US5679081084,BBG000C1SRH5,2250353,,Equity,Common Stock
2022-12-30,XRT,HIBBETT SPORTS INC,3573841.14,428567101,US,52387.0,USD,15,2022-12-30,2023-01-01,2023,0.0121914471,HIBB,US4285671016,BBG000H001V3,2428376,NASDAQ/NGS (GLOBAL SELECT MARKET),Equity,Common Stock
2022-12-30,XRT,GAP INC/THE,2875734.48,364760108,US,254941.0,USD,76,2022-12-30,2023-01-01,2023,0.0098099953,GPS,US3647601083,BBG000BKLH74,2360326,"NEW YORK STOCK EXCHANGE, INC.",Equity,Common Stock
2022-12-30,XRT,Group 1 Automotive Inc,3360653.84,398905109,US,18632.0,USD,45,2022-12-30,2023-01-01,2023,0.0114642011,GPI,US3989051095,BBG000BB88K4,2121352,"NEW YORK STOCK EXCHANGE, INC.",Equity,Common Stock
2022-12-30,XRT,Grocery Outlet Holding Corp.,3624201.21,39874R101,US,124159.0,USD,6,2022-12-30,2023-01-01,2023,0.0123632404,GO,US39874R1014,BBG00P4R3079,BK1KWF7,,Equity,Common Stock
2022-12-30,XRT,GameStop Corp.,2890540.64,36467W109,US,156584.0,USD,75,2022-12-30,2023-01-01,2023,0.0098605036,GME,US36467W1099,BBG000BB5BF6,B0LLFT5,"NEW YORK STOCK EXCHANGE, INC.",Equity,Common Stock
2022-12-30,XRT,GUESS? INC,3529796.76,401617105,US,170604.0,USD,23,2022-12-30,2023-01-01,2023,0.0120411985,GES,US4016171054,BBG000BC26P7,2387109,,Equity,Common Stock
2022-12-30,XRT,Genesco Inc,2010291.66,371532102,US,43683.0,USD,86,2022-12-30,2023-01-01,2023,0.0068577095,GCO,US3715321028,BBG000BK5S78,2367101,"NEW YORK STOCK EXCHANGE, INC.",Equity,Common Stock
2022-12-30,XRT,FRANCHISE GROUP INC,3218510.76,35180X105,US,135118.0,USD,62,2022-12-30,2023-01-01,2023,0.0109793083,FRG,US35180X1054,,BK8VYM4,,Equity,Common Stock
2022-12-30,XRT,FOOT LOCKER INC,3530152.85,344849104,US,93415.0,USD,22,2022-12-30,2023-01-01,2023,0.0120424132,FL,US3448491049,BBG000BX8DC4,2980906,,Equity,Common Stock
2022-12-30,XRT,FIVE BELOW,3546066.63,33829M101,US,20049.0,USD,21,2022-12-30,2023-01-01,2023,0.0120966999,FIVE,US33829M1018,BBG001636CR2,B85KFY9,,Equity,Common Stock
2022-12-30,XRT,National Vision Holdings Inc,3590648.88,63845R107,US,92638.0,USD,10,2022-12-30,2023-01-01,2023,0.0122487834,EYE,US63845R1077,BBG00HVQF9K2,BYP71H7,,Equity,Common Stock
2022-12-30,XRT,EVgo Inc.,2843518.98,30052F100,US,636134.0,USD,78,2022-12-30,2023-01-01,2023,0.0097000985,EVGO,US30052F1003,,BP2Q7L0,,Equity,Common Stock
2022-12-30,XRT,ETSY INC,3348090.56,29786A106,US,27952.0,USD,47,2022-12-30,2023-01-01,2023,0.011421344,ETSY,US29786A1060,BBG000N7MXL8,BWTN5N1,,Equity,Common Stock
2022-12-30,XRT,EBAY INC,3366244.31,278642103,US,81173.0,USD,44,2022-12-30,2023-01-01,2023,0.0114832719,EBAY,US2786421030,BBG000C43RR5,2293819,NASDAQ/NGS (GLOBAL SELECT MARKET),Equity,Common Stock
2022-12-30,XRT,DOLLAR TREE INC,3521714.56,256746108,US,24899.0,USD,27,2022-12-30,2023-01-01,2023,0.0120136277,DLTR,US2567461080,BBG000BSC0K9,2272476,,Equity,Common Stock
2022-12-30,XRT,DICKS SPORTING GOODS INC,3574176.77,253393102,US,29713.0,USD,14,2022-12-30,2023-01-01,2023,0.012192592,DKS,US2533931026,BBG000F6ZWH2,2969637,,Equity,Common Stock
2022-12-30,XRT,DOLLAR GEN CORP NEW,3587123.75,256677105,US,14567.0,USD,11,2022-12-30,2023-01-01,2023,0.0122367581,DG,US2566771059,BBG000NV1KK7,B5B1S13,"NEW YORK STOCK EXCHANGE, INC.",Equity,Common Stock
2022-12-30,XRT,DILLARDS INC-CL A,3397801.6,254067101,US,10513.0,USD,41,2022-12-30,2023-01-01,2023,0.0115909233,DDS,US2540671011,BBG000BS4MP5,2269768,,Equity,Common Stock
2022-12-30,XRT,DESIGNER BRANDS INC,3407352.0,250565108,US,348400.0,USD,37,2022-12-30,2023-01-01,2023,0.0116235026,DBI,US2505651081,BBG000CF8227,BJ9J282,,Equity,Common Stock
2022-12-30,XRT,DOORDASH INC CLASS A,3128776.16,25809K105,US,64088.0,USD,65,2022-12-30,2023-01-01,2023,0.0106731966,DASH,US25809K1051,BBG005D7QCJ3,BN13P03,,Equity,Common Stock
2022-12-30,XRT,CAMPING WORLD HOLDINGS INC-A,3284365.68,13462K109,US,147149.0,USD,54,2022-12-30,2023-01-01,2023,0.0112039592,CWH,US13462K1097,BBG00D2Z7X83,BDCBXH9,,Equity,Common Stock
2022-12-30,XRT,Carvana Co.,3325778.34,146869102,US,701641.0,USD,50,2022-12-30,2023-01-01,2023,0.0113452303,CVNA,US1468691027,BBG00GCTWDJ3,BYQHPG3,,Equity,Common Stock
2022-12-30,XRT,AMERICAS CAR-MART INC,1367954.06,03062T105,US,18931.0,USD,91,2022-12-30,2023-01-01,2023,0.0046665028,CRMT,US03062T1051,BBG000CM6L31,2813961,,Equity,Common Stock
2022-12-30,XRT,COSTCO WHOLESALE CORP,3348884.0,22160K105,US,7336.0,USD,46,2022-12-30,2023-01-01,2023,0.0114240506,COST,US22160K1051,BBG000F6H8W8,2701271,,Equity,Common Stock
2022-12-30,XRT,CHEWY INC   CLASS A COMMON STOCK USD.01,3010636.44,16679L109,US,81193.0,USD,71,2022-12-30,2023-01-01,2023,0.0102701865,CHWY,US16679L1098,BBG00P19DKZ6,BJLFHW7,,Equity,Common Stock
2022-12-30,XRT,CHICOS FAS INC,3087570.6,168615102,US,627555.0,USD,68,2022-12-30,2023-01-01,2023,0.010532632,CHS,US1686151028,BBG000BLVBC8,2196781,"NEW YORK STOCK EXCHANGE, INC.",Equity,Common Stock
2022-12-30,XRT,CASEY S GENERAL STORES INC,3269452.55,147528103,US,14573.0,USD,59,2022-12-30,2023-01-01,2023,0.0111530861,CASY,US1475281036,BBG000BF0672,2179414,NASDAQ/NGS (GLOBAL SELECT MARKET),Equity,Common Stock
2022-12-30,XRT,CALERES INC,3570615.08,129500104,US,160261.0,USD,17,2022-12-30,2023-01-01,2023,0.012180442,CAL,US1295001044,BBG000CYSFS7,BWX4MD9,,Equity,Common Stock
2022-12-30,XRT,BURLINGTON STORES INC,3685365.76,122017106,US,18176.0,USD,4,2022-12-30,2023-01-01,2023,0.0125718911,BURL,US1220171060,BBG004S641N5,BF311Y5,,Equity,Common Stock
2022-12-30,XRT,BOOT BARN HOLDINGS INC,3553136.64,099406100,US,56832.0,USD,19,2022-12-30,2023-01-01,2023,0.0121208178,BOOT,US0994061002,BBG0077SYZV6,BRS6600,,Equity,Common Stock
2022-12-30,XRT,BUCKLE INC/THE,3593851.45,118440106,US,79247.0,USD,9,2022-12-30,2023-01-01,2023,0.0122597083,BKE,US1184401065,BBG000BD9525,2149934,,Equity,Common Stock
2022-12-30,XRT,BJ's Wholesale Club Holdings Inc.,3334133.2,05550J101,US,50395.0,USD,49,2022-12-30,2023-01-01,2023,0.0113737312,BJ,US05550J1016,BBG00FQ8T4G3,BFZNZF8,,Equity,Common Stock
2022-12-30,XRT,BIG LOTS INC,3137538.6,089302103,US,213438.0,USD,64,2022-12-30,2023-01-01,2023,0.0107030879,BIG,US0893021032,BBG000J0D904,2218447,,Equity,Common Stock
2022-12-30,XRT,BEST BUY CO INC,3474215.94,086516101,US,43314.0,USD,30,2022-12-30,2023-01-01,2023,0.0118515956,BBY,US0865161014,BBG000BCWCG1,2094670,,Equity,Common Stock
2022-12-30,XRT,Bath & Body Works Inc,3529225.0,070830104,US,83750.0,USD,25,2022-12-30,2023-01-01,2023,0.012039248,BBWI,US0708301041,BBG000BNGTQ7,BNNTGJ5,,Equity,Common Stock
2022-12-30,XRT,AUTOZONE INC,3561163.92,053332102,US,1444.0,USD,18,2022-12-30,2023-01-01,2023,0.0121482013,AZO,US0533321024,BBG000C7LMS8,2065955,"NEW YORK STOCK EXCHANGE, INC.",Equity,Common Stock
2022-12-30,XRT,Academy Sports & Outdoors Inc.,3417884.62,00402L107,US,65053.0,USD,36,2022-12-30,2023-01-01,2023,0.0116594325,ASO,US00402L1070,BBG00X7L1C14,BN7K304,,Equity,Common Stock
2022-12-30,XRT,ARKO CORP ARKO,883415.26,041242108,US,102011.0,USD,93,2022-12-30,2023-01-01,2023,0.0030135952,ARKO,US0412421085,BBG00YD8K411,BMH73N1,,Equity,Common Stock
2022-12-30,XRT,ABERCROMBIE & FITCH CO-CL A,3441356.92,002896207,US,150212.0,USD,33,2022-12-30,2023-01-01,2023,0.0117395036,ANF,US0028962076,BBG000H9G7X2,2004185,,Equity,Common Stock
2022-12-30,XRT,AUTONATION INC,3270933.2,05329W102,US,30484.0,USD,58,2022-12-30,2023-01-01,2023,0.011158137,AN,US05329W1027,BBG000BBXLW4,2732635,,Equity,
2022-12-30,XRT,AMAZON.COM INC,3340848.0,023135106,US,39772.0,USD,48,2022-12-30,2023-01-01,2023,0.0113966374,AMZN,US0231351067,BBG000BVPV84,2000019,NASDAQ/NGS (GLOBAL SELECT MARKET),Equity,Common Stock
2022-12-30,XRT,AMERICAN EAGLE OUTFITTERS,3126509.52,02553E106,US,223962.0,USD,66,2022-12-30,2023-01-01,2023,0.0106654644,AEO,US02553E1064,BBG000BGXZB5,2048592,,Equity,Common Stock
2022-12-30,XRT,Albertsons Cos. Inc. Class A,3436846.14,013091103,US,165711.0,USD,34,2022-12-30,2023-01-01,2023,0.0117241159,ACI,US0130911037,BBG009KG1750,BYNQ369,,Equity,Common Stock
2022-12-30,XRT,Asbury Automotive Group Inc,3506130.0,043436104,US,19560.0,USD,28,2022-12-30,2023-01-01,2023,0.011960464,ABG,US0434361046,BBG000BKDWB5,2855855,"NEW YORK STOCK EXCHANGE, INC.",Equity,Common Stock
2022-12-30,XRT,ADVANCE AUTO PARTS INC,3571211.67,00751Y106,US,24289.0,USD,16,2022-12-30,2023-01-01,2023,0.0121824772,AAP,US00751Y1064,BBG000F7RCJ1,2822019,,Equity,Common Stock
2025-01-02,XRT,SSI US GOV MONEY MARKET CLASS STATE STREET INST US GOV,0.0,924QSGII3,US,0.0,USD,41,2024-12-31,2025-01-01,2025,,,,,,,,
2025-01-02,XRT,SSI US GOV MONEY MARKET CLASS STATE STREET INST US GOV,0.0,924QSGII3,US,0.0,USD,39,2024-12-31,2025-01-01,2025,,,,,,,,
2025-01-02,XRT,SSI US GOV MONEY MARKET CLASS STATE STREET INST US GOV,0.0,924QSGII3,US,0.0,USD,35,2024-12-31,2025-01-01,2025,,,,,,,,
2025-01-02,XRT,SSI US GOV MONEY MARKET CLASS STATE STREET INST US GOV,0.0,924QSGII3,US,0.0,USD,27,2024-12-31,2025-01-01,2025,,,,,,,,
2025-01-02,XRT,SSI US GOV MONEY MARKET CLASS STATE STREET INST US GOV,0.0,924QSGII3,US,0.0,USD,26,2024-12-31,2025-01-01,2025,,,,,,,,
2025-01-02,XRT,SSI US GOV MONEY MARKET CLASS STATE STREET INST US GOV,0.0,924QSGII3,US,0.0,USD,34,2024-12-31,2025-01-01,2025,,,,,,,,
2025-01-02,XRT,SSI US GOV MONEY MARKET CLASS STATE STREET INST US GOV,0.0,924QSGII3,US,0.0,USD,33,2024-12-31,2025-01-01,2025,,,,,,,,
2025-01-02,XRT,SSI US GOV MONEY MARKET CLASS STATE STREET INST US GOV,0.0,924QSGII3,US,0.0,USD,32,2024-12-31,2025-01-01,2025,,,,,,,,
2025-01-02,XRT,SSI US GOV MONEY MARKET CLASS STATE STREET INST US GOV,0.0,924QSGII3,US,0.0,USD,38,2024-12-31,2025-01-01,2025,,,,,,,,
2025-01-02,XRT,SSI US GOV MONEY MARKET CLASS STATE STREET INST US GOV,0.0,924QSGII3,US,0.0,USD,37,2024-12-31,2025-01-01,2025,,,,,,,,
2025-01-02,XRT,SSI US GOV MONEY MARKET CLASS STATE STREET INST US GOV,0.0,924QSGII3,US,0.0,USD,31,2024-12-31,2025-01-01,2025,,,,,,,,
2025-01-02,XRT,SSI US GOV MONEY MARKET CLASS STATE STREET INST US GOV,0.0,924QSGII3,US,0.0,USD,44,2024-12-31,2025-01-01,2025,,,,,,,,
2025-01-02,XRT,SSI US GOV MONEY MARKET CLASS STATE STREET INST US GOV,0.0,924QSGII3,US,0.0,USD,40,2024-12-31,2025-01-01,2025,,,,,,,,
2025-01-02,XRT,SSI US GOV MONEY MARKET CLASS STATE STREET INST US GOV,0.0,924QSGII3,US,0.0,USD,25,2024-12-31,2025-01-01,2025,,,,,,,,
2025-01-02,XRT,SSI US GOV MONEY MARKET CLASS STATE STREET INST US GOV,18405.73,924QSGII3,US,18405.73,USD,210,2024-12-31,2025-01-01,2025,5.19508e-05,,,,,,,
2025-01-02,XRT,SSI US GOV MONEY MARKET CLASS STATE STREET INST US GOV,126481.17,924QSGII3,US,126481.17,USD,208,2024-12-31,2025-01-01,2025,0.0003569971,,,,,,,
2025-01-02,XRT,SSI US GOV MONEY MARKET CLASS STATE STREET INST US GOV,141414.31,924QSGII3,US,141414.31,USD,206,2024-12-31,2025-01-01,2025,0.0003991464,,,,,,,
2025-01-02,XRT,SSI US GOV MONEY MARKET CLASS STATE STREET INST US GOV,0.0,924QSGII3,US,0.0,USD,24,2024-12-31,2025-01-01,2025,,,,,,,,
2025-01-02,XRT,SSI US GOV MONEY MARKET CLASS STATE STREET INST US GOV,0.0,924QSGII3,US,0.0,USD,43,2024-12-31,2025-01-01,2025,,,,,,,,
2025-01-02,XRT,SSI US GOV MONEY MARKET CLASS STATE STREET INST US GOV,0.0,924QSGII3,US,0.0,USD,23,2024-12-31,2025-01-01,2025,,,,,,,,
2025-01-02,XRT,SSI US GOV MONEY MARKET CLASS STATE STREET INST US GOV,0.0,924QSGII3,US,0.0,USD,36,2024-12-31,2025-01-01,2025,,,,,,,,
2025-01-02,XRT,SSI US GOV MONEY MARKET CLASS STATE STREET INST US GOV,0.0,924QSGII3,US,0.0,USD,29,2024-12-31,2025-01-01,2025,,,,,,,,
2025-01-02,XRT,SSI US GOV MONEY MARKET CLASS STATE STREET INST US GOV,0.0,924QSGII3,US,0.0,USD,28,2024-12-31,2025-01-01,2025,,,,,,,,
2025-01-02,XRT,SSI US GOV MONEY MARKET CLASS STATE STREET INST US GOV,0.0,924QSGII3,US,0.0,USD,42,2024-12-31,2025-01-01,2025,,,,,,,,
2025-01-02,XRT,SSI US GOV MONEY MARKET CLASS STATE STREET INST US GOV,0.0,924QSGII3,US,0.0,USD,30,2024-12-31,2025-01-01,2025,,,,,,,,
2025-01-02,XRT,ZUMIEZ INC,2525283.27,989817101,US,131731.0,USD,194,2024-12-31,2025-01-01,2025,0.0071276928,ZUMZ,US9898171015,BBG000PYX812,B081QB7,,Equity,Common Stock
2025-01-02,XRT,Warby Parker Inc. Class A,5095478.7,93403J106,US,210470.0,USD,68,2024-12-31,2025-01-01,2025,0.0143821515,WRBY,US93403J1060,BBG005DWN8K8,BLGZN51,,Equity,Common Stock
2025-01-02,XRT,WAL-MART STORES INC,4712294.6,931142103,US,52156.0,USD,108,2024-12-31,2025-01-01,2025,0.0133006022,WMT,US9311421039,BBG000BWXBC2,2936921,"NEW YORK STOCK EXCHANGE, INC.",Equity,Common Stock
2025-01-02,XRT,WEIS MARKETS INC,2389093.88,948849104,US,35279.0,USD,196,2024-12-31,2025-01-01,2025,0.0067432939,WMK,US9488491047,BBG000BWW509,2946845,,Equity,Common Stock
2025-01-02,XRT,WINMARK CORP,3566717.18,974250102,US,9074.0,USD,184,2024-12-31,2025-01-01,2025,0.0100671733,WINA,US9742501029,BBG000BQ5GY1,2391092,,Equity,Common Stock
2025-01-02,XRT,WALGREENS BOOTS ALLIANCE INC,4695583.74,931427108,US,503278.0,USD,120,2024-12-31,2025-01-01,2025,0.0132534352,WBA,US9314271084,BBG000BWLMJ4,BTN1Y44,,Equity,Common Stock
2025-01-02,XRT,VALVOLINE INC,4517868.96,92047W101,US,124872.0,USD,148,2024-12-31,2025-01-01,2025,0.0127518296,VVV,US92047W1018,BBG003DNHV56,BDG22J3,,Equity,Common Stock
2025-01-02,XRT,VICTORIA'S SECRET & CO-W/I,4341478.72,926400102,US,104816.0,USD,162,2024-12-31,2025-01-01,2025,0.0122539625,VSCO,US9264001028,BBG01103B471,BNNTGH3,,Equity,Common Stock
2025-01-02,XRT,URBAN OUTFITTERS INC,5270565.44,917047102,US,96038.0,USD,52,2024-12-31,2025-01-01,2025,0.0148763395,URBN,US9170471026,BBG000BL79J3,2933438,NASDAQ/NGS (GLOBAL SELECT MARKET),Equity,Common Stock
2025-01-02,XRT,Upbound Group Inc,4285539.72,76009N100,US,146916.0,USD,168,2024-12-31,2025-01-01,2025,0.0120960729,UPBD,US76009N1000,BBG000BHQJX3,2733092,,Equity,Common Stock
2025-01-02,XRT,Ulta Beauty  Inc.,5005609.37,90384S303,US,11509.0,USD,74,2024-12-31,2025-01-01,2025,0.0141284925,ULTA,US90384S3031,BBG00FWQ4VD6,B28TS42,,Equity,Common Stock
2025-01-02,XRT,TRACTOR SUPPLY COMPANY,4601840.74,892356106,US,86729.0,USD,138,2024-12-31,2025-01-01,2025,0.0129888426,TSCO,US8923561067,BBG000BLXZN1,2900335,NASDAQ/NGS (GLOBAL SELECT MARKET),Equity,Common Stock
2025-01-02,XRT,TJX COMPANIES INC,4717630.5,872540109,US,39050.0,USD,106,2024-12-31,2025-01-01,2025,0.0133156629,TJX,US8725401090,BBG000BV8DN6,2989301,"NEW YORK STOCK EXCHANGE, INC.",Equity,Common Stock
2025-01-02,XRT,TARGET CORP,4923390.78,87612E106,US,36421.0,USD,80,2024-12-31,2025-01-01,2025,0.0138964279,TGT,US87612E1064,BBG000H8TVT2,2259101,"NEW YORK STOCK EXCHANGE, INC.",Equity,Common Stock
2025-01-02,XRT,SIGNET JEWELERS LTD COMMON STOCK USD.18,4701841.76,,US,58256.0,USD,118,2024-12-31,2025-01-01,2025,0.0132710987,SIG,BMG812761002,BBG000C4ZZ10,B3CTNK6,,Equity,Common Stock
2025-01-02,XRT,SPROUTS FARMERS MARKET INC,4224950.43,85208M102,US,33249.0,USD,170,2024-12-31,2025-01-01,2025,0.0119250577,SFM,US85208M1027,BBG001KFKQM7,BCGCR79,NASDAQ/NGS (GLOBAL SELECT MARKET),Equity,Common Stock
2025-01-02,XRT,Stitch Fix Inc. Class A,1932319.54,860897107,US,448334.0,USD,202,2024-12-31,2025-01-01,2025,0.0054540337,SFIX,US8608971078,BBG0046L1KL9,BF3FPW3,,Equity,Common Stock
2025-01-02,XRT,SHOE CARNIVAL INC,4596499.08,824889109,US,138951.0,USD,140,2024-12-31,2025-01-01,2025,0.0129737656,SCVL,US8248891090,BBG000BF4DG3,2805474,,Equity,Common Stock
2025-01-02,XRT,SALLY BEAUTY HOLDINGS INC,4068498.5,79546E104,US,389330.0,USD,176,2024-12-31,2025-01-01,2025,0.0114834671,SBH,US79546E1047,BBG000LR8515,B1GZ005,,Equity,Common Stock
2025-01-02,XRT,SONIC AUTOMOTIVE INC-CLASS A,4668514.9,83545G102,US,73694.0,USD,126,2024-12-31,2025-01-01,2025,0.0131770326,SAH,US83545G1022,BBG000BBMNG0,2125246,,Equity,Common Stock
2025-01-02,XRT,Revolve Group Inc.,4365689.42,76156B107,US,130358.0,USD,160,2024-12-31,2025-01-01,2025,0.012322298,RVLV,US76156B1070,BBG00M4RHBD0,BJ1FD74,,Equity,Common Stock
2025-01-02,XRT,ROSS STORES INC,4868473.68,778296103,US,32184.0,USD,88,2024-12-31,2025-01-01,2025,0.0137414226,ROST,US7782961038,BBG000BSBZH7,2746711,NASDAQ/NGS (GLOBAL SELECT MARKET),Equity,Common Stock
2025-01-02,XRT,RealReal Inc.,3931630.3,88339P101,US,359710.0,USD,182,2024-12-31,2025-01-01,2025,0.0110971522,REAL,US88339P1012,BBG004FPDNZ6,BKBDP79,,Equity,Common Stock
2025-01-02,XRT,PRICESMART INC,4710255.68,741511109,US,51104.0,USD,110,2024-12-31,2025-01-01,2025,0.0132948472,PSMT,US7415111092,BBG000BTKR92,2092942,,Equity,Common Stock
2025-01-02,XRT,PENSKE AUTOMOTIVE GROUP INC,4617864.92,70959W103,US,30293.0,USD,136,2024-12-31,2025-01-01,2025,0.0130340714,PAG,US70959W1036,BBG000H6K1B0,2943523,,Equity,Common Stock
2025-01-02,XRT,OREILLY AUTOMOTIVE INC,4626991.6,67103H107,US,3902.0,USD,134,2024-12-31,2025-01-01,2025,0.0130598317,ORLY,US67103H1077,BBG000BGYWY6,B65LWX6,NASDAQ/NGS (GLOBAL SELECT MARKET),Equity,Common Stock
2025-01-02,XRT,OLLIES BARGAIN OUTLET HOLDI,4788178.28,681116109,US,43636.0,USD,94,2024-12-31,2025-01-01,2025,0.0135147863,OLLI,US6811161099,BBG0098VVDT9,BZ22B38,NASDAQ/NMS (GLOBAL MARKET),Equity,Common Stock
2025-01-02,XRT,OFFICE DEPOT INC,3980887.14,88337F105,US,175061.0,USD,180,2024-12-31,2025-01-01,2025,0.0112361812,ODP,US88337F1057,BBG00R24W7X2,BLPHWK6,,Equity,Common Stock
2025-01-02,XRT,MURPHY USA INC,4544349.75,626755102,US,9057.0,USD,146,2024-12-31,2025-01-01,2025,0.0128265725,MUSA,US6267551025,BBG001Z0Q6T5,BCZWJ63,,Equity,Common Stock
2025-01-02,XRT,Monro  Inc.,4459610.4,610236101,US,179823.0,USD,152,2024-12-31,2025-01-01,2025,0.0125873929,MNRO,US6102361010,BBG000C0BZD1,2600088,NASDAQ/NGS (GLOBAL SELECT MARKET),Equity,Common Stock
2025-01-02,XRT,MACYS INC,5056753.98,55616P104,US,298686.0,USD,70,2024-12-31,2025-01-01,2025,0.0142728498,M,US55616P1049,BBG000C46HM9,2345022,"NEW YORK STOCK EXCHANGE, INC.",Equity,Common Stock
2025-01-02,XRT,LESLIE'S INC,3231336.9,527064109,US,1449030.0,USD,190,2024-12-31,2025-01-01,2025,0.0091205517,LESL,US5270641096,BBG00XS6TTT7,BNG3RZ7,,Equity,Common Stock
2025-01-02,XRT,Lithia Motors Inc,4648019.72,536797103,US,13004.0,USD,130,2024-12-31,2025-01-01,2025,0.0131191843,LAD,US5367971034,BBG000K3BC83,2515030,"NEW YORK STOCK EXCHANGE, INC.",Equity,Common Stock
2025-01-02,XRT,Kohls Corp,4707513.72,500255104,US,335293.0,USD,114,2024-12-31,2025-01-01,2025,0.013287108,KSS,US5002551043,BBG000CS7CT9,2496113,"NEW YORK STOCK EXCHANGE, INC.",Equity,Common Stock
2025-01-02,XRT,KROGER CO,4938107.1,501044101,US,80754.0,USD,76,2024-12-31,2025-01-01,2025,0.0139379652,KR,US5010441013,BBG000BMY992,2497406,"NEW YORK STOCK EXCHANGE, INC.",Equity,Common Stock
2025-01-02,XRT,CARMAX INC,4654106.24,143130102,US,56924.0,USD,128,2024-12-31,2025-01-01,2025,0.0131363637,KMX,US1431301027,BBG000BLMZK6,2983563,,Equity,Common Stock
2025-01-02,XRT,NORDSTROM INC,5208985.95,655664100,US,215693.0,USD,56,2024-12-31,2025-01-01,2025,0.0147025294,JWN,US6556641008,BBG000G8N9C6,2641827,,Equity,Common Stock
2025-01-02,XRT,INGLES MARKETS INC-CLASS A,4490759.16,457030104,US,69689.0,USD,150,2024-12-31,2025-01-01,2025,0.0126753113,IMKTA,US4570301048,BBG000BLXDJ5,2460550,,Equity,Common Stock
2025-01-02,XRT,MARINEMAX INC,3507697.8,567908108,US,121164.0,USD,186,2024-12-31,2025-01-01,2025,0.0099005892,HZO,US5679081084,BBG000C1SRH5,2250353,,Equity,Common Stock
2025-01-02,XRT,GAP INC/THE,4640223.1,364760108,US,196370.0,USD,132,2024-12-31,2025-01-01,2025,0.013097178,GPS,US3647601083,BBG000BKLH74,2360326,"NEW YORK STOCK EXCHANGE, INC.",Equity,Common Stock
2025-01-02,XRT,Group 1 Automotive Inc,4916564.2,398905109,US,11665.0,USD,84,2024-12-31,2025-01-01,2025,0.0138771596,GPI,US3989051095,BBG000BB88K4,2121352,"NEW YORK STOCK EXCHANGE, INC.",Equity,Common Stock
2025-01-02,XRT,Grocery Outlet Holding Corp.,4098920.63,39874R101,US,262583.0,USD,174,2024-12-31,2025-01-01,2025,0.0115693345,GO,US39874R1014,BBG00P4R3079,BK1KWF7,,Equity,Common Stock
2025-01-02,XRT,GameStop Corp.,5357478.98,36467W109,US,170947.0,USD,48,2024-12-31,2025-01-01,2025,0.0151216557,GME,US36467W1099,BBG000BB5BF6,B0LLFT5,"NEW YORK STOCK EXCHANGE, INC.",Equity,Common Stock
2025-01-02,XRT,GUESS? INC,3375679.46,401617105,US,240091.0,USD,188,2024-12-31,2025-01-01,2025,0.0095279632,GES,US4016171054,BBG000BC26P7,2387109,,Equity,Common Stock
2025-01-02,XRT,Genesco Inc,2067390.0,371532102,US,48360.0,USD,200,2024-12-31,2025-01-01,2025,0.0058352744,GCO,US3715321028,BBG000BK5S78,2367101,"NEW YORK STOCK EXCHANGE, INC.",Equity,Common Stock
2025-01-02,XRT,FOOT LOCKER INC,4922808.32,344849104,US,226232.0,USD,82,2024-12-31,2025-01-01,2025,0.0138947839,FL,US3448491049,BBG000BX8DC4,2980906,,Equity,Common Stock
2025-01-02,XRT,FIVE BELOW,4745976.32,33829M101,US,45217.0,USD,100,2024-12-31,2025-01-01,2025,0.0133956699,FIVE,US33829M1018,BBG001636CR2,B85KFY9,,Equity,Common Stock
2025-01-02,XRT,National Vision Holdings Inc,4336314.26,63845R107,US,416153.0,USD,164,2024-12-31,2025-01-01,2025,0.0122393856,EYE,US63845R1077,BBG00HVQF9K2,BYP71H7,,Equity,Common Stock
2025-01-02,XRT,ETSY INC,4440538.62,29786A106,US,83958.0,USD,154,2024-12-31,2025-01-01,2025,0.0125335622,ETSY,US29786A1060,BBG000N7MXL8,BWTN5N1,,Equity,Common Stock
2025-01-02,XRT,EBAY INC,4856508.3,278642103,US,78394.0,USD,90,2024-12-31,2025-01-01,2025,0.0137076499,EBAY,US2786421030,BBG000C43RR5,2293819,NASDAQ/NGS (GLOBAL SELECT MARKET),Equity,Common Stock
2025-01-02,XRT,DOLLAR TREE INC,5180677.14,256746108,US,69131.0,USD,58,2024-12-31,2025-01-01,2025,0.0146226269,DLTR,US2567461080,BBG000BSC0K9,2272476,,Equity,Common Stock
2025-01-02,XRT,DICKS SPORTING GOODS INC,5128075.56,253393102,US,22409.0,USD,64,2024-12-31,2025-01-01,2025,0.0144741572,DKS,US2533931026,BBG000F6ZWH2,2969637,,Equity,Common Stock
2025-01-02,XRT,DOLLAR GEN CORP NEW,4703796.98,256677105,US,62039.0,USD,116,2024-12-31,2025-01-01,2025,0.0132766174,DG,US2566771059,BBG000NV1KK7,B5B1S13,"NEW YORK STOCK EXCHANGE, INC.",Equity,Common Stock
2025-01-02,XRT,DILLARDS INC-CL A,4684379.0,254067101,US,10850.0,USD,122,2024-12-31,2025-01-01,2025,0.0132218095,DDS,US2540671011,BBG000BS4MP5,2269768,,Equity,Common Stock
2025-01-02,XRT,CAMPING WORLD HOLDINGS INC-A,4322854.52,13462K109,US,205069.0,USD,166,2024-12-31,2025-01-01,2025,0.0122013951,CWH,US13462K1097,BBG00D2Z7X83,BDCBXH9,,Equity,Common Stock
2025-01-02,XRT,Carvana Co.,4013919.68,146869102,US,19738.0,USD,178,2024-12-31,2025-01-01,2025,0.0113294166,CVNA,US1468691027,BBG00GCTWDJ3,BYQHPG3,,Equity,Common Stock
2025-01-02,XRT,AMERICAS CAR-MART INC,2077521.25,03062T105,US,40537.0,USD,198,2024-12-31,2025-01-01,2025,0.0058638701,CRMT,US03062T1051,BBG000CM6L31,2813961,,Equity,Common Stock
2025-01-02,XRT,COSTCO WHOLESALE CORP,4563024.6,22160K105,US,4980.0,USD,144,2024-12-31,2025-01-01,2025,0.0128792828,COST,US22160K1051,BBG000F6H8W8,2701271,,Equity,Common Stock
2025-01-02,XRT,CLIMATE CHANGE CRISIS REAL IMP CL A COM,3099959.1,18716C100,US,765422.0,USD,192,2024-12-31,2025-01-01,2025,0.0087497337,CLII,US30052F1003,BBG00XP21PQ0,BP2Q7L0,,Equity,Common Stock
2025-01-02,XRT,CHEWY INC   CLASS A COMMON STOCK USD.01,5096809.61,16679L109,US,152189.0,USD,66,2024-12-31,2025-01-01,2025,0.0143859081,CHWY,US16679L1098,BBG00P19DKZ6,BJLFHW7,,Equity,Common Stock
2025-01-02,XRT,CASEY S GENERAL STORES INC,4589135.86,147528103,US,11582.0,USD,142,2024-12-31,2025-01-01,2025,0.0129529827,CASY,US1475281036,BBG000BF0672,2179414,NASDAQ/NGS (GLOBAL SELECT MARKET),Equity,Common Stock
2025-01-02,XRT,MAPLEBEAR INC,4924962.26,565394103,US,118903.0,USD,78,2024-12-31,2025-01-01,2025,0.0139008634,CART,US5653941030,BBG00KG5VJF4,BN4L6W3,,Equity,Common Stock
2025-01-02,XRT,CALERES INC,4399612.56,129500104,US,189966.0,USD,158,2024-12-31,2025-01-01,2025,0.0124180471,CAL,US1295001044,BBG000CYSFS7,BWX4MD9,,Equity,Common Stock
2025-01-02,XRT,BURLINGTON STORES INC,4776180.3,122017106,US,16755.0,USD,96,2024-12-31,2025-01-01,2025,0.0134809216,BURL,US1220171060,BBG004S641N5,BF311Y5,,Equity,Common Stock
2025-01-02,XRT,BOOT BARN HOLDINGS INC,5143054.32,099406100,US,33876.0,USD,60,2024-12-31,2025-01-01,2025,0.0145164352,BOOT,US0994061002,BBG0077SYZV6,BRS6600,,Equity,Common Stock
2025-01-02,XRT,BUCKLE INC/THE,4763742.36,118440106,US,93756.0,USD,98,2024-12-31,2025-01-01,2025,0.0134458151,BKE,US1184401065,BBG000BD9525,2149934,,Equity,Common Stock
2025-01-02,XRT,BJ's Wholesale Club Holdings Inc.,4436138.15,05550J101,US,49649.0,USD,156,2024-12-31,2025-01-01,2025,0.0125211418,BJ,US05550J1016,BBG00FQ8T4G3,BFZNZF8,,Equity,Common Stock
2025-01-02,XRT,BEST BUY CO INC,4879446.0,086516101,US,56870.0,USD,86,2024-12-31,2025-01-01,2025,0.0137723923,BBY,US0865161014,BBG000BCWCG1,2094670,,Equity,Common Stock
2025-01-02,XRT,Bath & Body Works Inc,5007610.74,070830104,US,129162.0,USD,72,2024-12-31,2025-01-01,2025,0.0141341414,BBWI,US0708301041,BBG000BNGTQ7,BNNTGJ5,,Equity,Common Stock
2025-01-02,XRT,BUILD-A-BEAR WORKSHOP INC,4152946.12,120076104,US,90203.0,USD,172,2024-12-31,2025-01-01,2025,0.0117218232,BBW,US1200761047,BBG000H8XPS1,B034L50,,Equity,Common Stock
2025-01-02,XRT,AUTOZONE INC,4726152.0,053332102,US,1476.0,USD,102,2024-12-31,2025-01-01,2025,0.0133397151,AZO,US0533321024,BBG000C7LMS8,2065955,"NEW YORK STOCK EXCHANGE, INC.",Equity,Common Stock
2025-01-02,XRT,Academy Sports & Outdoors Inc.,5225622.49,00402L107,US,90833.0,USD,54,2024-12-31,2025-01-01,2025,0.0147494865,ASO,US00402L1070,BBG00X7L1C14,BN7K304,,Equity,Common Stock
2025-01-02,XRT,ARKO CORP ARKO,824198.12,041242108,US,125068.0,USD,204,2024-12-31,2025-01-01,2025,0.0023263255,ARKO,US0412421085,BBG00YD8K411,BMH73N1,,Equity,Common Stock
2025-01-02,XRT,ABERCROMBIE & FITCH CO-CL A,5395867.0,002896207,US,36100.0,USD,46,2024-12-31,2025-01-01,2025,0.0152300071,ANF,US0028962076,BBG000H9G7X2,2004185,,Equity,Common Stock
2025-01-02,XRT,AUTONATION INC,4799338.72,05329W102,US,28258.0,USD,92,2024-12-31,2025-01-01,2025,0.013546287,AN,US05329W1027,BBG000BBXLW4,2732635,,Equity,
2025-01-02,XRT,AMAZON.COM INC,4719298.29,023135106,US,21511.0,USD,104,2024-12-31,2025-01-01,2025,0.0133203703,AMZN,US0231351067,BBG000BVPV84,2000019,NASDAQ/NGS (GLOBAL SELECT MARKET),Equity,Common Stock
2025-01-02,XRT,AMERICAN EAGLE OUTFITTERS,4677268.6,02553E106,US,280580.0,USD,124,2024-12-31,2025-01-01,2025,0.0132017402,AEO,US02553E1064,BBG000BGXZB5,2048592,,Equity,Common Stock
2025-01-02,XRT,Albertsons Cos. Inc. Class A,5335422.04,013091103,US,271661.0,USD,50,2024-12-31,2025-01-01,2025,0.0150593993,ACI,US0130911037,BBG009KG1750,BYNQ369,,Equity,Common Stock
2025-01-02,XRT,Asbury Automotive Group Inc,4708949.28,043436104,US,19376.0,USD,112,2024-12-31,2025-01-01,2025,0.0132911599,ABG,US0434361046,BBG000BKDWB5,2855855,"NEW YORK STOCK EXCHANGE, INC.",Equity,Common Stock
2025-01-02,XRT,ADVANCE AUTO PARTS INC,5142314.6,00751Y106,US,108740.0,USD,62,2024-12-31,2025-01-01,2025,0.0145143474,AAP,US00751Y1064,BBG000F7RCJ1,2822019,,Equity,Common Stock
2024-12-31,XRT,SSI US GOV MONEY MARKET CLASS STATE STREET INST US GOV,0.0,924QSGII3,US,0.0,USD,21,2024-12-31,2025-01-01,2025,,,,,,,,
2024-12-31,XRT,SSI US GOV MONEY MARKET CLASS STATE STREET INST US GOV,0.0,924QSGII3,US,0.0,USD,6,2024-12-31,2025-01-01,2025,,,,,,,,
2024-12-31,XRT,SSI US GOV MONEY MARKET CLASS STATE STREET INST US GOV,0.0,924QSGII3,US,0.0,USD,4,2024-12-31,2025-01-01,2025,,,,,,,,
2024-12-31,XRT,SSI US GOV MONEY MARKET CLASS STATE STREET INST US GOV,0.0,924QSGII3,US,0.0,USD,11,2024-12-31,2025-01-01,2025,,,,,,,,
2024-12-31,XRT,SSI US GOV MONEY MARKET CLASS STATE STREET INST US GOV,18405.73,924QSGII3,US,18405.73,USD,209,2024-12-31,2025-01-01,2025,5.19508e-05,,,,,,,
2024-12-31,XRT,SSI US GOV MONEY MARKET CLASS STATE STREET INST US GOV,126481.17,924QSGII3,US,126481.17,USD,207,2024-12-31,2025-01-01,2025,0.0003569971,,,,,,,
2024-12-31,XRT,SSI US GOV MONEY MARKET CLASS STATE STREET INST US GOV,0.0,924QSGII3,US,0.0,USD,15,2024-12-31,2025-01-01,2025,,,,,,,,
2024-12-31,XRT,SSI US GOV MONEY MARKET CLASS STATE STREET INST US GOV,0.0,924QSGII3,US,0.0,USD,9,2024-12-31,2025-01-01,2025,,,,,,,,
2024-12-31,XRT,SSI US GOV MONEY MARKET CLASS STATE STREET INST US GOV,0.0,924QSGII3,US,0.0,USD,3,2024-12-31,2025-01-01,2025,,,,,,,,
2024-12-31,XRT,SSI US GOV MONEY MARKET CLASS STATE STREET INST US GOV,0.0,924QSGII3,US,0.0,USD,2,2024-12-31,2025-01-01,2025,,,,,,,,
2024-12-31,XRT,SSI US GOV MONEY MARKET CLASS STATE STREET INST US GOV,0.0,924QSGII3,US,0.0,USD,19,2024-12-31,2025-01-01,2025,,,,,,,,
2024-12-31,XRT,SSI US GOV MONEY MARKET CLASS STATE STREET INST US GOV,0.0,924QSGII3,US,0.0,USD,1,2024-12-31,2025-01-01,2025,,,,,,,,
2024-12-31,XRT,SSI US GOV MONEY MARKET CLASS STATE STREET INST US GOV,141414.31,924QSGII3,US,141414.31,USD,205,2024-12-31,2025-01-01,2025,0.0003991464,,,,,,,
2024-12-31,XRT,SSI US GOV MONEY MARKET CLASS STATE STREET INST US GOV,0.0,924QSGII3,US,0.0,USD,10,2024-12-31,2025-01-01,2025,,,,,,,,
2024-12-31,XRT,SSI US GOV MONEY MARKET CLASS STATE STREET INST US GOV,0.0,924QSGII3,US,0.0,USD,20,2024-12-31,2025-01-01,2025,,,,,,,,
2024-12-31,XRT,SSI US GOV MONEY MARKET CLASS STATE STREET INST US GOV,0.0,924QSGII3,US,0.0,USD,8,2024-12-31,2025-01-01,2025,,,,,,,,
2024-12-31,XRT,SSI US GOV MONEY MARKET CLASS STATE STREET INST US GOV,0.0,924QSGII3,US,0.0,USD,22,2024-12-31,2025-01-01,2025,,,,,,,,
2024-12-31,XRT,SSI US GOV MONEY MARKET CLASS STATE STREET INST US GOV,0.0,924QSGII3,US,0.0,USD,16,2024-12-31,2025-01-01,2025,,,,,,,,
2024-12-31,XRT,SSI US GOV MONEY MARKET CLASS STATE STREET INST US GOV,0.0,924QSGII3,US,0.0,USD,17,2024-12-31,2025-01-01,2025,,,,,,,,
2024-12-31,XRT,SSI US GOV MONEY MARKET CLASS STATE STREET INST US GOV,0.0,924QSGII3,US,0.0,USD,13,2024-12-31,2025-01-01,2025,,,,,,,,
2024-12-31,XRT,SSI US GOV MONEY MARKET CLASS STATE STREET INST US GOV,0.0,924QSGII3,US,0.0,USD,12,2024-12-31,2025-01-01,2025,,,,,,,,
2024-12-31,XRT,SSI US GOV MONEY MARKET CLASS STATE STREET INST US GOV,0.0,924QSGII3,US,0.0,USD,5,2024-12-31,2025-01-01,2025,,,,,,,,
2024-12-31,XRT,SSI US GOV MONEY MARKET CLASS STATE STREET INST US GOV,0.0,924QSGII3,US,0.0,USD,14,2024-12-31,2025-01-01,2025,,,,,,,,
2024-12-31,XRT,SSI US GOV MONEY MARKET CLASS STATE STREET INST US GOV,0.0,924QSGII3,US,0.0,USD,18,2024-12-31,2025-01-01,2025,,,,,,,,
2024-12-31,XRT,SSI US GOV MONEY MARKET CLASS STATE STREET INST US GOV,0.0,924QSGII3,US,0.0,USD,7,2024-12-31,2025-01-01,2025,,,,,,,,
2024-12-31,XRT,ZUMIEZ INC,2525283.27,989817101,US,131731.0,USD,193,2024-12-31,2025-01-01,2025,0.0071276928,ZUMZ,US9898171015,BBG000PYX812,B081QB7,,Equity,Common Stock
2024-12-31,XRT,Warby Parker Inc. Class A,5095478.7,93403J106,US,210470.0,USD,67,2024-12-31,2025-01-01,2025,0.0143821515,WRBY,US93403J1060,BBG005DWN8K8,BLGZN51,,Equity,Common Stock
2024-12-31,XRT,WAL-MART STORES INC,4712294.6,931142103,US,52156.0,USD,107,2024-12-31,2025-01-01,2025,0.0133006022,WMT,US9311421039,BBG000BWXBC2,2936921,"NEW YORK STOCK EXCHANGE, INC.",Equity,Common Stock
2024-12-31,XRT,WEIS MARKETS INC,2389093.88,948849104,US,35279.0,USD,195,2024-12-31,2025-01-01,2025,0.0067432939,WMK,US9488491047,BBG000BWW509,2946845,,Equity,Common Stock
2024-12-31,XRT,WINMARK CORP,3566717.18,974250102,US,9074.0,USD,183,2024-12-31,2025-01-01,2025,0.0100671733,WINA,US9742501029,BBG000BQ5GY1,2391092,,Equity,Common Stock
2024-12-31,XRT,WALGREENS BOOTS ALLIANCE INC,4695583.74,931427108,US,503278.0,USD,119,2024-12-31,2025-01-01,2025,0.0132534352,WBA,US9314271084,BBG000BWLMJ4,BTN1Y44,,Equity,Common Stock
2024-12-31,XRT,VALVOLINE INC,4517868.96,92047W101,US,124872.0,USD,147,2024-12-31,2025-01-01,2025,0.0127518296,VVV,US92047W1018,BBG003DNHV56,BDG22J3,,Equity,Common Stock
2024-12-31,XRT,VICTORIA'S SECRET & CO-W/I,4341478.72,926400102,US,104816.0,USD,161,2024-12-31,2025-01-01,2025,0.0122539625,VSCO,US9264001028,BBG01103B471,BNNTGH3,,Equity,Common Stock
2024-12-31,XRT,URBAN OUTFITTERS INC,5270565.44,917047102,US,96038.0,USD,51,2024-12-31,2025-01-01,2025,0.0148763395,URBN,US9170471026,BBG000BL79J3,2933438,NASDAQ/NGS (GLOBAL SELECT MARKET),Equity,Common Stock
2024-12-31,XRT,Upbound Group Inc,4285539.72,76009N100,US,146916.0,USD,167,2024-12-31,2025-01-01,2025,0.0120960729,UPBD,US76009N1000,BBG000BHQJX3,2733092,,Equity,Common Stock
2024-12-31,XRT,Ulta Beauty  Inc.,5005609.37,90384S303,US,11509.0,USD,73,2024-12-31,2025-01-01,2025,0.0141284925,ULTA,US90384S3031,BBG00FWQ4VD6,B28TS42,,Equity,Common Stock
2024-12-31,XRT,TRACTOR SUPPLY COMPANY,4601840.74,892356106,US,86729.0,USD,137,2024-12-31,2025-01-01,2025,0.0129888426,TSCO,US8923561067,BBG000BLXZN1,2900335,NASDAQ/NGS (GLOBAL SELECT MARKET),Equity,Common Stock
2024-12-31,XRT,TJX COMPANIES INC,4717630.5,872540109,US,39050.0,USD,105,2024-12-31,2025-01-01,2025,0.0133156629,TJX,US8725401090,BBG000BV8DN6,2989301,"NEW YORK STOCK EXCHANGE, INC.",Equity,Common Stock
2024-12-31,XRT,TARGET CORP,4923390.78,87612E106,US,36421.0,USD,79,2024-12-31,2025-01-01,2025,0.0138964279,TGT,US87612E1064,BBG000H8TVT2,2259101,"NEW YORK STOCK EXCHANGE, INC.",Equity,Common Stock
2024-12-31,XRT,SIGNET JEWELERS LTD COMMON STOCK USD.18,4701841.76,,US,58256.0,USD,117,2024-12-31,2025-01-01,2025,0.0132710987,SIG,BMG812761002,BBG000C4ZZ10,B3CTNK6,,Equity,Common Stock
2024-12-31,XRT,SPROUTS FARMERS MARKET INC,4224950.43,85208M102,US,33249.0,USD,169,2024-12-31,2025-01-01,2025,0.0119250577,SFM,US85208M1027,BBG001KFKQM7,BCGCR79,NASDAQ/NGS (GLOBAL SELECT MARKET),Equity,Common Stock
2024-12-31,XRT,Stitch Fix Inc. Class A,1932319.54,860897107,US,448334.0,USD,201,2024-12-31,2025-01-01,2025,0.0054540337,SFIX,US8608971078,BBG0046L1KL9,BF3FPW3,,Equity,Common Stock
2024-12-31,XRT,SHOE CARNIVAL INC,4596499.08,824889109,US,138951.0,USD,139,2024-12-31,2025-01-01,2025,0.0129737656,SCVL,US8248891090,BBG000BF4DG3,2805474,,Equity,Common Stock
2024-12-31,XRT,SALLY BEAUTY HOLDINGS INC,4068498.5,79546E104,US,389330.0,USD,175,2024-12-31,2025-01-01,2025,0.0114834671,SBH,US79546E1047,BBG000LR8515,B1GZ005,,Equity,Common Stock
2024-12-31,XRT,SONIC AUTOMOTIVE INC-CLASS A,4668514.9,83545G102,US,73694.0,USD,125,2024-12-31,2025-01-01,2025,0.0131770326,SAH,US83545G1022,BBG000BBMNG0,2125246,,Equity,Common Stock
2024-12-31,XRT,Revolve Group Inc.,4365689.42,76156B107,US,130358.0,USD,159,2024-12-31,2025-01-01,2025,0.012322298,RVLV,US76156B1070,BBG00M4RHBD0,BJ1FD74,,Equity,Common Stock
2024-12-31,XRT,ROSS STORES INC,4868473.68,778296103,US,32184.0,USD,87,2024-12-31,2025-01-01,2025,0.0137414226,ROST,US7782961038,BBG000BSBZH7,2746711,NASDAQ/NGS (GLOBAL SELECT MARKET),Equity,Common Stock
2024-12-31,XRT,RealReal Inc.,3931630.3,88339P101,US,359710.0,USD,181,2024-12-31,2025-01-01,2025,0.0110971522,REAL,US88339P1012,BBG004FPDNZ6,BKBDP79,,Equity,Common Stock
2024-12-31,XRT,PRICESMART INC,4710255.68,741511109,US,51104.0,USD,109,2024-12-31,2025-01-01,2025,0.0132948472,PSMT,US7415111092,BBG000BTKR92,2092942,,Equity,Common Stock
2024-12-31,XRT,PENSKE AUTOMOTIVE GROUP INC,4617864.92,70959W103,US,30293.0,USD,135,2024-12-31,2025-01-01,2025,0.0130340714,PAG,US70959W1036,BBG000H6K1B0,2943523,,Equity,Common Stock
2024-12-31,XRT,OREILLY AUTOMOTIVE INC,4626991.6,67103H107,US,3902.0,USD,133,2024-12-31,2025-01-01,2025,0.0130598317,ORLY,US67103H1077,BBG000BGYWY6,B65LWX6,NASDAQ/NGS (GLOBAL SELECT MARKET),Equity,Common Stock
2024-12-31,XRT,OLLIES BARGAIN OUTLET HOLDI,4788178.28,681116109,US,43636.0,USD,93,2024-12-31,2025-01-01,2025,0.0135147863,OLLI,US6811161099,BBG0098VVDT9,BZ22B38,NASDAQ/NMS (GLOBAL MARKET),Equity,Common Stock
2024-12-31,XRT,OFFICE DEPOT INC,3980887.14,88337F105,US,175061.0,USD,179,2024-12-31,2025-01-01,2025,0.0112361812,ODP,US88337F1057,BBG00R24W7X2,BLPHWK6,,Equity,Common Stock
2024-12-31,XRT,MURPHY USA INC,4544349.75,626755102,US,9057.0,USD,145,2024-12-31,2025-01-01,2025,0.0128265725,MUSA,US6267551025,BBG001Z0Q6T5,BCZWJ63,,Equity,Common Stock
2024-12-31,XRT,Monro  Inc.,4459610.4,610236101,US,179823.0,USD,151,2024-12-31,2025-01-01,2025,0.0125873929,MNRO,US6102361010,BBG000C0BZD1,2600088,NASDAQ/NGS (GLOBAL SELECT MARKET),Equity,Common Stock
2024-12-31,XRT,MACYS INC,5056753.98,55616P104,US,298686.0,USD,69,2024-12-31,2025-01-01,2025,0.0142728498,M,US55616P1049,BBG000C46HM9,2345022,"NEW YORK STOCK EXCHANGE, INC.",Equity,Common Stock
2024-12-31,XRT,LESLIE'S INC,3231336.9,527064109,US,1449030.0,USD,189,2024-12-31,2025-01-01,2025,0.0091205517,LESL,US5270641096,BBG00XS6TTT7,BNG3RZ7,,Equity,Common Stock
2024-12-31,XRT,Lithia Motors Inc,4648019.72,536797103,US,13004.0,USD,129,2024-12-31,2025-01-01,2025,0.0131191843,LAD,US5367971034,BBG000K3BC83,2515030,"NEW YORK STOCK EXCHANGE, INC.",Equity,Common Stock
2024-12-31,XRT,Kohls Corp,4707513.72,500255104,US,335293.0,USD,113,2024-12-31,2025-01-01,2025,0.013287108,KSS,US5002551043,BBG000CS7CT9,2496113,"NEW YORK STOCK EXCHANGE, INC.",Equity,Common Stock
2024-12-31,XRT,KROGER CO,4938107.1,501044101,US,80754.0,USD,75,2024-12-31,2025-01-01,2025,0.0139379652,KR,US5010441013,BBG000BMY992,2497406,"NEW YORK STOCK EXCHANGE, INC.",Equity,Common Stock
2024-12-31,XRT,CARMAX INC,4654106.24,143130102,US,56924.0,USD,127,2024-12-31,2025-01-01,2025,0.0131363637,KMX,US1431301027,BBG000BLMZK6,2983563,,Equity,Common Stock
2024-12-31,XRT,NORDSTROM INC,5208985.95,655664100,US,215693.0,USD,55,2024-12-31,2025-01-01,2025,0.0147025294,JWN,US6556641008,BBG000G8N9C6,2641827,,Equity,Common Stock
2024-12-31,XRT,INGLES MARKETS INC-CLASS A,4490759.16,457030104,US,69689.0,USD,149,2024-12-31,2025-01-01,2025,0.0126753113,IMKTA,US4570301048,BBG000BLXDJ5,2460550,,Equity,Common Stock
2024-12-31,XRT,MARINEMAX INC,3507697.8,567908108,US,121164.0,USD,185,2024-12-31,2025-01-01,2025,0.0099005892,HZO,US5679081084,BBG000C1SRH5,2250353,,Equity,Common Stock
2024-12-31,XRT,GAP INC/THE,4640223.1,364760108,US,196370.0,USD,131,2024-12-31,2025-01-01,2025,0.013097178,GPS,US3647601083,BBG000BKLH74,2360326,"NEW YORK STOCK EXCHANGE, INC.",Equity,Common Stock
2024-12-31,XRT,Group 1 Automotive Inc,4916564.2,398905109,US,11665.0,USD,83,2024-12-31,2025-01-01,2025,0.0138771596,GPI,US3989051095,BBG000BB88K4,2121352,"NEW YORK STOCK EXCHANGE, INC.",Equity,Common Stock
2024-12-31,XRT,Grocery Outlet Holding Corp.,4098920.63,39874R101,US,262583.0,USD,173,2024-12-31,2025-01-01,2025,0.0115693345,GO,US39874R1014,BBG00P4R3079,BK1KWF7,,Equity,Common Stock
2024-12-31,XRT,GameStop Corp.,5357478.98,36467W109,US,170947.0,USD,47,2024-12-31,2025-01-01,2025,0.0151216557,GME,US36467W1099,BBG000BB5BF6,B0LLFT5,"NEW YORK STOCK EXCHANGE, INC.",Equity,Common Stock
2024-12-31,XRT,GUESS? INC,3375679.46,401617105,US,240091.0,USD,187,2024-12-31,2025-01-01,2025,0.0095279632,GES,US4016171054,BBG000BC26P7,2387109,,Equity,Common Stock
2024-12-31,XRT,Genesco Inc,2067390.0,371532102,US,48360.0,USD,199,2024-12-31,2025-01-01,2025,0.0058352744,GCO,US3715321028,BBG000BK5S78,2367101,"NEW YORK STOCK EXCHANGE, INC.",Equity,Common Stock
2024-12-31,XRT,FOOT LOCKER INC,4922808.32,344849104,US,226232.0,USD,81,2024-12-31,2025-01-01,2025,0.0138947839,FL,US3448491049,BBG000BX8DC4,2980906,,Equity,Common Stock
2024-12-31,XRT,FIVE BELOW,4745976.32,33829M101,US,45217.0,USD,99,2024-12-31,2025-01-01,2025,0.0133956699,FIVE,US33829M1018,BBG001636CR2,B85KFY9,,Equity,Common Stock
2024-12-31,XRT,National Vision Holdings Inc,4336314.26,63845R107,US,416153.0,USD,163,2024-12-31,2025-01-01,2025,0.0122393856,EYE,US63845R1077,BBG00HVQF9K2,BYP71H7,,Equity,Common Stock
2024-12-31,XRT,ETSY INC,4440538.62,29786A106,US,83958.0,USD,153,2024-12-31,2025-01-01,2025,0.0125335622,ETSY,US29786A1060,BBG000N7MXL8,BWTN5N1,,Equity,Common Stock
2024-12-31,XRT,EBAY INC,4856508.3,278642103,US,78394.0,USD,89,2024-12-31,2025-01-01,2025,0.0137076499,EBAY,US2786421030,BBG000C43RR5,2293819,NASDAQ/NGS (GLOBAL SELECT MARKET),Equity,Common Stock
2024-12-31,XRT,DOLLAR TREE INC,5180677.14,256746108,US,69131.0,USD,57,2024-12-31,2025-01-01,2025,0.0146226269,DLTR,US2567461080,BBG000BSC0K9,2272476,,Equity,Common Stock
2024-12-31,XRT,DICKS SPORTING GOODS INC,5128075.56,253393102,US,22409.0,USD,63,2024-12-31,2025-01-01,2025,0.0144741572,DKS,US2533931026,BBG000F6ZWH2,2969637,,Equity,Common Stock
2024-12-31,XRT,DOLLAR GEN CORP NEW,4703796.98,256677105,US,62039.0,USD,115,2024-12-31,2025-01-01,2025,0.0132766174,DG,US2566771059,BBG000NV1KK7,B5B1S13,"NEW YORK STOCK EXCHANGE, INC.",Equity,Common Stock
2024-12-31,XRT,DILLARDS INC-CL A,4684379.0,254067101,US,10850.0,USD,121,2024-12-31,2025-01-01,2025,0.0132218095,DDS,US2540671011,BBG000BS4MP5,2269768,,Equity,Common Stock
2024-12-31,XRT,CAMPING WORLD HOLDINGS INC-A,4322854.52,13462K109,US,205069.0,USD,165,2024-12-31,2025-01-01,2025,0.0122013951,CWH,US13462K1097,BBG00D2Z7X83,BDCBXH9,,Equity,Common Stock
2024-12-31,XRT,Carvana Co.,4013919.68,146869102,US,19738.0,USD,177,2024-12-31,2025-01-01,2025,0.0113294166,CVNA,US1468691027,BBG00GCTWDJ3,BYQHPG3,,Equity,Common Stock
2024-12-31,XRT,AMERICAS CAR-MART INC,2077521.25,03062T105,US,40537.0,USD,197,2024-12-31,2025-01-01,2025,0.0058638701,CRMT,US03062T1051,BBG000CM6L31,2813961,,Equity,Common Stock
2024-12-31,XRT,COSTCO WHOLESALE CORP,4563024.6,22160K105,US,4980.0,USD,143,2024-12-31,2025-01-01,2025,0.0128792828,COST,US22160K1051,BBG000F6H8W8,2701271,,Equity,Common Stock
2024-12-31,XRT,CLIMATE CHANGE CRISIS REAL IMP CL A COM,3099959.1,18716C100,US,765422.0,USD,191,2024-12-31,2025-01-01,2025,0.0087497337,CLII,US30052F1003,BBG00XP21PQ0,BP2Q7L0,,Equity,Common Stock
2024-12-31,XRT,CHEWY INC   CLASS A COMMON STOCK USD.01,5096809.61,16679L109,US,152189.0,USD,65,2024-12-31,2025-01-01,2025,0.0143859081,CHWY,US16679L1098,BBG00P19DKZ6,BJLFHW7,,Equity,Common Stock
2024-12-31,XRT,CASEY S GENERAL STORES INC,4589135.86,147528103,US,11582.0,USD,141,2024-12-31,2025-01-01,2025,0.0129529827,CASY,US1475281036,BBG000BF0672,2179414,NASDAQ/NGS (GLOBAL SELECT MARKET),Equity,Common Stock
2024-12-31,XRT,MAPLEBEAR INC,4924962.26,565394103,US,118903.0,USD,77,2024-12-31,2025-01-01,2025,0.0139008634,CART,US5653941030,BBG00KG5VJF4,BN4L6W3,,Equity,Common Stock
2024-12-31,XRT,CALERES INC,4399612.56,129500104,US,189966.0,USD,157,2024-12-31,2025-01-01,2025,0.0124180471,CAL,US1295001044,BBG000CYSFS7,BWX4MD9,,Equity,Common Stock
2024-12-31,XRT,BURLINGTON STORES INC,4776180.3,122017106,US,16755.0,USD,95,2024-12-31,2025-01-01,2025,0.0134809216,BURL,US1220171060,BBG004S641N5,BF311Y5,,Equity,Common Stock
2024-12-31,XRT,BOOT BARN HOLDINGS INC,5143054.32,099406100,US,33876.0,USD,59,2024-12-31,2025-01-01,2025,0.0145164352,BOOT,US0994061002,BBG0077SYZV6,BRS6600,,Equity,Common Stock
2024-12-31,XRT,BUCKLE INC/THE,4763742.36,118440106,US,93756.0,USD,97,2024-12-31,2025-01-01,2025,0.0134458151,BKE,US1184401065,BBG000BD9525,2149934,,Equity,Common Stock
2024-12-31,XRT,BJ's Wholesale Club Holdings Inc.,4436138.15,05550J101,US,49649.0,USD,155,2024-12-31,2025-01-01,2025,0.0125211418,BJ,US05550J1016,BBG00FQ8T4G3,BFZNZF8,,Equity,Common Stock
2024-12-31,XRT,BEST BUY CO INC,4879446.0,086516101,US,56870.0,USD,85,2024-12-31,2025-01-01,2025,0.0137723923,BBY,US0865161014,BBG000BCWCG1,2094670,,Equity,Common Stock
2024-12-31,XRT,Bath & Body Works Inc,5007610.74,070830104,US,129162.0,USD,71,2024-12-31,2025-01-01,2025,0.0141341414,BBWI,US0708301041,BBG000BNGTQ7,BNNTGJ5,,Equity,Common Stock
2024-12-31,XRT,BUILD-A-BEAR WORKSHOP INC,4152946.12,120076104,US,90203.0,USD,171,2024-12-31,2025-01-01,2025,0.0117218232,BBW,US1200761047,BBG000H8XPS1,B034L50,,Equity,Common Stock
2024-12-31,XRT,AUTOZONE INC,4726152.0,053332102,US,1476.0,USD,101,2024-12-31,2025-01-01,2025,0.0133397151,AZO,US0533321024,BBG000C7LMS8,2065955,"NEW YORK STOCK EXCHANGE, INC.",Equity,Common Stock
2024-12-31,XRT,Academy Sports & Outdoors Inc.,5225622.49,00402L107,US,90833.0,USD,53,2024-12-31,2025-01-01,2025,0.0147494865,ASO,US00402L1070,BBG00X7L1C14,BN7K304,,Equity,Common Stock
2024-12-31,XRT,ARKO CORP ARKO,824198.12,041242108,US,125068.0,USD,203,2024-12-31,2025-01-01,2025,0.0023263255,ARKO,US0412421085,BBG00YD8K411,BMH73N1,,Equity,Common Stock
2024-12-31,XRT,ABERCROMBIE & FITCH CO-CL A,5395867.0,002896207,US,36100.0,USD,45,2024-12-31,2025-01-01,2025,0.0152300071,ANF,US0028962076,BBG000H9G7X2,2004185,,Equity,Common Stock
2024-12-31,XRT,AUTONATION INC,4799338.72,05329W102,US,28258.0,USD,91,2024-12-31,2025-01-01,2025,0.013546287,AN,US05329W1027,BBG000BBXLW4,2732635,,Equity,
2024-12-31,XRT,AMAZON.COM INC,4719298.29,023135106,US,21511.0,USD,103,2024-12-31,2025-01-01,2025,0.0133203703,AMZN,US0231351067,BBG000BVPV84,2000019,NASDAQ/NGS (GLOBAL SELECT MARKET),Equity,Common Stock
2024-12-31,XRT,AMERICAN EAGLE OUTFITTERS,4677268.6,02553E106,US,280580.0,USD,123,2024-12-31,2025-01-01,2025,0.0132017402,AEO,US02553E1064,BBG000BGXZB5,2048592,,Equity,Common Stock
2024-12-31,XRT,Albertsons Cos. Inc. Class A,5335422.04,013091103,US,271661.0,USD,49,2024-12-31,2025-01-01,2025,0.0150593993,ACI,US0130911037,BBG009KG1750,BYNQ369,,Equity,Common Stock
2024-12-31,XRT,Asbury Automotive Group Inc,4708949.28,043436104,US,19376.0,USD,111,2024-12-31,2025-01-01,2025,0.0132911599,ABG,US0434361046,BBG000BKDWB5,2855855,"NEW YORK STOCK EXCHANGE, INC.",Equity,Common Stock
2024-12-31,XRT,ADVANCE AUTO PARTS INC,5142314.6,00751Y106,US,108740.0,USD,61,2024-12-31,2025-01-01,2025,0.0145143474,AAP,US00751Y1064,BBG000F7RCJ1,2822019,,Equity,Common Stock
