Label,AnnRet,AnnVol,Sharpe,Sortino,MaxDD,TotalRet,Primary,Pair,Method,Window
VAW-VPU,0.11529121777678587,0.077651802311285,0.8408203780647762,2.6400431349313145,-0.07933901857957582,0.25227911965174976,VAW,VPU,ewma,5
VDE-VPU,0.10976450457775906,0.10346298364407457,0.5776414179524957,1.910357170656714,-0.1383895347363665,0.23274605891844935,VDE,VPU,adaptive,5
VDE-VIS,0.09182689449932256,0.08248111796373243,0.5071087241775049,2.033284528654494,-0.09967328218110005,0.19386176478196937,VDE,VIS,ewma,5
VCR-VHT,0.09530781311870815,0.09039281819822365,0.501232443260615,2.080518025071866,-0.08237722738788955,0.20059550719931618,VCR,VHT,adaptive,10
VAW-VDE,0.0874369936268635,0.09082945569873005,0.41216798382055025,1.6300754450860946,-0.10032162071956874,0.18168628861442793,VAW,VDE,standard,10
VDE-VIS,0.08384177286137448,0.08445942515996631,0.40068675339996856,1.7413044320202535,-0.11789168947951678,0.174524342360453,VDE,VIS,adaptive,5
VDE-VDC,0.09008206183540995,0.10181543545485605,0.39367372595663064,1.6726645862730514,-0.16016122456309312,0.18550965593883317,VDE,VDC,adaptive,5
VDE-VNQ,0.08585257694531254,0.09669975439851636,0.3707618201133991,1.631675064136961,-0.15344357972819622,0.17667592211888206,VDE,VNQ,adaptive,5
VNQ-VGT,0.08777597633723169,0.1068605294525057,0.3535072915207796,1.319133536092836,-0.14410883544900088,0.17872867838826512,VNQ,VGT,ewma,20
VDE-VOX,0.08429326683065652,0.10096180547980321,0.33966574456235077,1.4290242003426183,-0.11640940713846559,0.1719954394899026,VDE,VOX,adaptive,5
VAW-VOX,0.07337540375862288,0.07128785552334173,0.32790162625903535,1.929400837573007,-0.12170016878656065,0.15252037101666405,VAW,VOX,ewma,5
VDE-VAW,0.0774033262468388,0.0870727953943288,0.3147174283625178,1.5565396197088042,-0.14773874963932998,0.15895257178154143,VDE,VAW,adaptive,5
VAW-VHT,0.06816005525513998,0.06541914020891972,0.277595443736265,1.8772959076199642,-0.059509742937625676,0.14144893549997684,VAW,VHT,ewma,5
VNQ-VGT,0.07867516065282895,0.11336024356757482,0.2529560606998481,1.1582556049828803,-0.2062382572334187,0.15580994640346857,VNQ,VGT,standard,15
VDE-VPU,0.07698193800382683,0.10743224969454442,0.2511530576762845,1.3881592257277116,-0.08849488656302162,0.1534404032329162,VDE,VPU,standard,5
VHT-VNQ,0.06329063272251523,0.06197463600466993,0.21445277583419414,1.763266889582507,-0.04132414448893251,0.13085996915548792,VHT,VNQ,standard,15
VDE-VHT,0.07008534013533887,0.09958100948914946,0.20169849892441055,1.2476247507504745,-0.19629882940579724,0.13943847832375744,VDE,VHT,adaptive,5
VCR-VGT,0.062196555754453466,0.07499305541057603,0.16263580257770735,1.378714595814736,-0.0550177220167577,0.12636767762528045,VCR,VGT,ewma,20
VNQ-VGT,0.06715078376395842,0.11117929839279028,0.15426238528116729,1.0070041535095902,-0.1298710825883861,0.12996499720065535,VNQ,VGT,standard,20
VHT-VDE,0.06474853356522066,0.1021507131479501,0.14438013314561632,1.0262616038297985,-0.16861569609001514,0.12669915773124596,VHT,VDE,standard,10
VIS-VPU,0.060420705937961276,0.07917002187743818,0.13162439128908496,1.3854685615662834,-0.06342656610527153,0.12166819408971485,VIS,VPU,adaptive,5
VNQ-VGT,0.06331974412115356,0.11124915157853224,0.1197289501282266,0.891887853043255,-0.2185454132314011,0.12127979087443408,VNQ,VGT,adaptive,15
VCR-VPU,0.060558330530298694,0.10361221572346452,0.10190237180602706,1.060898992986409,-0.10310540151557157,0.1169934408130946,VCR,VPU,adaptive,5
VNQ-VGT,0.06105258217431527,0.1110120033515836,0.09956204591057576,0.8830716200619481,-0.17986172112631926,0.11627507434017192,VNQ,VGT,adaptive,10
VHT-VCR,0.058536080709097355,0.08921857387067014,0.09567604971439203,1.1267533156955798,-0.11638248226817127,0.11554015195490108,VHT,VCR,standard,10
VAW-VDE,0.05798127109375626,0.08593750943502138,0.09287296253088503,1.1382351794926129,-0.12667781448568483,0.1149370269544312,VAW,VDE,ewma,10
VAW-VDE,0.05646822795714291,0.09095900553017908,0.07111146300953045,1.0356398673897291,-0.14814513197646229,0.11057142255475605,VAW,VDE,standard,20
VCR-VHT,0.055319780044482764,0.09072059265245866,0.05863916767896723,1.1243877474091892,-0.07451499394635819,0.10809379148818232,VCR,VHT,adaptive,5
VIS-VDE,0.05462766821773862,0.08476791924639662,0.05459221199339999,1.0843502242075933,-0.11475641259789426,0.10769069762376615,VIS,VDE,adaptive,10
VDE-VHT,0.054538720704291874,0.09963357401024528,0.04555412921175768,0.9534636091051742,-0.12354932851276901,0.10447833149248686,VDE,VHT,ewma,5
VCR-VPU,0.054262030164924195,0.1009984948310607,0.0421989473412777,0.9036013072659823,-0.09560886531282464,0.10355602327026725,VCR,VPU,ewma,20
VHT-VFH,0.05127355867471071,0.06855929652164673,0.01857601724820264,1.2221674525429669,-0.06587947262800975,0.10300597065693018,VHT,VFH,standard,10
VCR-VHT,0.05008029470932247,0.08667958005172857,0.000926339390137846,1.0061367784789474,-0.09269262285468038,0.09729726084474177,VCR,VHT,ewma,20
VDE-VPU,0.049379276364315265,0.10034866585749089,-0.006185669040843992,0.8394326445862197,-0.09383973656002154,0.09296261620555546,VDE,VPU,ewma,5
VDE-VAW,0.04939273497997786,0.08707098661018721,-0.006974367049965404,1.0171538287362256,-0.13069237936642153,0.0957117279977846,VDE,VAW,ewma,5
VNQ-VCR,0.049296957975902174,0.08573303581871443,-0.008200363108386873,0.9485314501222496,-0.09337806096130041,0.09573844792304964,VNQ,VCR,standard,20
VHT-VFH,0.0491196508912647,0.07346832927277559,-0.011982702171797824,1.1273899726629721,-0.06416201300216218,0.09749961716361377,VHT,VFH,standard,15
VFH-VDC,0.04855515341225189,0.06902995822874448,-0.020930717978421807,1.2895911697563758,-0.11414966630055978,0.09695864545872479,VFH,VDC,ewma,10
VDE-VGT,0.04686901606465438,0.1160593810004301,-0.026977430935410017,0.6828915023873078,-0.1564121854766829,0.08377964193090115,VDE,VGT,adaptive,5
VDE-VNQ,0.04732007809762731,0.09785259152757352,-0.0273873370192495,0.8551893639911023,-0.11825383390266109,0.08900847347519636,VDE,VNQ,ewma,5
VIS-VDC,0.047824342864942984,0.07850340000327242,-0.02771417715622857,1.127977490166931,-0.06918071219462196,0.09382672925778546,VIS,VDC,adaptive,5
VHT-VOX,0.0471984196739499,0.08031485202220784,-0.034882468877305194,1.0225636866939303,-0.08437817813121296,0.09213285825398487,VHT,VOX,standard,10
VGT-VNQ,0.044450833799762175,0.11486284550125672,-0.048311237424263666,0.7055694428367137,-0.10387159831641657,0.07888060577007772,VGT,VNQ,standard,15
VFH-VDE,0.04357163127124194,0.09024923820281772,-0.07122906361061473,0.7984644570342335,-0.06196155969818706,0.08238214802937738,VFH,VDE,standard,5
VGT-VDC,0.04108267811149391,0.11858153801848136,-0.07519991760535455,0.6083070048595182,-0.12714086465811258,0.07067300507259455,VGT,VDC,ewma,10
VCR-VGT,0.043585605436494285,0.07550999285618636,-0.08494762508748079,0.9339671977642673,-0.07222831826008091,0.08505392834444625,VCR,VGT,adaptive,20
VGT-VDE,0.03959881294800539,0.11855258539206592,-0.08773479732725101,0.5737274240378608,-0.1647764633445966,0.06748820703155678,VGT,VDE,standard,15
VAW-VDE,0.04207325236612155,0.08968935440528472,-0.08838002777965503,0.8010917676487764,-0.13994311687039374,0.07925221509577218,VAW,VDE,standard,15
VDC-VGT,0.03885895660472251,0.11937142476564071,-0.093330907435765,0.5420753677617366,-0.14916833032321308,0.06569444114964229,VDC,VGT,ewma,5
VNQ-VOX,0.042599985663439456,0.07703350732374616,-0.09606227982663065,0.8995404821978142,-0.11069185819623639,0.08266450095510702,VNQ,VOX,adaptive,15
VDE-VGT,0.03868318552371161,0.11348087207178373,-0.0997244228889051,0.5574251400265858,-0.14710868010258993,0.0667701623081407,VDE,VGT,ewma,5
VNQ-VGT,0.038269848487057126,0.11169562907178089,-0.10501889474479287,0.5331484625875385,-0.21066229486714827,0.0662849749046388,VNQ,VGT,adaptive,20
VCR-VOX,0.043353851225999926,0.06043266539673217,-0.10997609869379385,1.2454636176446177,-0.039442958546957785,0.08678413678754371,VCR,VOX,ewma,20
VNQ-VOX,0.04109705236573546,0.07885844039829144,-0.11289784060270872,0.8468951227004692,-0.1226318695701144,0.0791032508179732,VNQ,VOX,ewma,20
VGT-VHT,0.037007794636329375,0.11088466189230736,-0.11716864300212011,0.6233879501969766,-0.10958671467451786,0.06387095915658603,VGT,VHT,standard,15
VCR-VDC,0.03863613556002462,0.09562566093583658,-0.1188369766939474,0.7451448590849162,-0.09092771445548042,0.07069092786551878,VCR,VDC,adaptive,5
VCR-VHT,0.039302580206405965,0.08662673071696303,-0.12348867035679598,0.7522622390227124,-0.10692529837515008,0.07385718975665334,VCR,VHT,ewma,15
VDE-VFH,0.038170671118492115,0.08955474537174277,-0.13209047529981952,0.6958059187752784,-0.16342676012623114,0.07086214040318617,VDE,VFH,adaptive,5
VDE-VAW,0.03666634214665185,0.09227197184376146,-0.1445038789885746,0.7191726126778676,-0.09490747886929063,0.06713041426525024,VDE,VAW,standard,5
VDE-VDC,0.03266391073079506,0.10829110409998915,-0.1600878429792147,0.5841953136951274,-0.11568459988233704,0.055253221753968296,VDE,VDC,standard,5
VDE-VPU,0.03352877455496959,0.09736801929112884,-0.16916463500999906,0.5371228933044442,-0.17348552633790915,0.05938319650946311,VDE,VPU,ewma,20
VNQ-VOX,0.036276745537486894,0.08041534405753582,-0.17065467571331044,0.7464615415236592,-0.10823856499253581,0.06846670206961769,VNQ,VOX,standard,20
VDE-VIS,0.03465793924653145,0.08902300742088179,-0.172338153899188,0.6929689797304548,-0.10414378249598555,0.06346488461455113,VDE,VIS,standard,5
VHT-VPU,0.03673532058322528,0.07591229158703454,-0.17473691202651312,0.7758525938295049,-0.06768794106272491,0.07020029749435697,VHT,VPU,standard,15
VGT-VPU,0.029758775230308517,0.1151012208796488,-0.17585586508118686,0.42957764124629605,-0.10698848726798416,0.04747240453986423,VGT,VPU,ewma,10
VHT-VDC,0.0394487549771549,0.0597124302572224,-0.17670098130981485,1.1523801121262074,-0.078810856602746,0.07840719560577192,VHT,VDC,adaptive,10
VCR-VPU,0.031238330560645303,0.10227708813129135,-0.1834396127436731,0.49672284453606985,-0.11989413340606303,0.05352126752341069,VCR,VPU,ewma,15
VAW-VPU,0.03407713698871014,0.08363129617475076,-0.19039359354204413,0.6881514441938906,-0.1451331695236524,0.06321029655016219,VAW,VPU,standard,5
VFH-VCR,0.036875773787079257,0.06647071904962822,-0.19744372259794482,0.9238854625126992,-0.07188098300083412,0.07194493876990227,VFH,VCR,ewma,20
VCR-VNQ,0.03317956210795564,0.08512652556135251,-0.19759337975002234,0.6760015810311854,-0.10713188853419409,0.06104239842071868,VCR,VNQ,ewma,15
VGT-VDE,0.025901245790830685,0.12069052791072521,-0.19967394812453776,0.37455796996318086,-0.16448718859284828,0.03806715115518777,VGT,VDE,standard,10
VHT-VNQ,0.037249920985699486,0.062140156733374,-0.20518260146989165,1.0165614057160586,-0.07757389558119054,0.07334806075494194,VHT,VNQ,standard,10
VGT-VDC,0.023790307752791326,0.12256492224759206,-0.21384333924075494,0.31456049669801495,-0.15099855546177465,0.03318735084966029,VGT,VDC,adaptive,10
VAW-VOX,0.03405104734055354,0.07308032735790694,-0.21823865924049957,0.7646656956634489,-0.09792558468935886,0.06490955339968552,VAW,VOX,ewma,10
VIS-VPU,0.03254904761875222,0.07855392453765986,-0.2221525211370121,0.7578406324460821,-0.10263426842509316,0.060850433469149756,VIS,VPU,adaptive,10
VGT-VHT,0.025460486737939193,0.11023060469183169,-0.22261978268798474,0.38548836920167917,-0.13734511612095912,0.03964396974945239,VGT,VHT,adaptive,10
VCR-VGT,0.03284214551500242,0.07577794428149118,-0.22642280214492902,0.6908460165909995,-0.07222831826008025,0.061901434415433165,VCR,VGT,adaptive,15
VDE-VGT,0.023646252413496476,0.11352344531029422,-0.23214365556357638,0.34588285325465123,-0.18152828781256003,0.03509889048819259,VDE,VGT,ewma,15
VDC-VCR,0.0279713158427302,0.09438611329711763,-0.23338903772767652,0.4735799879777561,-0.1269814031693246,0.04826653457601515,VDC,VCR,ewma,5
VDC-VOX,0.02897583585278196,0.08633290307343501,-0.24352435049398,0.5515390367944576,-0.13601267699487707,0.051914396503387916,VDC,VOX,ewma,5
VDE-VCR,0.023386758011452492,0.10721827641040331,-0.2482155363762702,0.36265365887118123,-0.16403831052641504,0.03600373487062969,VDE,VCR,adaptive,5
VCR-VNQ,0.028316802784673117,0.08706908586210996,-0.24903439608480776,0.588288623669596,-0.09637394057788906,0.0504111214926255,VCR,VNQ,adaptive,5
VFH-VPU,0.02956355205549647,0.0817810179191607,-0.24989231565575046,0.5828767467293923,-0.06579336977105055,0.05394950737302695,VFH,VPU,ewma,5
VDE-VNQ,0.023406165677137172,0.10379551248179085,-0.2562137195240324,0.4128769743128015,-0.08659329193178877,0.03681905632675497,VDE,VNQ,standard,5
VFH-VGT,0.027018551303202496,0.08925372626958217,-0.2574844732799641,0.4952973306836972,-0.14718384739409007,0.04726126094362959,VFH,VGT,ewma,20
VIS-VPU,0.02785162461827176,0.08399766947024095,-0.2636784510976818,0.5695363352927324,-0.12153008901340234,0.0499708352858923,VIS,VPU,standard,5
VHT-VDC,0.03389739898472481,0.06089126914686061,-0.26444843802545964,0.9837639953146892,-0.06799426096736538,0.06632824556599992,VHT,VDC,standard,20
VGT-VFH,0.02481262411294296,0.09522570322338726,-0.26450186277932364,0.46279009438652363,-0.08685559939908505,0.041512386087448006,VGT,VFH,standard,15
VCR-VHT,0.025911879048721047,0.0894954480157671,-0.26915470546652953,0.5039558394276035,-0.13575154723828609,0.04491001653936766,VCR,VHT,adaptive,15
VHT-VGT,0.020420323555238405,0.10892168151782655,-0.27156830515805436,0.2997787465447207,-0.14592976992980355,0.029478486181495622,VHT,VGT,standard,10
VHT-VNQ,0.03285943330845987,0.06277900685690871,-0.27303023016290057,0.8902179369797044,-0.0533659598679086,0.06386176230897944,VHT,VNQ,standard,20
VCR-VNQ,0.025495095602518492,0.08858282352141286,-0.2766326859242406,0.5318702840387692,-0.13118948250282314,0.0442130834018335,VCR,VNQ,adaptive,10
VDE-VDC,0.020791777306172293,0.10114129939317379,-0.28878631052864406,0.366264938586088,-0.11745914406895164,0.0319667722031407,VDE,VDC,ewma,5
VFH-VOX,0.030442010242219122,0.06748230453578602,-0.2898239752231519,0.7647692614565956,-0.10546742780693252,0.05807315506438959,VFH,VOX,standard,10
VIS-VGT,0.027180878010567695,0.07806065628281851,-0.2923255206407336,0.6058315982709498,-0.09326596764031159,0.04956737694541968,VIS,VGT,standard,10
VIS-VDC,0.02639591412909927,0.07808640931773655,-0.3022816143953394,0.5806245307658409,-0.11660445979817213,0.04791809462918839,VIS,VDC,ewma,5
VIS-VDE,0.024328800679829714,0.08450399228413981,-0.303786822684688,0.4737360070331624,-0.12479509881597006,0.04248767613213911,VIS,VDE,adaptive,15
VDE-VCR,0.01775209291919033,0.10543494019326799,-0.3058559811547998,0.27567969703716616,-0.1984710674463791,0.02475590698668073,VDE,VCR,ewma,5
VCR-VFH,0.028799890211042206,0.06893579695506434,-0.3075341219711585,0.7155666978938898,-0.06304184029412796,0.054388463655421715,VCR,VFH,ewma,20
VAW-VDE,0.02359622817991354,0.08576014460826621,-0.3078792828614399,0.47773585209082214,-0.1681762621349675,0.04074622673630479,VAW,VDE,ewma,15
VIS-VDE,0.023539528791919298,0.08538753299330752,-0.30988682165292863,0.47643301750163647,-0.16524449462117685,0.040693588123043245,VIS,VDE,adaptive,5
VGT-VAW,0.020246351480994695,0.09461915359924188,-0.3144569295665698,0.37663578638116585,-0.09013587920811117,0.03213525806304318,VGT,VAW,standard,15
VGT-VDC,0.01052523198406758,0.12310404181018064,-0.3206618355943191,0.1541028538757893,-0.11443043622916949,0.006007165060082809,VGT,VDC,standard,15
VAW-VDC,0.0276540674253706,0.06944401011169796,-0.32178344163430106,0.6868049757191022,-0.07000603896042501,0.05189972443517488,VAW,VDC,ewma,5
VGT-VDE,0.010904008228512377,0.12003411667556256,-0.32570733100122845,0.14819584853423062,-0.2086491044050901,0.007466140785527653,VGT,VDE,adaptive,10
VCR-VPU,0.01609212579693096,0.10324071643209938,-0.3284350920343516,0.2640249613504008,-0.13285010008539688,0.021838151678206463,VCR,VPU,adaptive,20
VCR-VNQ,0.021844358029803043,0.08526808603593969,-0.33020140687020405,0.44212617476303306,-0.13519005624221336,0.037188759650348846,VCR,VNQ,ewma,20
VDE-VPU,0.015897685777479634,0.10296291673752439,-0.3312096753188797,0.23805301498786186,-0.14450093353862392,0.0214548973901334,VDE,VPU,standard,15
VAW-VPU,0.02324284762540561,0.08040392924961909,-0.33278413908759436,0.48749608593212096,-0.16460159611381486,0.04093209522734198,VAW,VPU,ewma,10
VGT-VHT,0.014122572121101015,0.10660211347923583,-0.3365545645198413,0.22620516821733602,-0.11415557021319789,0.017089132812231123,VGT,VHT,ewma,10
VIS-VNQ,0.026515887503845353,0.06921645202181949,-0.3392851238424003,0.6856088469968709,-0.06916640052167,0.04954342320561489,VIS,VNQ,adaptive,5
VCR-VPU,0.015024286403560171,0.1029501006524809,-0.33973462264504267,0.2464817527347928,-0.1412506372175768,0.019714713586655108,VCR,VPU,adaptive,15
VCR-VAW,0.02506868249290373,0.07290879316357954,-0.34195213533654095,0.6073592451008373,-0.09819597088914456,0.045948322984568524,VCR,VAW,adaptive,10
VCR-VHT,0.019173521313532883,0.08980328231826629,-0.3432667257886726,0.3729749984507657,-0.13955023803901867,0.030839367435556486,VCR,VHT,adaptive,20
VDE-VOX,0.012729603955918534,0.10790225534531467,-0.34540886958114675,0.19612959765447793,-0.15672163679525009,0.013957285752957072,VDE,VOX,standard,5
VFH-VPU,0.024287377328826427,0.07436341410206715,-0.3457697979799826,0.5112138416627561,-0.07385645274397745,0.04407891535329056,VFH,VPU,ewma,20
VFH-VOX,0.025920182733438612,0.06757048374550122,-0.35636591499412745,0.6672774151275015,-0.07506991244773698,0.04851989799684309,VFH,VOX,adaptive,20
VCR-VDC,0.015244795019468784,0.09693208138042649,-0.35855213759548216,0.2737001953486585,-0.11564860384751752,0.021399116594749135,VCR,VDC,adaptive,10
VAW-VGT,0.015351187511111697,0.09552026472160449,-0.3627378189316457,0.2603153089431966,-0.19415752952769882,0.021867247647892052,VAW,VGT,standard,10
VFH-VNQ,0.022557335629283304,0.07390515850889158,-0.3713227185273543,0.5396432539785422,-0.1264100856572753,0.040567750100664046,VFH,VNQ,standard,15
VHT-VCR,0.016403341094792023,0.0899911237479091,-0.3733330300366264,0.29680475833476433,-0.12908978814417993,0.025082409302284336,VHT,VCR,standard,15
VCR-VOX,0.027178170233685132,0.060336422917404424,-0.37824300253192067,0.7637966659447348,-0.044334602562018155,0.05213608097113043,VCR,VOX,adaptive,20
VFH-VNQ,0.026579489901139855,0.060978937558976584,-0.3840754043346304,0.7660554714359631,-0.09472126778030054,0.050796424243586324,VFH,VNQ,ewma,10
VHT-VDE,0.011180777277404722,0.10101918149097926,-0.38427575980767237,0.1706576083145114,-0.1500288501099417,0.012253601311563056,VHT,VDE,adaptive,20
VDE-VFH,0.013721936763461192,0.0939451359227969,-0.3861622305422143,0.2513984727950729,-0.11351372223890022,0.018853005065820216,VDE,VFH,standard,5
VFH-VPU,0.020235991042067445,0.07635711190272568,-0.3898000882465286,0.44077284084341667,-0.10740048236315691,0.03533503831774998,VFH,VPU,ewma,10
VHT-VPU,0.021032596002320044,0.07407793506175835,-0.3910395716825794,0.4641532854298343,-0.109056307661073,0.03733935571124669,VHT,VPU,adaptive,15
VGT-VOX,0.019305081624429295,0.07777921712951716,-0.39464164732408913,0.46948410622610376,-0.08132579822513897,0.03319662985093341,VGT,VOX,standard,15
VNQ-VOX,0.018956662940887558,0.07782070437732444,-0.3989084563999125,0.3888351698874394,-0.11521557571966112,0.03244197882679867,VNQ,VOX,adaptive,20
VHT-VDE,0.012500869379744279,0.09306535656103933,-0.402933293396463,0.22199604715653373,-0.15899429160969636,0.01653331256494961,VHT,VDE,ewma,10
VHT-VDE,0.008539565695243277,0.1009058748642365,-0.4108822638973152,0.13235614309428884,-0.14021737226310949,0.006937837129590729,VHT,VDE,standard,15
VIS-VPU,0.016905563781579636,0.07944659073390622,-0.416562069091988,0.3380725207429824,-0.14597581875274046,0.027945077630299853,VIS,VPU,ewma,10
VDE-VNQ,0.010620313027208608,0.09304983088099367,-0.42321073128178077,0.18023809464824544,-0.224343978829464,0.012699753872659869,VDE,VNQ,ewma,20
VGT-VPU,-0.0014676930081511878,0.11944950930273143,-0.430874043004329,-0.020601916066455887,-0.13381069395164524,-0.017035407804444902,VGT,VPU,adaptive,10
VDE-VGT,0.00031957774822368953,0.11465863165086748,-0.4332898582206335,0.00456333650514157,-0.16998862278610893,-0.012428036776638396,VDE,VGT,ewma,10
VHT-VPU,0.018152606595527244,0.07348451503874515,-0.4333891757696298,0.4024875690443923,-0.1090563076610731,0.031460486524528486,VHT,VPU,adaptive,20
VHT-VIS,0.02071396529167092,0.0673372303329552,-0.4349159382338939,0.513173328228902,-0.08747227587610906,0.03766744156770718,VHT,VIS,standard,10
VHT-VDC,0.024152467512815405,0.05930661897318212,-0.43582879844950484,0.7255920515866697,-0.05663252404098107,0.045908310199061386,VHT,VDC,standard,15
VIS-VDC,0.01387026371206627,0.08236382129896849,-0.4386602724124235,0.30252809008666026,-0.1378639379889427,0.021248327186697447,VIS,VDC,standard,5
VHT-VDE,0.005290860146263085,0.10161984297394253,-0.43996466187416966,0.08057300190984082,-0.1626559147299006,0.0002544402896007547,VHT,VDE,adaptive,15
VHT-VDE,0.004382072794359291,0.10229974948437644,-0.4459241340821423,0.06643167995491689,-0.22470042607909047,-0.0017031045268967038,VHT,VDE,adaptive,10
VDC-VGT,-0.0029900336163178757,0.11819801113639099,-0.4483157805013451,-0.04221700671839208,-0.21425005131848496,-0.01974825116359824,VDC,VGT,adaptive,15
VCR-VGT,0.016494750159241015,0.07413026039705789,-0.45197804056396806,0.3466274851816219,-0.08974991435729596,0.027932920947087547,VCR,VGT,ewma,15
VGT-VFH,0.0069951117526018914,0.09363156756048162,-0.4592990309557609,0.12317694791848283,-0.13472885321199102,0.0052630897681071875,VGT,VFH,adaptive,10
VOX-VGT,0.013541451431894953,0.07877535655256283,-0.46281667470179005,0.2694338183860624,-0.10497065066050248,0.0211405126431341,VOX,VGT,standard,20
VPU-VGT,-0.006788654223142209,0.12265428150823163,-0.46299773252783577,-0.09642798141692975,-0.14162856758407683,-0.028198094125465478,VPU,VGT,standard,15
VHT-VGT,-0.0012140602822185102,0.10913309410849147,-0.4692807502672426,-0.017327447804229165,-0.22587204732143418,-0.014251381312695433,VHT,VGT,standard,15
VCR-VDE,0.0026340355364310683,0.10083457419461309,-0.4697393214766938,0.04422891822266844,-0.14101350114646405,-0.004868206170993927,VCR,VDE,ewma,15
VCR-VOX,0.021405367551635017,0.0602619264256716,-0.47450578075419164,0.6021371322510597,-0.05453816450227056,0.04004501447706432,VCR,VOX,adaptive,15
VDE-VIS,0.010404333114362629,0.08327003975189945,-0.4755091627626385,0.20445767617271154,-0.14278957929456115,0.014013304520389847,VDE,VIS,ewma,15
VHT-VOX,0.012806968843729642,0.07804370072525244,-0.4765667287768149,0.2669964537807744,-0.10417485622118339,0.019766664342350193,VHT,VOX,standard,15
VAW-VDE,0.00724228685383597,0.0889310400405594,-0.48079627907942096,0.13090327073646355,-0.16747267188508308,0.006623215919029812,VAW,VDE,adaptive,15
VIS-VHT,0.016466225767610622,0.06973423571134234,-0.4808796409728921,0.42951901388702246,-0.08526370296572905,0.0285442031086518,VIS,VHT,adaptive,5
VDE-VOX,0.001223714776395005,0.1005204648641274,-0.4852373622578786,0.01960122604899272,-0.16700483433483737,-0.007628656591822769,VDE,VOX,ewma,5
VHT-VPU,0.013571950143827135,0.07441733206012577,-0.4895102907846875,0.29722246446245215,-0.08166495910437421,0.0218936429187504,VHT,VPU,adaptive,10
VDE-VGT,-0.006167074318654684,0.11401315379903895,-0.49263679187101006,-0.08667559068139886,-0.18788452404910527,-0.025047218372637126,VDE,VGT,ewma,20
VHT-VDC,0.020061179279054268,0.06046092196903698,-0.49517638411597287,0.567375938817778,-0.09980792207719935,0.03722303269748828,VHT,VDC,adaptive,20
VFH-VPU,0.006691823169525443,0.08736817257338647,-0.49569740964991615,0.12568970906573687,-0.09894737041585344,0.005805338614744304,VFH,VPU,standard,15
VHT-VDE,0.0016351767154566509,0.09720163728022464,-0.4975721051396624,0.026318529388621604,-0.19177069685224835,-0.006167271218603387,VHT,VDE,ewma,20
VAW-VDE,0.005427826788077293,0.0894599002748966,-0.4982363391302603,0.09939396606152755,-0.16266910009180235,0.0028770382419944784,VAW,VDE,adaptive,10
VDE-VIS,0.008671872980797059,0.0825002309012866,-0.5009455921238928,0.1752708159002892,-0.14034139775844523,0.010631156574159029,VDE,VIS,ewma,10
VGT-VNQ,-0.00784244654341039,0.11298287235780853,-0.5119576563802298,-0.11557842024028935,-0.15079639757486807,-0.028074091117937572,VGT,VNQ,adaptive,10
VDE-VIS,0.006978665678300441,0.0831123252020701,-0.5176288139827905,0.1359302009186801,-0.15669237826345062,0.007101973297254371,VDE,VIS,ewma,20
VDE-VPU,-0.0023241189636199824,0.10066008249365,-0.5198100147287354,-0.035011361702048285,-0.17654142026434472,-0.014708964217822529,VDE,VPU,ewma,15
VCR-VOX,0.018956794907243862,0.059653823436431795,-0.5203891939271303,0.5406813555015242,-0.0686904461343475,0.03503062016309855,VCR,VOX,ewma,15
VHT-VPU,0.009352841185212037,0.07757681369387807,-0.5239601483915493,0.19308633577324572,-0.0770433157596816,0.01280260385674814,VHT,VPU,standard,20
VDE-VGT,-0.011750714611769747,0.11710037938203843,-0.5273314650015677,-0.16845931154770713,-0.19990227613110412,-0.0365659852514868,VDE,VGT,standard,20
VGT-VPU,-0.014209243951217558,0.12052479541676936,-0.5327471723074475,-0.20260068978355067,-0.13286362660271123,-0.04205644903612593,VGT,VPU,standard,10
VFH-VHT,0.016088731858382666,0.06347511939449733,-0.5342450469586207,0.462203907935566,-0.0905805538536768,0.028621047720627235,VFH,VHT,ewma,10
VIS-VPU,0.00794681932194749,0.0778437901981123,-0.5402252455979751,0.17636817197984572,-0.13755825645644582,0.009926375847829405,VIS,VPU,adaptive,15
VDC-VGT,-0.013926830500883518,0.11825598122719026,-0.5405801029046378,-0.19530206454508445,-0.19408748270824927,-0.041016944564773894,VDC,VGT,ewma,20
VDE-VPU,-0.004835835604092881,0.10139919766944169,-0.5407916124036405,-0.0819423540309069,-0.17448395336481803,-0.019750057727207393,VDE,VPU,ewma,10
VGT-VNQ,-0.00906792286976334,0.10897129250858811,-0.5420503098566817,-0.13989518515220453,-0.13776321950058423,-0.02959377952815212,VGT,VNQ,ewma,10
VCR-VPU,-0.007886389440831462,0.10451533734929132,-0.553855452309114,-0.13037345955282142,-0.13720059474351842,-0.026348637250472207,VCR,VPU,adaptive,10
VDE-VNQ,-0.0032440868549693,0.09566547966999671,-0.5565653048376239,-0.058944078642065016,-0.20687118213067202,-0.015509539986883092,VDE,VNQ,ewma,10
VDC-VGT,-0.01543366050100406,0.11735999340019117,-0.5575465591402923,-0.21851331055563628,-0.22257661836314768,-0.04370473819174969,VDC,VGT,adaptive,10
VAW-VGT,0.0019015767374518451,0.08595066526773366,-0.5596050142569924,0.037818570800378926,-0.1964640417123661,-0.003557683774143894,VAW,VGT,ewma,5
VDC-VGT,-0.01476437232294214,0.11527013279808694,-0.5618486831830641,-0.21056184020033042,-0.19646057580093912,-0.041958227582950425,VDC,VGT,ewma,15
VHT-VDC,0.01580857548426289,0.06071288811992322,-0.5631658380046167,0.44579918204904867,-0.09977341770229009,0.028390458121856588,VHT,VDC,adaptive,15
VNQ-VCR,0.0031758652917749717,0.0829321524407329,-0.5646077345175342,0.059632079664653774,-0.16019248372987893,-0.0005204600893122802,VNQ,VCR,ewma,20
VHT-VIS,0.010376568370576168,0.06924005854356129,-0.5722616713920791,0.24235428067669765,-0.08069402714883023,0.016127774458151167,VHT,VIS,standard,15
VAW-VPU,0.004788692136131042,0.07865018266471495,-0.5748404686687673,0.10234304473437984,-0.12971636877238613,0.0034220341795057063,VAW,VPU,ewma,15
VOX-VDE,-0.01061646662126037,0.10385728898101715,-0.5836515396848043,-0.16778262508675962,-0.23678927324823218,-0.03155565090562862,VOX,VDE,standard,15
VDE-VGT,-0.02125787562782971,0.11969002113145785,-0.5953535219913259,-0.2877517968685098,-0.23190122436484395,-0.055347883645666895,VDE,VGT,standard,15
VFH-VDC,0.004541662284905844,0.07617526707116945,-0.5967598075189294,0.09488841350860008,-0.10369504272761643,0.0032952259487750712,VFH,VDC,ewma,5
VPU-VDE,-0.012139665539815318,0.1040343990030843,-0.597299221558179,-0.18308973912502569,-0.20793200151029823,-0.03456146828202966,VPU,VDE,standard,15
VFH-VHT,0.007921996018667627,0.06914677223806685,-0.6085317162232983,0.18680268941006833,-0.08139311496633583,0.011152760282330476,VFH,VHT,ewma,5
VFH-VPU,-0.0015193368864685746,0.08405628544110569,-0.6129147465428476,-0.030137674148571467,-0.09364588606697677,-0.010046216260660046,VFH,VPU,adaptive,15
VIS-VPU,0.001924384293239509,0.07762225783015604,-0.619353482501809,0.042101313179205714,-0.14351382961507453,-0.002156080319885567,VIS,VPU,adaptive,20
VPU-VAW,-0.0027881586051984766,0.08505100485082284,-0.6206647258052671,-0.053246551310502335,-0.11838540992403301,-0.012739252853359861,VPU,VAW,standard,15
VDE-VOX,-0.01163034170798109,0.09859903907515846,-0.6250602671797083,-0.18735063495889773,-0.1794326945363529,-0.032494035482852346,VDE,VOX,ewma,20
VCR-VAW,0.006617692005187438,0.06923524594718951,-0.626592819904232,0.15723048063047879,-0.13087130626067622,0.008504874236535453,VCR,VAW,ewma,15
VFH-VGT,-0.008478432340228418,0.09325190751240713,-0.6271017279989457,-0.14891480360842055,-0.1855183406294949,-0.025360666334931947,VFH,VGT,standard,10
VFH-VPU,-0.002978732497910375,0.08430136902630724,-0.6284445093813089,-0.05776151381837594,-0.09714063836643583,-0.012980544074754574,VFH,VPU,adaptive,20
VCR-VNQ,-0.004642776892643622,0.0866991579276941,-0.630257296595832,-0.09265575185210155,-0.1615793025967931,-0.016669164056238084,VCR,VNQ,adaptive,20
VDC-VOX,-0.0044786042602695435,0.08633849031012467,-0.6309886131270579,-0.08479812157953748,-0.15711177098808982,-0.01629619950234784,VDC,VOX,ewma,15
VGT-VPU,-0.026524388100574826,0.12108342049631216,-0.6319972444361649,-0.37545123881774345,-0.1503378820079294,-0.06553391033520317,VGT,VPU,standard,15
VDE-VCR,-0.0211300525251817,0.11238374280106579,-0.6329211926238416,-0.3215495133557906,-0.18551999380405093,-0.053489256332755586,VDE,VCR,standard,5
VNQ-VDE,-0.013630989325345882,0.10042888183530363,-0.6335925299825226,-0.20549838927587552,-0.2056441258707774,-0.03673741431488675,VNQ,VDE,standard,15
VHT-VNQ,0.009286987303689547,0.062347710135295234,-0.6529993260051203,0.24800070862673754,-0.09677482942001225,0.014832662406701447,VHT,VNQ,adaptive,10
VHT-VPU,-0.0005256323994373872,0.0771758622893131,-0.654681799472863,-0.01129112349211008,-0.09204252977455163,-0.0069839648967092716,VHT,VPU,standard,10
VHT-VGT,-0.021302698812323422,0.10874359861026413,-0.6556955970150617,-0.318584667921503,-0.11351679097720635,-0.053055004136362105,VHT,VGT,adaptive,5
VNQ-VOX,-0.004201584604857111,0.08262997622600783,-0.6559554665319763,-0.08182736365044944,-0.19414671053842725,-0.015135286256886649,VNQ,VOX,standard,15
VHT-VDC,0.011921438758050427,0.05789486860364736,-0.6577191063795002,0.3585025863612985,-0.07854705716685251,0.020752830866360483,VHT,VDC,ewma,20
VNQ-VGT,-0.02645508130232424,0.1159435936101071,-0.6594161774856302,-0.36131366418572136,-0.1972537997299747,-0.06432042100133195,VNQ,VGT,standard,5
VDE-VCR,-0.018649381956627988,0.10400999085575918,-0.6600268050386691,-0.28521124452813945,-0.18717651602805097,-0.04705784972732685,VDE,VCR,ewma,15
VHT-VDE,-0.016598250118719265,0.10055423230013133,-0.6623117555105853,-0.25609175472213574,-0.17993626649651673,-0.04246448099333977,VHT,VDE,standard,20
VFH-VGT,-0.01251976948082678,0.09433908197488629,-0.6627133545508735,-0.21795412088650623,-0.1400986201357276,-0.03341690609899872,VFH,VGT,standard,5
VAW-VOX,-0.002109979143593843,0.07842688967009998,-0.6644402112947825,-0.04289901431655711,-0.16191355958452047,-0.01033210002107876,VAW,VOX,standard,10
VDC-VGT,-0.03527438408703087,0.1278897282797362,-0.6667805556714307,-0.44026869373209304,-0.22631910328140314,-0.08338309476636374,VDC,VGT,standard,5
VCR-VDC,-0.013164920418645393,0.09419017298197217,-0.6706105150771409,-0.22496440450480043,-0.1607694946517526,-0.0346424283579021,VCR,VDC,ewma,15
VPU-VOX,-0.015073408092005322,0.09566711596708792,-0.680206646078808,-0.2630709401608402,-0.13339594715046588,-0.03858720835683971,VPU,VOX,standard,15
VHT-VGT,-0.021562208947655256,0.104917929730084,-0.6820779740103428,-0.3108428559561236,-0.18751951482221652,-0.05278892828814108,VHT,VGT,ewma,15
VDE-VFH,-0.009661299912054132,0.0872162471886075,-0.6840617641233163,-0.17965543999958583,-0.17369482285085758,-0.026610016203884812,VDE,VFH,ewma,5
VDC-VNQ,0.010381498201339694,0.05769462228766983,-0.6866931479526704,0.32015793646103624,-0.07580484277897714,0.017632360782444234,VDC,VNQ,ewma,5
VOX-VDE,-0.01568943784829228,0.09531715981123161,-0.6891669661410933,-0.2731674585061537,-0.16415263250347667,-0.03971538904746452,VOX,VDE,ewma,5
VOX-VGT,-0.0020900479910758757,0.07542858024300382,-0.6905876767567467,-0.044926095898077556,-0.09903893262480845,-0.009829208099865316,VOX,VGT,adaptive,15
VDC-VOX,-0.010793134358050254,0.08790476314005898,-0.6915795252321909,-0.19931035996305657,-0.15046388190681725,-0.028932652695924155,VDC,VOX,ewma,20
VGT-VAW,-0.013444441182323687,0.09159639523715059,-0.6926521618897858,-0.24892027412384915,-0.12233628547890474,-0.034712740136688125,VGT,VAW,ewma,10
VIS-VOX,0.002722417561430259,0.0682380192747423,-0.6928334518066689,0.07050770150707589,-0.11627961808829823,0.0008042411224202795,VIS,VOX,standard,5
VOX-VGT,-0.002436486034684223,0.0755817288096832,-0.6937719851145593,-0.0526358585435753,-0.09048864539232992,-0.01053846849378759,VOX,VGT,adaptive,20
VCR-VNQ,-0.010671906999692199,0.08704540005501646,-0.6970145115232381,-0.21087033394269106,-0.1785325738646808,-0.028537935590659202,VCR,VNQ,adaptive,15
VDE-VHT,-0.02474175335617481,0.10704749730334943,-0.6982111234639402,-0.4054831456946827,-0.1530644522178246,-0.059200906435157075,VDE,VHT,standard,5
VDC-VCR,-0.017553076749941877,0.09650767303028165,-0.6999762260224154,-0.29066447286022973,-0.19458332217628638,-0.043519490850919884,VDC,VCR,adaptive,15
VDE-VOX,-0.020093699048131186,0.09968658957981698,-0.703140706724735,-0.32340847572729703,-0.18872054679321637,-0.048970340199998574,VDE,VOX,ewma,15
VIS-VOX,0.006062851458857749,0.06237588476868137,-0.7043931914405942,0.1644345207237529,-0.08165822985905702,0.008294297576333598,VIS,VOX,ewma,10
VNQ-VGT,-0.03184179803706486,0.11570653136733615,-0.707322197545096,-0.4316032016845586,-0.21544412608807118,-0.07430924292662355,VNQ,VGT,standard,10
VCR-VOX,0.005807731068301126,0.06247439979525782,-0.7073660423553728,0.16808428967041128,-0.08127481304639428,0.007770934234930138,VCR,VOX,adaptive,5
VFH-VDC,-0.007269607066671482,0.0808877511196698,-0.7080133428600782,-0.1568058967240698,-0.16946922518612106,-0.020868703219223628,VFH,VDC,standard,15
VGT-VFH,-0.016395600623989454,0.09367394899597892,-0.7087947218584703,-0.31283354061659524,-0.1586846184901114,-0.04075595208485083,VGT,VFH,ewma,20
VGT-VFH,-0.016097855380180125,0.09305253395671977,-0.7103283765590224,-0.289648212212615,-0.11461298979560786,-0.04008855227736585,VGT,VFH,ewma,10
VFH-VAW,0.009225653114638317,0.057374956764462505,-0.7106645335307147,0.2778918251632345,-0.12552548783768436,0.015314848496270406,VFH,VAW,ewma,10
VCR-VGT,-0.004028882986208074,0.07596502356902549,-0.711233676339411,-0.08693565989480877,-0.0964342518703517,-0.013753266548624743,VCR,VGT,standard,15
VPU-VCR,-0.02746338965201074,0.1081596228591074,-0.7161950791277929,-0.42235246398719706,-0.14990659338001533,-0.06454500467732371,VPU,VCR,standard,15
VFH-VOX,0.0012365739414251066,0.06791995341226281,-0.7179543508015823,0.031057452915578387,-0.07732327444828058,-0.002129220753904648,VFH,VOX,adaptive,15
VDE-VDC,-0.01969577291661676,0.09690891772555238,-0.7191884354130984,-0.3042918026839707,-0.22590077493175298,-0.0477184465648266,VDE,VDC,ewma,20
VDC-VNQ,0.0054334232347451415,0.061077151845911094,-0.7296767353803586,0.16003004644656235,-0.06113224052572119,0.007188268541993281,VDC,VNQ,standard,5
VHT-VOX,-0.008081917035755637,0.07959139865733286,-0.7297511793431014,-0.1604582598384624,-0.07841302181769882,-0.022283519024838716,VHT,VOX,adaptive,5
VNQ-VOX,-0.006517238063852053,0.07733775768619558,-0.7307845450236019,-0.1338721895304859,-0.14115878539693427,-0.018865992051181335,VNQ,VOX,adaptive,10
VDE-VNQ,-0.019611697799401875,0.09509604478646808,-0.7320146485136193,-0.3162691412952877,-0.21658994891561711,-0.047210155784651486,VDE,VNQ,ewma,15
VPU-VGT,-0.029699664449486792,0.10873415198543496,-0.7329772936488489,-0.4098300982079371,-0.12912992412241076,-0.06889470263448616,VPU,VGT,ewma,5
VHT-VDC,0.005891428698843658,0.060117990777666636,-0.7337000244116989,0.16355057844103824,-0.08827506346924374,0.008226124244885558,VHT,VDC,standard,10
VGT-VNQ,-0.033834725981121895,0.11423180631936902,-0.7339000290929208,-0.5325412737921615,-0.2001172782639512,-0.07763788383297487,VGT,VNQ,standard,10
VDE-VCR,-0.025604355351075043,0.10301342225026687,-0.733927227147131,-0.3850525798057975,-0.20614776890667807,-0.060059618685367244,VDE,VCR,ewma,20
VNQ-VIS,-0.0014550781785076516,0.06905478498389696,-0.7451341451646911,-0.032603268823726606,-0.1115353510763617,-0.0076642593762188405,VNQ,VIS,standard,15
VNQ-VFH,0.0009746225094838664,0.06576006174390235,-0.7455190307065369,0.023495480488896776,-0.1369243749836011,-0.002370017229325949,VNQ,VFH,ewma,20
VDC-VNQ,0.00553187824957712,0.059049409096526874,-0.7530663292113848,0.16780366341707842,-0.06310909980073609,0.007632182828009704,VDC,VNQ,standard,10
VAW-VCR,-0.006241194648397556,0.07437754504154948,-0.7561582547122191,-0.1398874970167488,-0.17171270774177771,-0.01787679321893343,VAW,VCR,standard,10
VCR-VGT,-0.007013668960991966,0.07487117332832074,-0.7614902562162192,-0.15772833362259092,-0.09221797652970865,-0.019463757248843305,VCR,VGT,adaptive,5
VPU-VIS,-0.013385776766290559,0.08306427550637084,-0.7630931152999579,-0.26122406619524047,-0.1238862729242094,-0.03316167586054275,VPU,VIS,standard,15
VGT-VFH,-0.023063672465288117,0.09564056889701326,-0.7639401700335321,-0.4215987154043943,-0.12072272574123821,-0.053846511189056145,VGT,VFH,standard,10
VOX-VGT,-0.007214896223414566,0.07434296263490955,-0.7696074274627829,-0.15111590895772598,-0.10154779070175757,-0.019798662877990925,VOX,VGT,ewma,10
VDE-VCR,-0.031516914109605915,0.10576178659168317,-0.7707596168389248,-0.47121851549683086,-0.1973069884044737,-0.07166083645265298,VDE,VCR,adaptive,20
VCR-VIS,0.002778292950248837,0.06084390868345388,-0.7761123187437957,0.07749891058022686,-0.1042750543918688,0.0018686599169801532,VCR,VIS,ewma,20
VGT-VAW,-0.023424084418623762,0.0945889371545525,-0.776243888845619,-0.39951153924024624,-0.18983455549807993,-0.05436406087655932,VGT,VAW,adaptive,10
VGT-VCR,-0.009902996491640104,0.07616618580478007,-0.7864775668979429,-0.21579178541429192,-0.13637504494893282,-0.025322621135850376,VGT,VCR,adaptive,10
VIS-VPU,-0.012141397448720755,0.07897517484501088,-0.7868472285205255,-0.2530915378679708,-0.14738703545880494,-0.03010354425629458,VIS,VPU,ewma,5
VDC-VCR,-0.02502414780154707,0.09513024383768187,-0.7886466466916522,-0.41658793489986307,-0.1846875177869155,-0.05748945311895426,VDC,VCR,ewma,20
VDC-VFH,-0.014537668322887208,0.0817092012536878,-0.7898457864312362,-0.2865389873224809,-0.15202721620127724,-0.035185287580256075,VDC,VFH,standard,5
VFH-VGT,-0.023497428755549332,0.09261084173741567,-0.7936158162123216,-0.40269878144152843,-0.17422490868921525,-0.054149484754830945,VFH,VGT,adaptive,20
VFH-VGT,-0.024104420041780247,0.09284620595854856,-0.7981416071526317,-0.4171901046376285,-0.16372071568852575,-0.0553389052172355,VFH,VGT,adaptive,15
VNQ-VCR,-0.02138083919701563,0.08941139606480056,-0.7983416246546765,-0.38631377178473497,-0.18217246376990504,-0.04957426509294105,VNQ,VCR,standard,15
VPU-VGT,-0.0450500752389947,0.11896007190936649,-0.7990082194251829,-0.608822107704276,-0.15315653590874756,-0.09915911632395369,VPU,VGT,ewma,15
VHT-VOX,-0.010258559528092336,0.07529535747209005,-0.8002958157204914,-0.22315178847111902,-0.13005277062150522,-0.025884187208714216,VHT,VOX,ewma,15
VIS-VDE,-0.01746811172267931,0.08413429345587126,-0.8019097677223206,-0.3429865398754235,-0.15955301200016925,-0.041212387830608876,VIS,VDE,adaptive,20
VHT-VGT,-0.04034263973361421,0.11255129370988365,-0.8026797094530485,-0.5575514787769763,-0.23661011336597404,-0.08929281599265282,VHT,VGT,adaptive,10
VOX-VDC,-0.022783213330350865,0.08962647471132655,-0.8120727002236187,-0.4176903250521565,-0.17341464686068053,-0.05227706212931604,VOX,VDC,standard,15
VCR-VFH,-0.005914186901388961,0.06869501654648028,-0.8139482267037,-0.14358703052866076,-0.09754253104207722,-0.01643332544942888,VCR,VFH,ewma,15
VDE-VAW,-0.01886148539384077,0.08448338498582612,-0.8150890900665699,-0.3527511423239065,-0.20876774615169313,-0.04394599250322595,VDE,VAW,ewma,20
VAW-VNQ,-0.005902804223389933,0.06851189361899526,-0.8159576574291411,-0.1464451340881773,-0.10373852185213972,-0.0163851037226036,VAW,VNQ,standard,5
VDE-VFH,-0.02077677670824137,0.08668815098097152,-0.8164527205543602,-0.3764796318342079,-0.19773368943515057,-0.04797112616887844,VDE,VFH,ewma,15
VAW-VPU,-0.01647894108627802,0.08115059275116135,-0.8192046272554995,-0.33910582686970914,-0.14243469647286688,-0.03883151168550314,VAW,VPU,adaptive,15
VPU-VIS,-0.00837095552232623,0.07124422829391636,-0.8193078501955027,-0.186206544366235,-0.13700824372683718,-0.021616906836147365,VPU,VIS,ewma,5
VDC-VCR,-0.026378876996699042,0.09291625626189397,-0.8220184504788622,-0.4526461495409209,-0.20120973317437096,-0.059650468675377155,VDC,VCR,ewma,15
VIS-VFH,0.007934723086289916,0.05087427648003825,-0.8268476688845962,0.26756763441249737,-0.0851914125669011,0.013403012649227941,VIS,VFH,ewma,15
VFH-VDE,-0.01539845783128726,0.07906366406863498,-0.8271619915630899,-0.31038335397156025,-0.1987365620694168,-0.0364296435613618,VFH,VDE,ewma,10
VOX-VHT,-0.014445598610857325,0.07781925297835672,-0.828144657579546,-0.30221316178578184,-0.10957876715950898,-0.034398935049581914,VOX,VHT,ewma,5
VFH-VNQ,-0.0054460647476335475,0.06678035677106137,-0.8302750603402066,-0.13435797104416097,-0.13481893109792176,-0.015254349956558277,VFH,VNQ,standard,10
VFH-VGT,-0.028029532578189808,0.09388537843945167,-0.8311148538269177,-0.48347538847645094,-0.17614326110283152,-0.06292251389273151,VFH,VGT,adaptive,10
VHT-VGT,-0.04180031540325012,0.11023480444595964,-0.8327707012738729,-0.577352900039211,-0.2021164772517201,-0.09148291982110368,VHT,VGT,adaptive,20
VGT-VFH,-0.027485780854534507,0.09274383190006645,-0.8354817702381235,-0.515470443855828,-0.1566434515914018,-0.06168269072589072,VGT,VFH,ewma,15
VCR-VDE,-0.04156561854095325,0.10912379525614678,-0.8390985515672433,-0.6329111560812013,-0.15923765628346886,-0.0908170378711084,VCR,VDE,adaptive,10
VFH-VCR,-0.008758701373580553,0.06987206395991578,-0.8409469828641277,-0.20601687457237808,-0.11963675992611489,-0.02218544781258114,VFH,VCR,adaptive,20
VIS-VCR,-0.004514884141031907,0.06482442973802013,-0.8409620317733143,-0.1192981080766118,-0.11759243899508487,-0.013160794138289078,VIS,VCR,standard,10
VGT-VIS,-0.015573547569355512,0.07759103571576186,-0.8451175701477952,-0.3509287733559985,-0.09592471547170345,-0.0365396887334567,VGT,VIS,standard,15
VDE-VGT,-0.047759038624963446,0.115599294173718,-0.8456715875622475,-0.6766443316303117,-0.18659197085203305,-0.10334349001993515,VDE,VGT,adaptive,20
VIS-VDC,-0.01690956858084953,0.0790413943998481,-0.8465130086442157,-0.37293673886218665,-0.0978345259840554,-0.03933002238325545,VIS,VDC,adaptive,10
VAW-VNQ,-0.0032373507330505096,0.0628824665611872,-0.8466167700538331,-0.087242378494488,-0.10325706340108942,-0.010384371584919672,VAW,VNQ,ewma,5
VFH-VOX,-0.008005869918007521,0.0684641626981961,-0.8472442754278487,-0.1987717036213224,-0.08145717446196465,-0.020514600590417098,VFH,VOX,adaptive,10
VNQ-VCR,-0.023200561053943556,0.08622048608537172,-0.8489926742173959,-0.42317793012835614,-0.1947863109241802,-0.05250719764582257,VNQ,VCR,adaptive,15
VCR-VFH,-0.010917871734366025,0.07088893378179076,-0.8593424739873006,-0.26812873572101076,-0.09115270951127241,-0.02654242055540279,VCR,VFH,adaptive,10
VDE-VIS,-0.02292065916227414,0.08472063495417796,-0.8607189877851363,-0.4386905719725617,-0.16309801280015146,-0.051726955442862654,VDE,VIS,adaptive,20
VAW-VGT,-0.027398363165211374,0.08982214030601211,-0.861684690450766,-0.49510253372846746,-0.15844774217978874,-0.06103661355615131,VAW,VGT,ewma,10
VIS-VPU,-0.01966191406437079,0.0807997568630439,-0.8621549961152499,-0.38385003070728085,-0.13069010960474947,-0.04489671967018316,VIS,VPU,standard,15
VNQ-VFH,-0.006503706356755293,0.06549410861410691,-0.8627296035079529,-0.16392325994350238,-0.0976773916836845,-0.017172894129340865,VNQ,VFH,standard,20
VNQ-VOX,-0.01845991083900784,0.07916564482224715,-0.8647679304921063,-0.3690643792421455,-0.16299034457670303,-0.04234335985679505,VNQ,VOX,ewma,15
VDC-VOX,-0.026593040278651604,0.08848141919552067,-0.8656398255706214,-0.47727961893354137,-0.15003481297354582,-0.0592996114415284,VDC,VOX,standard,10
VCR-VFH,-0.011552155163183926,0.0705221516988187,-0.8728059720306994,-0.27531279073375153,-0.11328125867576677,-0.027730959317277648,VCR,VFH,adaptive,15
VGT-VPU,-0.048718951930033845,0.11289503164755313,-0.874431323410443,-0.7029563112024126,-0.150925078988437,-0.10449728547237291,VGT,VPU,ewma,15
VHT-VOX,-0.019958551661232064,0.07998373722073189,-0.8746597007359977,-0.4032875738945699,-0.11986132827284646,-0.045335827746778246,VHT,VOX,standard,20
VCR-VAW,-0.011598489428237237,0.07034231670966806,-0.8756960576445006,-0.2683989006864091,-0.1725038503834576,-0.027797961080162303,VCR,VAW,ewma,20
VDE-VGT,-0.052655423301022145,0.11700570440252295,-0.8773540044497915,-0.7451022030037583,-0.19498566502325665,-0.11238904928026583,VDE,VGT,adaptive,10
VGT-VDC,-0.055180021913420974,0.11980018909229123,-0.877962069261783,-0.7762029783550666,-0.23745160065289694,-0.11742750622336828,VGT,VDC,ewma,20
VDE-VIS,-0.026498646476898584,0.08678699289911816,-0.8814528988902881,-0.48746432275620777,-0.17234273008001433,-0.05883948119583937,VDE,VIS,standard,15
VNQ-VCR,-0.026205370544341654,0.08624987765142415,-0.8835417813845831,-0.4720919426264604,-0.18409305127951014,-0.0582021831141023,VNQ,VCR,adaptive,20
VCR-VFH,-0.011976947544279554,0.07005547708712506,-0.8846838266078955,-0.2911027021821631,-0.11598858552252711,-0.028493765918310432,VCR,VFH,adaptive,5
VFH-VNQ,-0.011479097249231527,0.0694432420496591,-0.8853143291505253,-0.24422981362121896,-0.12410428484735969,-0.02746880833682752,VFH,VNQ,ewma,5
VAW-VDC,-0.014412079493091624,0.07246021985711522,-0.88893022433697,-0.34167913560753527,-0.12121002644498524,-0.0335501136060653,VAW,VDC,adaptive,15
VHT-VAW,-0.011045052612078004,0.06864139997863793,-0.8893328607964867,-0.2664306972639848,-0.10008893032842925,-0.02648702444881945,VHT,VAW,standard,20
VCR-VIS,-0.004062317422710272,0.06071908094388843,-0.8903678478379834,-0.10982945763724385,-0.10806497560682637,-0.011757868852763198,VCR,VIS,ewma,15
VGT-VHT,-0.04907712134242183,0.11109100651075748,-0.8918554656611888,-0.7443068847472678,-0.22298193615720707,-0.10477286890985227,VGT,VHT,adaptive,5
VFH-VAW,-0.006239653952180484,0.06293927694116976,-0.8935541792885302,-0.17091776603752534,-0.0773118028849148,-0.016326587510101187,VFH,VAW,adaptive,20
VDE-VGT,-0.05519525748844919,0.11761955125547252,-0.8943688048933501,-0.772074782550004,-0.18659197085203283,-0.11702420276502645,VDE,VGT,adaptive,15
VPU-VDE,-0.035081031034793035,0.09505254869947923,-0.8950946839288606,-0.5985603846761031,-0.1774026772971945,-0.07626894154260488,VPU,VDE,ewma,5
VGT-VCR,-0.019196815394124347,0.07725091317525073,-0.895741066997422,-0.43063721210861006,-0.16172975370228482,-0.0434571981296582,VGT,VCR,standard,20
VOX-VDE,-0.044198835235682875,0.10505676644626848,-0.8966470073477942,-0.6947088472317522,-0.24693740118692642,-0.09481841836092852,VOX,VDE,standard,10
VHT-VGT,-0.049402293778332475,0.11080300449699307,-0.8971082889817302,-0.6809140499877017,-0.21709881283678045,-0.10533363481507596,VHT,VGT,adaptive,15
VDE-VFH,-0.02776848711942383,0.08666098481321534,-0.8973875301214499,-0.5028512826991085,-0.21741918875015387,-0.061213877693410246,VDE,VFH,ewma,20
VDE-VDC,-0.04201395245779393,0.10237123928996443,-0.8988262044690718,-0.6151457867199014,-0.20543798838540916,-0.09037313208057762,VDE,VDC,standard,15
VFH-VIS,0.004436815088043643,0.05059583342411229,-0.9005323527340581,0.1459972713840744,-0.05132223278154868,0.006352183547650547,VFH,VIS,adaptive,20
VGT-VDE,-0.05594305696924827,0.11753014950495685,-0.9014117434163565,-0.7976564228268325,-0.19285676298595855,-0.1183189960615959,VGT,VDE,ewma,20
VCR-VDC,-0.03345561360861357,0.09252144988174293,-0.9020136813169595,-0.5998685529656549,-0.1766258100452005,-0.07281371716069429,VCR,VDC,ewma,20
VFH-VPU,-0.027077725015912452,0.0853814117982512,-0.9027459653400944,-0.5224400951008976,-0.13581698626225858,-0.059688876334022756,VFH,VPU,adaptive,10
VOX-VGT,-0.01897840649873175,0.07618005220654082,-0.9054654663627184,-0.40079633377146623,-0.13917109868218913,-0.042890585096773015,VOX,VGT,adaptive,10
VDE-VOX,-0.04080678780612077,0.09996190053979687,-0.9084139788835717,-0.6526418225551549,-0.18579123005598963,-0.08769388641227671,VDE,VOX,standard,20
VIS-VPU,-0.01987441214855772,0.07672911088235074,-0.9106636496244115,-0.4312144337099134,-0.15560675997406226,-0.044679520499455117,VIS,VPU,ewma,20
VCR-VDE,-0.04428513863598186,0.10258688107214656,-0.9190759836988672,-0.7197093028837407,-0.20102386655907434,-0.09450561915672817,VCR,VDE,ewma,20
VHT-VPU,-0.01665179690638468,0.07235957339573276,-0.9211192628495412,-0.35691197057020596,-0.09916982601403912,-0.037876511797505175,VHT,VPU,ewma,20
VAW-VDC,-0.01978535111585469,0.07570740319517155,-0.9217771072658508,-0.43791559928998147,-0.12836783482396996,-0.04436570177783017,VAW,VDC,standard,5
VCR-VFH,-0.014702847881636196,0.07002991499842817,-0.9239315495826095,-0.35531934728030956,-0.10204112556147804,-0.03378344026279745,VCR,VFH,adaptive,20
VGT-VPU,-0.05728853572701856,0.11517396248061777,-0.9315346404364068,-0.7896499145406399,-0.21737481231981326,-0.12021223716200335,VGT,VPU,ewma,5
VGT-VDC,-0.06611691334220002,0.1245788966832605,-0.9320753067626297,-0.9156162158974215,-0.2150309499560652,-0.137564316727122,VGT,VDC,standard,10
VIS-VOX,-0.009964029210641167,0.06416594760050481,-0.9345148237188879,-0.2538876118783783,-0.09769756476358593,-0.02379869713619076,VIS,VOX,standard,15
VGT-VNQ,-0.05172397227413449,0.10882009960959857,-0.9347902881827704,-0.8173326045538315,-0.19728957996852614,-0.10906025047296808,VGT,VNQ,ewma,15
VFH-VAW,-0.006075170627116604,0.05997951953906075,-0.9349052986427888,-0.15880906264121816,-0.0690171384576661,-0.015651371284730486,VFH,VAW,ewma,5
VDE-VPU,-0.04496267919129147,0.10113769794050119,-0.9389444403525727,-0.6639667094912924,-0.237415746224811,-0.09549982152074754,VDE,VPU,adaptive,20
VDE-VIS,-0.02944600577182147,0.08457986578312249,-0.9393016297227856,-0.5786545716829041,-0.1444317089494186,-0.06402094513047885,VDE,VIS,standard,20
VGT-VAW,-0.038670857233739524,0.09415236770824104,-0.9417804288099515,-0.7576533713354736,-0.1605973336983526,-0.08272345072079146,VGT,VAW,standard,10
VIS-VOX,-0.008036588782404574,0.06162141440702438,-0.9418250025723008,-0.2088127827371474,-0.09881024539215488,-0.01970637246617457,VIS,VOX,ewma,15
VHT-VNQ,-0.007703241954866733,0.06107434285680836,-0.9448033209322392,-0.20342173603697006,-0.09361348700610672,-0.01898449063507257,VHT,VNQ,ewma,15
VFH-VGT,-0.033407132109400155,0.08827723555475539,-0.9448317177724203,-0.6206840385171997,-0.16306577290768476,-0.07201067914369486,VFH,VGT,ewma,5
VHT-VNQ,-0.008465366207247924,0.06186383529255427,-0.94506533471074,-0.22142121647438678,-0.11005765953811864,-0.020577976445459223,VHT,VNQ,adaptive,15
VGT-VDC,-0.06677996966124276,0.122461929301374,-0.953602236445678,-0.9049661094914362,-0.28718999297906234,-0.13827435838003532,VGT,VDC,adaptive,5
VHT-VPU,-0.01794467113344721,0.071117074538115,-0.9553918179948814,-0.40132909650989035,-0.13052365785374287,-0.0401911042625448,VHT,VPU,ewma,10
VDE-VHT,-0.04188798909874173,0.09616336606570598,-0.9555404813508397,-0.6741626657541158,-0.2406401593378309,-0.08899979081758025,VDE,VHT,ewma,20
VAW-VPU,-0.03072994716494041,0.0844828782108984,-0.9555776137670234,-0.5943756145378697,-0.19480226272683376,-0.0664134766957758,VAW,VPU,standard,15
VNQ-VIS,-0.012460207520760056,0.06526580253867797,-0.9570127860412769,-0.30714411811697867,-0.08934830505374047,-0.028808888356922302,VNQ,VIS,standard,20
VDE-VGT,-0.06893671936600644,0.12411648344056765,-0.9582669124118266,-0.9159108932549159,-0.23503257428466096,-0.14236659343083502,VDE,VGT,standard,5
VDC-VCR,-0.04637388834646011,0.1002321306927939,-0.9615069307649546,-0.7356579626410008,-0.19968620842873697,-0.09787061948239939,VDC,VCR,adaptive,5
VDE-VCR,-0.05285252659031099,0.1066685368842667,-0.964225530738309,-0.7884242343382009,-0.19730698840447358,-0.11069272733537305,VDE,VCR,adaptive,15
VIS-VPU,-0.028188396287548455,0.08092459850504331,-0.966188250939245,-0.5493555190424495,-0.1773152910602892,-0.06109978264909566,VIS,VPU,standard,10
VHT-VIS,-0.019493214320273254,0.0718591173814919,-0.9670758124030612,-0.42315837219590974,-0.15286307499193785,-0.04327104564387907,VHT,VIS,adaptive,10
VOX-VGT,-0.02276086885336077,0.0751766599868243,-0.9678651441300137,-0.4820464022541994,-0.13258450352632256,-0.049980197271967786,VOX,VGT,ewma,20
VDC-VIS,-0.02608556388224636,0.07858259666581392,-0.9682240993615078,-0.5525176207539287,-0.11530508830478359,-0.05676880875090129,VDC,VIS,ewma,5
VGT-VHT,-0.05223167284511766,0.10557414525280279,-0.9683400476538887,-0.837784877410745,-0.19879577545318683,-0.10934754768552246,VGT,VHT,ewma,15
VNQ-VHT,-0.008344638302126358,0.06021238839654142,-0.9689806343154067,-0.22510007003496016,-0.0847709210575025,-0.02014289034725336,VNQ,VHT,ewma,20
VDC-VGT,-0.06989159400845771,0.12325611844232695,-0.9727029824045319,-0.8838513874059166,-0.2506178134528201,-0.143850324364726,VDC,VGT,standard,10
VGT-VPU,-0.0652572261269159,0.11827524121371026,-0.9744831204246605,-0.8957549351754622,-0.20907506459361125,-0.13477519182126885,VGT,VPU,ewma,20
VFH-VOX,-0.01352703420182307,0.06513834929335838,-0.9752631881370133,-0.3344179106221915,-0.08567503422247624,-0.030865801418163308,VFH,VOX,ewma,20
VGT-VHT,-0.055101278106811216,0.10775660665973613,-0.9753580904666965,-0.86772865467513,-0.18841917918175854,-0.11486940840988202,VGT,VHT,ewma,20
VCR-VHT,-0.0392042774876201,0.09106451475249334,-0.9795723145296573,-0.6741967878568881,-0.18069659104543623,-0.0832079260709565,VCR,VHT,standard,15
VGT-VDE,-0.06337393954480292,0.1157020679051027,-0.9798782476194862,-0.8902812168459754,-0.16596294398629452,-0.13099079525953405,VGT,VDE,ewma,15
VAW-VDE,-0.03777652386171279,0.08948452925249196,-0.980912841526384,-0.6885165406743162,-0.220790056502704,-0.08030914395316457,VAW,VDE,adaptive,5
VOX-VGT,-0.026261084164416942,0.07747968106663838,-0.9842720454518469,-0.5440650824614716,-0.14330921737558056,-0.056949579303651854,VOX,VGT,standard,10
VDC-VOX,-0.03462918384973488,0.0858867724059007,-0.9853575990698252,-0.6467144139017903,-0.1714761192676404,-0.07390666513676858,VDC,VOX,adaptive,15
VGT-VDC,-0.06532801971479883,0.11684182796801022,-0.9870439526705632,-0.9410635232800357,-0.25208087554079894,-0.13459234264752584,VGT,VDC,ewma,15
VOX-VCR,-0.012825406803333435,0.06356893522281025,-0.9883035885866144,-0.3320815087857471,-0.07457337026411492,-0.029307629207039998,VOX,VCR,standard,10
VNQ-VPU,-0.012659816399837586,0.06336725288712446,-0.9888359293632777,-0.3485646625100197,-0.11893781738713038,-0.02895443938102571,VNQ,VPU,standard,15
VFH-VDC,-0.02707535225881404,0.0779028478377281,-0.9893778520056447,-0.584997082856593,-0.13171031679429523,-0.05853281098391516,VFH,VDC,adaptive,20
VDE-VCR,-0.054104748487470045,0.1050353621848522,-0.9911399963019651,-0.8286735577054222,-0.21229570570218292,-0.11261007312796567,VDE,VCR,standard,20
VDE-VPU,-0.05146661177823537,0.10221628546573426,-0.9926658097182546,-0.7527822585234898,-0.23195235921500224,-0.10741134766460847,VDE,VPU,adaptive,15
VOX-VDE,-0.05447765203967759,0.10520389247511212,-0.9930968292299034,-0.8310442640229799,-0.23112207501384396,-0.11331001895170434,VOX,VDE,adaptive,5
VNQ-VOX,-0.03288603216858252,0.08336588598726065,-0.9942440026517384,-0.6272656733002162,-0.17527305500984547,-0.07027045262546427,VNQ,VOX,standard,10
VFH-VHT,-0.02328888159163532,0.07356186365795027,-0.9962890816961314,-0.5235901733865075,-0.1818634167973604,-0.05074343181667673,VFH,VHT,standard,15
VHT-VPU,-0.02194641099837284,0.07219941968527373,-0.9964956963919678,-0.4826661763761627,-0.10621098006657514,-0.04800612056803366,VHT,VPU,ewma,15
VDE-VIS,-0.03607160440646349,0.08586729537936295,-1.002379357894037,-0.6855923652697239,-0.154372901156264,-0.07657429578995911,VDE,VIS,adaptive,15
VNQ-VIS,-0.015255752758916451,0.06507911522551245,-1.002714196909283,-0.37058734912452024,-0.11543541569006732,-0.034211621101405076,VNQ,VIS,ewma,20
VGT-VHT,-0.061473303417336235,0.11113240970443307,-1.0030674554237575,-1.013176389750757,-0.19247035429270665,-0.12672861195949758,VGT,VHT,standard,10
VNQ-VCR,-0.0365134935045831,0.08609695495545451,-1.0048380172021656,-0.6585286870179801,-0.19695587973772466,-0.07743574737274894,VNQ,VCR,adaptive,10
VFH-VPU,-0.033417363470743575,0.08273897073305327,-1.0081991923718634,-0.646359341348596,-0.13747615669703128,-0.07115978576142956,VFH,VPU,standard,20
VFH-VCR,-0.02120143966851507,0.07057175310560397,-1.0089226430576097,-0.4924670169129904,-0.11418436408156285,-0.04636104140424013,VFH,VCR,adaptive,15
VIS-VGT,-0.029983548037031328,0.07885792469344181,-1.01427406754572,-0.6339984978478733,-0.13970774374821204,-0.06415603429423056,VIS,VGT,standard,15
VFH-VDE,-0.038737848002886925,0.08744588308081178,-1.0147744510840055,-0.701293546965688,-0.12541513952580174,-0.08175203075257431,VFH,VDE,adaptive,20
VDE-VOX,-0.052513795151045164,0.10060545422879984,-1.0189685632540884,-0.8403103772783401,-0.22335344640030375,-0.10896453058489874,VDE,VOX,ewma,10
VOX-VGT,-0.026125811858285206,0.07466647862005005,-1.019544690806448,-0.5505652353240043,-0.09153892709067046,-0.05629443497397135,VOX,VGT,ewma,15
VHT-VNQ,-0.01303892638246619,0.06161804559840395,-1.0230594912620699,-0.34076335152970433,-0.11005765953811786,-0.029484624796968117,VHT,VNQ,adaptive,20
VFH-VPU,-0.027957053876996645,0.07598623903672677,-1.025936470409034,-0.55472395138409,-0.1275541683667092,-0.05993867011815979,VFH,VPU,ewma,15
VFH-VDC,-0.01907199096490318,0.06724332614604667,-1.0271947407075726,-0.4297723711940679,-0.12185290948276972,-0.041849141203179396,VFH,VDC,ewma,15
VCR-VDE,-0.058391860994043684,0.10545632574982712,-1.0278365022045282,-0.8817835391078457,-0.19705555721417556,-0.12028817431019478,VCR,VDE,adaptive,5
VAW-VPU,-0.03376202376551942,0.08136481872457306,-1.0294624271094492,-0.6768109567799248,-0.17014564889955563,-0.07158838220717001,VAW,VPU,adaptive,20
VAW-VDC,-0.022374546738300614,0.07022368023677002,-1.0306287920866373,-0.5544959833759794,-0.11250086405014015,-0.04854525474469529,VAW,VDC,ewma,15
VDC-VDE,-0.0557488037265648,0.10244534320944332,-1.0322460778950946,-0.8795235110134095,-0.2748504124475819,-0.11504518288952281,VDC,VDE,standard,15
VDC-VFH,-0.029154896519303912,0.0766713571359118,-1.0323920102130137,-0.6780178735257635,-0.15881244218689172,-0.062259759791660874,VDC,VFH,ewma,5
VDE-VDC,-0.05147674953144775,0.09828592446755612,-1.032464720469154,-0.9433780956772407,-0.21405449790319797,-0.10665812633192695,VDE,VDC,ewma,10
VPU-VHT,-0.031567749013539384,0.07857248298885092,-1.0381210560077812,-0.6364110452260487,-0.15415726212287817,-0.06708681952021689,VPU,VHT,standard,20
VDC-VCR,-0.05037987298519241,0.09669130153936155,-1.038147913898224,-0.8174071543304897,-0.22230096774000807,-0.10445886233763246,VDC,VCR,adaptive,10
VHT-VIS,-0.02290195468615691,0.07012939826092134,-1.0395348668887767,-0.507109603589237,-0.12245356949390684,-0.04955075129661046,VHT,VIS,standard,20
VGT-VDC,-0.08027282771972863,0.1251240112744729,-1.0411497073408331,-1.041119421548012,-0.30384216858133883,-0.16182972568781984,VGT,VDC,standard,20
VFH-VNQ,-0.025791685471075024,0.07265070207007435,-1.0432340405736347,-0.6201131762422857,-0.1293937819023293,-0.05534970424375418,VFH,VNQ,adaptive,20
VAW-VHT,-0.02366902053055121,0.07045435565548992,-1.045627624369747,-0.5681835406561131,-0.14067219676675125,-0.051047566390365895,VAW,VHT,standard,5
VDE-VDC,-0.053005733723870116,0.09850040273134074,-1.0457392139280646,-0.9285711570796666,-0.19415689802810465,-0.10943836043581112,VDE,VDC,standard,20
VDE-VOX,-0.053876510806139186,0.09925179007399873,-1.0465958420366264,-0.8392050045045327,-0.19786024481715958,-0.11116294680665817,VDE,VOX,adaptive,20
VDE-VOX,-0.058767121411576785,0.10379489302346505,-1.0479043644949622,-0.8836111166292607,-0.25127604713296836,-0.1206484977061838,VDE,VOX,standard,15
VPU-VFH,-0.03516669331204576,0.08125539413665182,-1.0481358710637234,-0.6889356987388178,-0.14219868468238273,-0.07419024146885789,VPU,VFH,standard,5
VDC-VGT,-0.07500399556572909,0.11920494802462597,-1.0486477083141303,-0.9990404646187567,-0.20756426603317313,-0.15171506705103177,VDC,VGT,adaptive,20
VDE-VPU,-0.05376196467121759,0.09852118542116133,-1.0531944396289263,-0.9294471789800266,-0.1524861854235734,-0.11080033213827878,VDE,VPU,standard,20
VHT-VNQ,-0.015133048619460887,0.061811801474075556,-1.0537316024801227,-0.40164527898263314,-0.10482347865196673,-0.03357111404883739,VHT,VNQ,ewma,20
VCR-VGT,-0.02630838851997943,0.07239492887536025,-1.054057096338292,-0.5686845770341761,-0.1384537513742521,-0.05631789138882459,VCR,VGT,ewma,10
VGT-VIS,-0.03296542421790106,0.07870811060165372,-1.0540898972634956,-0.6930785713354903,-0.17202554327808217,-0.06971183995213115,VGT,VIS,adaptive,10
VIS-VNQ,-0.022868664789092812,0.06907892696984305,-1.0548609827263846,-0.5837848646615525,-0.12008455096108084,-0.049332294214819994,VIS,VNQ,adaptive,10
VAW-VGT,-0.05020094345672681,0.09493580230226759,-1.0554600164192576,-0.8448167164064836,-0.1777728416221891,-0.10383851157957003,VAW,VGT,standard,20
VPU-VNQ,-0.019154860866718103,0.0651969349831742,-1.0607072385314635,-0.5098993042206559,-0.07859836355730199,-0.04173809845625487,VPU,VNQ,standard,5
VAW-VDC,-0.029438242596460468,0.07469557625628995,-1.063493269318892,-0.6659886835047237,-0.12861806021170785,-0.06252990147050597,VAW,VDC,adaptive,5
VFH-VCR,-0.024385626198072125,0.06945763626203658,-1.0709495773430024,-0.5865007633115232,-0.1391245955542253,-0.05227748849591862,VFH,VCR,standard,10
VOX-VDC,-0.04552657823540839,0.0891655577345638,-1.071339434894588,-0.878517163619393,-0.20136315684559325,-0.09442580786964816,VOX,VDC,standard,5
VDE-VNQ,-0.0522896696750406,0.09545106635614557,-1.071645122259597,-0.8256692181698025,-0.2337833317326785,-0.10767802915648661,VDE,VNQ,adaptive,20
VAW-VPU,-0.03866685036215074,0.08221028030638945,-1.0785372587430462,-0.7860980200887746,-0.16090926078480627,-0.08079661069393218,VAW,VPU,adaptive,10
VDE-VPU,-0.059296274138004666,0.10121866063788337,-1.0798035999411162,-0.8701095140550064,-0.24150943940547553,-0.12113226740762195,VDE,VPU,adaptive,10
VFH-VDC,-0.023671057861913612,0.06799171838433732,-1.0835298711744952,-0.5255972169846201,-0.0995688901090509,-0.050736578554644085,VFH,VDC,ewma,20
VFH-VCR,-0.027134828722858835,0.07100666978411335,-1.0863039902783407,-0.6284372313460721,-0.13226147714049608,-0.05769221732154606,VFH,VCR,adaptive,10
VDE-VCR,-0.06515326400566873,0.10597247898547242,-1.0866336723278396,-0.9719649657689976,-0.20217282543274306,-0.1322243936250228,VDE,VCR,adaptive,10
VHT-VAW,-0.02380403371123602,0.0678597138183211,-1.0875971848161554,-0.578154821499376,-0.08966083417976889,-0.050963760088497456,VHT,VAW,standard,15
VIS-VPU,-0.035133231595606336,0.0782469137847049,-1.0880075325379472,-0.7464563544313834,-0.1534641388591721,-0.07367052360848092,VIS,VPU,ewma,15
VDE-VAW,-0.04314657089708259,0.0855717131780089,-1.0885205804319493,-0.8050656643325089,-0.22718086030186324,-0.08953190631239194,VDE,VAW,ewma,10
VDC-VAW,-0.0296239172297212,0.07309760777138082,-1.089282120951919,-0.6621497488489999,-0.11045469330775504,-0.06266027310015632,VDC,VAW,ewma,5
VGT-VOX,-0.030531097378527553,0.07386499100956234,-1.0902471695705236,-0.7358425747909988,-0.12057463849983496,-0.06445841467914903,VGT,VOX,ewma,10
VFH-VNQ,-0.016643000831791085,0.0611093105726885,-1.0905539631726056,-0.433452161287447,-0.09995304731643462,-0.03640923075871627,VFH,VNQ,ewma,20
VPU-VDE,-0.06549646014193748,0.1058115653125001,-1.0915296432940413,-1.075531367571018,-0.21272763082247947,-0.13276289825264442,VPU,VDE,standard,10
VHT-VGT,-0.06831256155898059,0.10807029005195247,-1.094774165055949,-0.9552194516245824,-0.26089989556202653,-0.13809517509277414,VHT,VGT,ewma,20
VNQ-VOX,-0.043404971515612796,0.08515522340020805,-1.0968789439566493,-0.8180083633674288,-0.17969572473934714,-0.08994177478748189,VNQ,VOX,standard,5
VFH-VGT,-0.05362952173878311,0.09446639777923165,-1.0969987654336697,-0.8886070331488543,-0.15168517367443324,-0.10989355705260417,VFH,VGT,adaptive,5
VAW-VNQ,-0.021717667468760585,0.06536447358752914,-1.097196436114855,-0.550401496685416,-0.10862189236991338,-0.046670390686258,VAW,VNQ,adaptive,15
VPU-VGT,-0.07866105586204537,0.11703988378696902,-1.099292409553556,-1.0757996192470904,-0.20925616135649117,-0.1574716184827205,VPU,VGT,adaptive,5
VPU-VAW,-0.033044465002247926,0.07547454690974433,-1.1002976288357984,-0.6935604512975384,-0.11359635163326187,-0.06939929455249161,VPU,VAW,ewma,5
VAW-VPU,-0.03843399163862983,0.08034157966232536,-1.1007250792219512,-0.7782356826115182,-0.15835408359590053,-0.08008894608507977,VAW,VPU,ewma,20
VGT-VCR,-0.032840758305120656,0.0751481794266089,-1.1023654722869825,-0.7528051850159639,-0.1567227889513063,-0.06896190637155575,VGT,VCR,ewma,20
VDC-VAW,-0.03219358461486647,0.07445020790593516,-1.1040074558114692,-0.6653766676871277,-0.12685444531937662,-0.06767011801556166,VDC,VAW,standard,15
VNQ-VGT,-0.0704792509554339,0.10911813211170054,-1.1041176074394612,-0.9740468177846388,-0.23358022248884458,-0.14204234639737456,VNQ,VGT,ewma,15
VDE-VDC,-0.06133127935953867,0.10079926641247279,-1.1044850158330382,-0.8844801285872284,-0.26123967575650575,-0.1246438422863736,VDE,VDC,adaptive,20
VIS-VHT,-0.027062526368884652,0.06963808678218153,-1.1066146404901347,-0.6866643468715514,-0.15658646067857118,-0.057364743953886244,VIS,VHT,adaptive,10
VDE-VGT,-0.08434590030478495,0.12119381234568795,-1.1085211175763863,-1.1279257190726324,-0.2733869981896041,-0.16785949733834815,VDE,VGT,standard,10
VPU-VGT,-0.08086395003355439,0.11791966072404945,-1.1097721044143483,-1.0464817915880633,-0.20702584377814282,-0.16137770821084008,VPU,VGT,ewma,20
VGT-VNQ,-0.07411243586854187,0.11154527762024906,-1.1126641890755526,-1.1180483094242393,-0.22004172458087745,-0.14867610644978102,VGT,VNQ,ewma,20
VGT-VDE,-0.07520109020013632,0.11252105825480915,-1.1126903011933342,-1.1192485614971845,-0.21687098271372063,-0.15072715191479613,VGT,VDE,ewma,5
VOX-VNQ,-0.04765903850132746,0.08746410949374611,-1.1165612851556017,-0.8903131420575126,-0.1968466449166545,-0.09802403506413526,VOX,VNQ,standard,5
VOX-VPU,-0.05701582594622785,0.0956851227314762,-1.1184165614392247,-0.9734540484108717,-0.2187797293724626,-0.11611367287807917,VOX,VPU,standard,15
VDC-VDE,-0.06833440749074556,0.10538131605744944,-1.1229163946504004,-1.1099506577181728,-0.2356382282621512,-0.13760220938694445,VDC,VDE,standard,5
VAW-VDE,-0.0481696014404049,0.08734332246897343,-1.1239508489647523,-0.8979694593331661,-0.1827694732783849,-0.09892646756663315,VAW,VDE,ewma,20
VFH-VPU,-0.04805018788297128,0.08719935102536848,-1.1244371286025512,-0.8474130359825544,-0.15942442322323458,-0.09870527762360859,VFH,VPU,standard,5
VAW-VDC,-0.031052595772416564,0.07207885141865145,-1.1244989921057893,-0.7127812111067302,-0.13618628230663343,-0.06520314686041218,VAW,VDC,ewma,10
VDE-VOX,-0.06332839136405231,0.10072660465112797,-1.1251088206196491,-0.9812256779158145,-0.1978602448171588,-0.1281003946275313,VDE,VOX,adaptive,15
VOX-VDC,-0.04450061038695019,0.08397349410541081,-1.1253623705156865,-0.8571638935181833,-0.15138847113339726,-0.09175125983171206,VOX,VDC,ewma,5
VHT-VAW,-0.027239553760237692,0.06851895476145745,-1.1272727966902034,-0.649950425145442,-0.10509933698167995,-0.05756149348880091,VHT,VAW,standard,10
VPU-VGT,-0.08940180983300343,0.12362868011088192,-1.1275847134174253,-1.1262054924172469,-0.19920373328727958,-0.17676497749049846,VPU,VGT,standard,10
VIS-VNQ,-0.030571556777435057,0.07127313267568121,-1.1304618409866314,-0.7393332165576851,-0.1215700731243392,-0.0641868078773894,VIS,VNQ,standard,5
VGT-VFH,-0.05717878136497232,0.09478044460167803,-1.1308111268669312,-1.0190118509063995,-0.2154547457273427,-0.1162387041296179,VGT,VFH,adaptive,5
VDC-VCR,-0.06390875067272192,0.10057850360262688,-1.1325357466319155,-0.9865885161183463,-0.23756838795294288,-0.12909114206137073,VDC,VCR,standard,5
VCR-VDC,-0.05827293914983333,0.09543396176486121,-1.1345325830295705,-1.0057089751454298,-0.21386965031544314,-0.11828900242791773,VCR,VDC,adaptive,20
VFH-VAW,-0.02330278754467611,0.06455769531229744,-1.1354616547272065,-0.5687991922062743,-0.14844054471467438,-0.04959861207100191,VFH,VAW,adaptive,5
VGT-VHT,-0.07735745513666926,0.11216129956952049,-1.1354848385804388,-1.1259073236347334,-0.2667397011720338,-0.15431847937371623,VGT,VHT,standard,20
VAW-VPU,-0.04347252724603585,0.08231589426005882,-1.1355343714147124,-0.8787022910892781,-0.17169040788689693,-0.08962401541911791,VAW,VPU,adaptive,5
VHT-VIS,-0.029491513580675813,0.06985338764922239,-1.1379764998635782,-0.6405626510186726,-0.11714031774966394,-0.06198597148902241,VHT,VIS,adaptive,5
VOX-VDE,-0.07098634683094537,0.10595366091480031,-1.1418798160096904,-1.1099450118517604,-0.21202826394636187,-0.14230146799535714,VOX,VDE,standard,5
VFH-VOX,-0.027626779002229988,0.06786405668379863,-1.1438570400222186,-0.6790736612193317,-0.108795581385008,-0.05820801402002296,VFH,VOX,standard,20
VDE-VFH,-0.05076426618561273,0.0880640995127591,-1.1442150290881419,-0.9037490639556239,-0.20435209303930613,-0.10372097748923714,VDE,VFH,ewma,10
VCR-VIS,-0.022944328155844722,0.06371498867910629,-1.1448535057146598,-0.6138634056282227,-0.12942565038339815,-0.04880867441627901,VCR,VIS,adaptive,10
VGT-VFH,-0.06089713814508678,0.09680709452690102,-1.145547634572075,-1.0272163635791909,-0.19217960162479764,-0.12314803534121066,VGT,VFH,standard,20
VNQ-VIS,-0.02629831831783125,0.06642781135474884,-1.1485899770258914,-0.6325809561030937,-0.12460360977745233,-0.055517765239010974,VNQ,VIS,adaptive,10
VNQ-VFH,-0.0349155257401329,0.07391039354693439,-1.1488983032705682,-0.6644137078888751,-0.16230129354277023,-0.07269373759591546,VNQ,VFH,standard,15
VDE-VIS,-0.04777726433662158,0.08507189018265807,-1.1493486758867557,-0.9116756929724513,-0.16595355823083957,-0.09786530761909029,VDE,VIS,adaptive,10
VCR-VGT,-0.028676657462500137,0.06835269115633184,-1.1510396464501442,-0.6687568657206444,-0.13690588698261474,-0.06025282856787917,VCR,VGT,ewma,5
VNQ-VGT,-0.0788624757961278,0.11190925135993983,-1.1514908216270727,-1.091490046456718,-0.23156347465008198,-0.15685088835488592,VNQ,VGT,ewma,5
VDE-VCR,-0.07153673976004304,0.10549959349024617,-1.1520114508429786,-1.0860533172936921,-0.24412659732698738,-0.14316715172365446,VDE,VCR,ewma,10
VOX-VDC,-0.05366407951481137,0.08994593720472055,-1.1525154191107905,-0.9427728153657584,-0.12970432687885336,-0.10921318460603813,VOX,VDC,standard,10
VDE-VDC,-0.06243502332864744,0.09752486831412477,-1.1528856718524085,-0.9374925454188815,-0.2359479870094443,-0.12600851822301717,VDE,VDC,ewma,15
VDC-VNQ,-0.019358964311553328,0.06013637537819859,-1.1533612372770006,-0.5287828924707048,-0.11019169852867783,-0.04152485484873181,VDC,VNQ,standard,15
VAW-VNQ,-0.02761625323444192,0.06719096992240146,-1.1551589941934244,-0.6993779936289644,-0.09599575815723504,-0.05809973889055664,VAW,VNQ,adaptive,5
VHT-VCR,-0.04956582227300776,0.08618499872242782,-1.1552569907632637,-0.8884940504624865,-0.16616635461168694,-0.1012686584929946,VHT,VCR,ewma,15
VDC-VGT,-0.0937579456477476,0.12436055340112817,-1.1559770499255713,-1.1047489357670721,-0.27219037112423305,-0.1840915330878301,VDC,VGT,standard,15
VHT-VOX,-0.03583150697695188,0.07414487738691326,-1.1576188403286958,-0.7547794937990253,-0.14682907998167183,-0.07439967749003418,VHT,VOX,ewma,10
VCR-VAW,-0.033500780430746765,0.0719811138625008,-1.160037347994516,-0.7537659514458721,-0.19706336856296047,-0.06976772622013006,VCR,VAW,adaptive,15
VIS-VAW,-0.006147983438336237,0.04839026869587626,-1.1603155955015612,-0.21309830238401858,-0.06977585721608115,-0.014554788467616264,VIS,VAW,adaptive,10
VGT-VPU,-0.08861124100562995,0.11933667014638646,-1.1615142339366424,-1.1789860949973139,-0.2615268932587502,-0.17456320410169135,VGT,VPU,adaptive,5
VIS-VDC,-0.03556521224100167,0.07366681870030861,-1.1615163210603412,-0.839235205012539,-0.143226171286156,-0.0738243252464359,VIS,VDC,ewma,20
VFH-VAW,-0.017050219237728658,0.057695165694781135,-1.1621462288961535,-0.47627605227518277,-0.1115944491219154,-0.036804531853504185,VFH,VAW,ewma,20
VOX-VCR,-0.01940148023554862,0.059660906629563,-1.1632655981322109,-0.5512358531614479,-0.1004533955706538,-0.04155201491351357,VOX,VCR,ewma,15
VDC-VNQ,-0.017804725180336357,0.05825948462627654,-1.163840113164246,-0.4863658766872837,-0.10018340932441294,-0.03832480580730435,VDC,VNQ,ewma,15
VGT-VPU,-0.09381640042288748,0.12278388533123188,-1.1712970316496867,-1.1910516604720935,-0.26823475935080443,-0.18382000482041128,VGT,VPU,standard,20
VPU-VCR,-0.059849109632652775,0.09375395568899837,-1.171674398433335,-0.9752073891440163,-0.1524422141750309,-0.12081228671985123,VPU,VCR,ewma,5
VDE-VPU,-0.07496429953834981,0.10624541288079878,-1.1761853632076567,-1.173798193905879,-0.23765416550973928,-0.14915396235756584,VDE,VPU,standard,10
VDE-VAW,-0.050297306189115834,0.08525268094767449,-1.1764709927500723,-0.9177727432279343,-0.22768484756263407,-0.1024429827281943,VDE,VAW,ewma,15
VIS-VDE,-0.04443607698462282,0.0800770804207664,-1.1793146864047335,-0.9214609141815234,-0.20310562810595445,-0.09105095361910343,VIS,VDE,ewma,5
VGT-VIS,-0.041721225462410104,0.07775391035030875,-1.17963488973318,-0.9193394487198793,-0.15497652614162327,-0.08575414922594649,VGT,VIS,ewma,20
VIS-VGT,-0.03785218501249075,0.07443034085141455,-1.180327592317093,-0.8198260400670836,-0.1602230841783696,-0.07817710964789149,VIS,VGT,ewma,15
VNQ-VGT,-0.08445079477766543,0.11344732399392733,-1.185138529886014,-1.1779143861573438,-0.2592787181309759,-0.1665191309503753,VNQ,VGT,ewma,10
VGT-VNQ,-0.08481394639324694,0.11371992054208435,-1.1854910357887232,-1.230674693862931,-0.2834949164113859,-0.16715891293381013,VGT,VNQ,adaptive,5
VPU-VOX,-0.05122387074631485,0.0852624027631622,-1.1872040602408263,-0.9433192391034443,-0.1355912798514991,-0.10410903028004226,VPU,VOX,ewma,5
VDC-VDE,-0.07101979164776384,0.10186473521144895,-1.1880440409190982,-1.1912429399960647,-0.20727640063434272,-0.14160128031026653,VDC,VDE,ewma,5
VFH-VIS,-0.00669537060671555,0.04759266914990137,-1.1912626801439448,-0.2317935726617257,-0.06634138933007261,-0.015559709984512504,VFH,VIS,ewma,20
VOX-VPU,-0.055613023066056644,0.08849126058169544,-1.1934853495340854,-0.997003542971749,-0.21326363690443972,-0.1124512577384893,VOX,VPU,ewma,5
VFH-VGT,-0.0626569609565695,0.09419274134800941,-1.1960259287957362,-1.0479014375211226,-0.2328402973593463,-0.1258098138745265,VFH,VGT,standard,20
VHT-VGT,-0.0811375745925067,0.10947473645438296,-1.197879792541454,-1.1421866386106203,-0.22987067594214894,-0.16022626721200273,VHT,VGT,standard,20
VHT-VIS,-0.03438729161987974,0.07043770370564865,-1.198041491706272,-0.7366759615347712,-0.11614534116877517,-0.07122185728133856,VHT,VIS,adaptive,20
VGT-VOX,-0.04238707376153703,0.07710326030144389,-1.1982252553308292,-0.9397908848265816,-0.12474160659821498,-0.08687773939229082,VGT,VOX,standard,10
VGT-VCR,-0.03961854643487815,0.07471715714619963,-1.1994373161109546,-0.9141333801723911,-0.1468464345934618,-0.08146393559814769,VGT,VCR,standard,15
VPU-VDC,-0.03054014320237254,0.06702444194164894,-1.2016533203288766,-0.7140925155837453,-0.13330532633044034,-0.06359063446539504,VPU,VDC,standard,15
VHT-VGT,-0.07341281170012305,0.10265089920524319,-1.2022574829409713,-1.0319386870773306,-0.23345798377808324,-0.1459154176395655,VHT,VGT,ewma,10
VIS-VGT,-0.04502470954154959,0.07889431079360211,-1.2044557913706433,-0.9704408565653666,-0.2343686989999657,-0.0919504646090098,VIS,VGT,standard,5
VHT-VOX,-0.04814062204142727,0.08129507414883798,-1.207214865955443,-0.9237674610429709,-0.15284369002397535,-0.09795891190467376,VHT,VOX,adaptive,10
VDE-VOX,-0.07188527452303566,0.10095179944169135,-1.2073610891248667,-1.112451839993239,-0.20891541013687853,-0.14296703617090512,VDE,VOX,adaptive,10
VAW-VDE,-0.056889697531009455,0.08842497652612318,-1.2088179350483763,-1.0007577303888482,-0.1913012961329552,-0.11471549886203847,VAW,VDE,adaptive,20
VDC-VHT,-0.02302270615160277,0.06033687033861017,-1.210250146250539,-0.6429627205334377,-0.12452147505721056,-0.048559073459321644,VDC,VHT,ewma,5
VHT-VIS,-0.03545712058396504,0.07060413115634499,-1.2103699767189218,-0.7595604977151119,-0.12009733046026716,-0.07323298310329562,VHT,VIS,adaptive,15
VNQ-VFH,-0.03053307307898427,0.06647953640683961,-1.2113964301155802,-0.7189790573279515,-0.15160636804687977,-0.06350685712944548,VNQ,VFH,adaptive,20
VNQ-VOX,-0.048995410270179146,0.08152832279180831,-1.2142456373470962,-0.952321859833059,-0.17749306834573186,-0.09953661034649774,VNQ,VOX,ewma,5
VGT-VAW,-0.06118541100336313,0.09138671567691992,-1.2166474107291219,-1.1079206921895857,-0.18513523706468216,-0.12276199143798394,VGT,VAW,ewma,15
VDC-VOX,-0.06018014296047847,0.09051309056220075,-1.217284066604294,-1.0808256476291223,-0.18763093606268855,-0.12085808562263523,VDC,VOX,adaptive,5
VFH-VPU,-0.0507507480260549,0.0827376404584662,-1.2177135759223292,-0.9805909127909496,-0.17278023738502513,-0.1028760463946149,VFH,VPU,standard,10
VNQ-VFH,-0.03128843178513386,0.06664544819964024,-1.2197146839140418,-0.7380821856506835,-0.15365812604533435,-0.06494414628730116,VNQ,VFH,adaptive,15
VIS-VOX,-0.03172862339809953,0.06700323944056066,-1.219771224204792,-0.7835066397337366,-0.16197870975287254,-0.06581040099265711,VIS,VOX,standard,10
VDE-VHT,-0.07539060015474087,0.1027856397347587,-1.2199233324646797,-1.140562363202498,-0.22474620836700587,-0.14929338069912623,VDE,VHT,standard,15
VCR-VPU,-0.07976401609073006,0.10634266781971619,-1.2202441292024033,-1.139133819792372,-0.22863659962761895,-0.15735443212658318,VCR,VPU,standard,15
VPU-VCR,-0.07739168464166343,0.10424145938668297,-1.2220827048200162,-1.1236910786713663,-0.2012091004352049,-0.15296618409269136,VPU,VCR,standard,5
VDC-VOX,-0.060832242713287694,0.09046343250928972,-1.2251607045963708,-1.0320257448810057,-0.17198382632269427,-0.12200774193277442,VDC,VOX,standard,15
VIS-VDC,-0.046942661812122234,0.07905069638277008,-1.2263353297068722,-0.9230252598466493,-0.15178990435272433,-0.09546930745129478,VIS,VDC,ewma,10
VCR-VOX,-0.02477035929319356,0.06089207303909689,-1.2279161401712477,-0.6783087015189689,-0.09208851865350953,-0.051951052568108724,VCR,VOX,adaptive,10
VCR-VIS,-0.02746694402873641,0.06305189845564278,-1.2286219118879447,-0.7151594345662973,-0.14485771090053723,-0.05731360357176829,VCR,VIS,adaptive,20
VDE-VNQ,-0.07181932828790394,0.09910204816249946,-1.2292311869090182,-1.075002461758902,-0.22883192627362414,-0.14255240473375708,VDE,VNQ,standard,15
VHT-VAW,-0.03490228086044788,0.06905749601542524,-1.2294433734099393,-0.8156826614465547,-0.14643955772688844,-0.07199418855157824,VHT,VAW,adaptive,10
VDE-VFH,-0.058171261970916745,0.08788888128741515,-1.2307729986592262,-1.0256303483761455,-0.23891629812039517,-0.11690364212903259,VDE,VFH,adaptive,20
VFH-VNQ,-0.03999245353416463,0.07311307795157368,-1.230866707509851,-0.9608594257491266,-0.14731478623519256,-0.0819188205664888,VFH,VNQ,adaptive,15
VCR-VAW,-0.03843192633247165,0.07151980079551311,-1.236467738288493,-0.9011899416058523,-0.12781775267122442,-0.07885251648699787,VCR,VAW,adaptive,5
VCR-VDC,-0.06822091448357546,0.09556773273819907,-1.237037973972168,-1.1690621856896033,-0.22981572937146721,-0.13571945555229592,VCR,VDC,adaptive,15
VDC-VCR,-0.07024832795879919,0.09719593011965254,-1.2371745176034437,-1.1042759617069209,-0.20741974534145713,-0.13951597113630765,VDC,VCR,standard,10
VHT-VDC,-0.024595291963316765,0.060273705040615286,-1.2376092014428328,-0.6783215974534678,-0.12976743637379606,-0.05154698170218164,VHT,VDC,adaptive,5
VAW-VPU,-0.05417342548746455,0.08410387841087565,-1.2386280806045873,-1.0226216401823636,-0.2151909832898926,-0.10921262010588617,VAW,VPU,standard,10
VDC-VGT,-0.10229229423571874,0.12287488449640864,-1.2394094599549337,-1.3729771700720816,-0.2726242201479019,-0.1975779146245803,VDC,VGT,adaptive,5
VHT-VNQ,-0.023343597027928056,0.05911882657521853,-1.240613206938587,-0.6389678867114175,-0.12903169289428884,-0.04903372651058635,VHT,VNQ,ewma,10
VPU-VGT,-0.09810983984286616,0.11936541547850586,-1.240810323904383,-1.2622407764006092,-0.24458531941379313,-0.190183090474198,VPU,VGT,standard,5
VHT-VDC,-0.020942708337027976,0.056934950310871445,-1.2460309168563861,-0.6213462398058431,-0.09784285440810658,-0.044202612234753746,VHT,VDC,ewma,15
VGT-VDC,-0.10626599563404497,0.125369231567451,-1.2464461469556898,-1.3681529694340981,-0.3014428513759485,-0.20446079602928124,VGT,VDC,standard,5
VNQ-VIS,-0.03219115559269688,0.06576487816450757,-1.2497727949423056,-0.7572976140019749,-0.15020534879074177,-0.06652784099299269,VNQ,VIS,adaptive,15
VDC-VOX,-0.05838929667815761,0.08667272412517844,-1.2505583246883372,-1.0596979544687053,-0.19390100262574506,-0.11709944054367394,VDC,VOX,adaptive,10
VAW-VDC,-0.03904598827873769,0.07111768881503222,-1.252093392831347,-0.9514634062469164,-0.12981578545880512,-0.07992797151152298,VAW,VDC,ewma,20
VGT-VAW,-0.06738984271520428,0.09371144028603508,-1.2526735514564245,-1.1866058895794698,-0.2193674425170642,-0.1339782814663515,VGT,VAW,ewma,20
VOX-VCR,-0.02690295315138402,0.061298123309068725,-1.2545727177263617,-0.7483976439444698,-0.08370053385674103,-0.05604056973270699,VOX,VCR,adaptive,10
VDC-VFH,-0.044325320210191206,0.07516225881469127,-1.2549559007100282,-0.9534403189790198,-0.20243202403985683,-0.09015955774116746,VDC,VFH,adaptive,15
VNQ-VHT,-0.031185681170151167,0.06468198414760055,-1.2551513723649865,-0.7634695178977914,-0.11145262136086742,-0.06451079155951378,VNQ,VHT,standard,5
VNQ-VOX,-0.05485218253469762,0.0832101695347997,-1.2600885579357803,-1.054654023715787,-0.1979980135683177,-0.1102928423517372,VNQ,VOX,ewma,10
VDE-VCR,-0.08543030321420131,0.10704204840453081,-1.2652065728636495,-1.2187105288777336,-0.26948900058371683,-0.16699071577574554,VDE,VCR,standard,15
VHT-VDE,-0.0731657415492393,0.09721628505614258,-1.2669249959316058,-1.1159569575539772,-0.2596369349384945,-0.14454398849055694,VHT,VDE,ewma,15
VFH-VOX,-0.02949435447689834,0.06268700806829386,-1.2681153069276145,-0.7691503146494266,-0.11131682818502842,-0.06109232683556598,VFH,VOX,ewma,10
VOX-VCR,-0.02741581325682372,0.061036020383320136,-1.2683627269706435,-0.720747656674843,-0.11320520880861085,-0.05698321326650535,VOX,VCR,standard,15
VGT-VOX,-0.048463145478220684,0.07760351724137826,-1.268797458908473,-1.0720916888086556,-0.17000307859408104,-0.09799812796152996,VGT,VOX,ewma,20
VDE-VDC,-0.07902401670799097,0.10168895540882106,-1.2688105231219502,-1.1290789774221186,-0.2575873384881118,-0.15529768042389835,VDE,VDC,adaptive,15
VGT-VDC,-0.09499600836031064,0.11422290505321715,-1.269412717989934,-1.3314903598857792,-0.30079008281347286,-0.18408319991911515,VGT,VDC,ewma,5
VGT-VDE,-0.09717968629314425,0.11567473113535598,-1.2723581446748549,-1.3730694589353574,-0.1892511910472957,-0.18792786623941327,VGT,VDE,ewma,10
VGT-VDE,-0.10350628145943601,0.12062187744588256,-1.2726238781045922,-1.338575264926066,-0.2727871152980056,-0.19911385602035225,VGT,VDE,standard,20
VOX-VPU,-0.07266609012609417,0.09628034812018887,-1.274051169538433,-1.2355789896439793,-0.1986038676066335,-0.14350783060830008,VOX,VPU,standard,5
VOX-VHT,-0.05568728971186663,0.08283970111210706,-1.275804816929987,-1.104368242558117,-0.16363358492353464,-0.11171997225248909,VOX,VHT,adaptive,10
VDE-VIS,-0.06137708890927783,0.08712390374176632,-1.2783757858164557,-1.153338960647997,-0.21491739058507164,-0.12243432737056836,VDE,VIS,standard,10
VDC-VNQ,-0.023103250275773136,0.05709243384720595,-1.2804367470375535,-0.6459800618015781,-0.10986126730760304,-0.04835455690400958,VDC,VNQ,ewma,10
VFH-VPU,-0.058430943826929094,0.08454330552764638,-1.2825491403511682,-1.0762475655596513,-0.21726321988181518,-0.11685710210956568,VFH,VPU,adaptive,5
VDE-VAW,-0.060762620705072,0.08623655886053373,-1.2844044587192194,-1.0990141002178095,-0.2167119598743179,-0.12122262703033737,VDE,VAW,adaptive,20
VNQ-VPU,-0.03027545438928674,0.06226272650059016,-1.2893019451778398,-0.7725956379625291,-0.11191923359499933,-0.06251388602274865,VNQ,VPU,ewma,15
VPU-VDC,-0.0369512235846583,0.0673727483828027,-1.2905993249765222,-0.85865704905844,-0.13782379401561307,-0.07558973623586851,VPU,VDC,standard,20
VGT-VNQ,-0.09918314549723298,0.11552637868505954,-1.2913340415865215,-1.362269708665427,-0.2943146655782938,-0.19115402552994443,VGT,VNQ,standard,20
VGT-VOX,-0.05148123313923256,0.07850413961909875,-1.2926863937573023,-1.0991927260513559,-0.17203449544337668,-0.10356878740842546,VGT,VOX,standard,20
VHT-VFH,-0.045650057531695834,0.07393537035240465,-1.2936982269215738,-0.913692540869312,-0.1708074543156446,-0.09241798683605751,VHT,VFH,adaptive,10
VCR-VIS,-0.03165200897516526,0.0630779737816902,-1.294461506607027,-0.8220275182639916,-0.15467205310954268,-0.06519071377750452,VCR,VIS,adaptive,15
VHT-VFH,-0.03880946720386228,0.06859487210021695,-1.2946954267093296,-0.8113654079877893,-0.11414575768223745,-0.07918898143808983,VHT,VFH,ewma,15
VIS-VGT,-0.04894281017452159,0.07639309795555653,-1.2951799681181129,-0.9781551207577971,-0.15011279261578148,-0.09871586274494437,VIS,VGT,adaptive,20
VFH-VHT,-0.04514284385298617,0.07339263113813617,-1.2963541758560575,-0.9663326669676989,-0.15954129827680386,-0.09141581499294271,VFH,VHT,standard,5
VHT-VNQ,-0.026521149520650062,0.05875939261732279,-1.3022794503510733,-0.7880474973849637,-0.09839679557415382,-0.0550281734225504,VHT,VNQ,ewma,5
VIS-VOX,-0.028601316367334952,0.06034020380802638,-1.3026359111647459,-0.7393049355428293,-0.11158504399915803,-0.05914213534315238,VIS,VOX,ewma,20
VOX-VFH,-0.037904103130693964,0.06743454667053857,-1.3035470314668591,-0.9234449092527477,-0.1320810768340367,-0.07735419921222064,VOX,VFH,ewma,5
VFH-VDC,-0.047338928158199185,0.07466343325682318,-1.3037028155854828,-1.0509076261666213,-0.18984939124211875,-0.09556529512203527,VFH,VDC,standard,10
VCR-VDC,-0.07382186643635807,0.09462488828151014,-1.3085549550979287,-1.2188112059251244,-0.19833722564088585,-0.14522749466532403,VCR,VDC,ewma,5
VHT-VAW,-0.03925000180900696,0.0681737312846452,-1.3091553025953964,-0.902780180298001,-0.12842554337981904,-0.07993653449967209,VHT,VAW,adaptive,20
VPU-VGT,-0.106854389589267,0.11977370909270782,-1.3095894815101514,-1.427747516894701,-0.22388620866344344,-0.20428572547650237,VPU,VGT,ewma,10
VAW-VDC,-0.04683924847947322,0.07392626638351474,-1.3099437211814602,-1.0782534128671633,-0.1411871483268693,-0.09455800877813858,VAW,VDC,adaptive,10
VGT-VCR,-0.04707395114539194,0.07385858063310076,-1.3143219151152608,-1.1098075277942914,-0.12455060449432631,-0.09497128829580348,VGT,VCR,ewma,10
VDE-VFH,-0.06784188520016632,0.08965695724664194,-1.3143640919687805,-1.1804361250658266,-0.22937654061273727,-0.1341287174478396,VDE,VFH,adaptive,15
VNQ-VPU,-0.030867461934752184,0.06151896142600999,-1.3145127950837234,-0.8319675704860299,-0.11829053968139447,-0.06353728385217827,VNQ,VPU,ewma,5
VIS-VNQ,-0.038536206351478176,0.06731477938531824,-1.3152565775293679,-0.901015383602279,-0.13574700159826136,-0.07851588486004424,VIS,VNQ,ewma,10
VGT-VIS,-0.04943243950008249,0.07559366633234553,-1.3153541073524655,-1.1183564150094991,-0.1433693404213252,-0.09947804926657633,VGT,VIS,ewma,15
VDE-VAW,-0.06298061628856956,0.08587710158970774,-1.315608167918305,-1.181391322975349,-0.19104002573751477,-0.12506212023112773,VDE,VAW,standard,20
VGT-VPU,-0.11628998084651493,0.1261839071919457,-1.317838261209977,-1.4707583012244525,-0.2948608455825793,-0.22045702645515286,VGT,VPU,standard,5
VGT-VAW,-0.07443534040935383,0.09403002540882129,-1.3233575112666096,-1.3103870645630809,-0.2590963218032799,-0.14617452496851002,VGT,VAW,adaptive,5
VGT-VIS,-0.05357653973869412,0.07824474790592241,-1.3237506990658252,-1.1416307579675238,-0.2054588704532213,-0.10729372982352592,VGT,VIS,adaptive,5
VHT-VFH,-0.046120085262614886,0.07259861555294406,-1.323993364481135,-0.9057595391770513,-0.12778080846007744,-0.09309917687730773,VHT,VFH,adaptive,20
VHT-VAW,-0.041254620208209185,0.06880688711253048,-1.3262425323640417,-0.9499459503435248,-0.142051689942709,-0.0837045348644666,VHT,VAW,adaptive,5
VIS-VAW,-0.01420195972474262,0.048390196693043896,-1.3267555024005855,-0.48506435766079015,-0.09400123641050373,-0.03033325333594672,VIS,VAW,adaptive,5
VGT-VOX,-0.05324939729974655,0.07779864944512002,-1.327136114009019,-1.0727079811108124,-0.1805250034217727,-0.10665411095428057,VGT,VOX,adaptive,10
VCR-VDE,-0.09338704066217335,0.10787796964550389,-1.3291596155670637,-1.4191269937943953,-0.25388493309126026,-0.18030155311181617,VCR,VDE,adaptive,20
VIS-VCR,-0.031108706663100453,0.060987543450601915,-1.329922506696733,-0.8419917887223741,-0.10164257658856046,-0.06392906910281726,VIS,VCR,ewma,10
VDE-VFH,-0.07230908384022385,0.09188324463679687,-1.3311358814514713,-1.2202827694930165,-0.234673495552974,-0.1421967486832627,VDE,VFH,standard,15
VDE-VFH,-0.06837517334037264,0.08881039616497152,-1.3328977062604521,-1.2040541743491846,-0.24360877591889152,-0.13492241877436306,VDE,VFH,adaptive,10
VFH-VHT,-0.045599792464615214,0.07171205513784093,-1.333106299643185,-1.0372863667722514,-0.13686478661126222,-0.09201339202674752,VFH,VHT,adaptive,20
VHT-VCR,-0.07410771692043361,0.09309065228583853,-1.3331920431640754,-1.2291887417401772,-0.21115347392059391,-0.1454731201485424,VHT,VCR,adaptive,10
VCR-VNQ,-0.06909439743058689,0.08923430254664341,-1.3346257440442855,-1.2165885606732953,-0.22858299001969695,-0.13623441521903423,VCR,VNQ,standard,15
VHT-VFH,-0.04860334616829311,0.07378268355650157,-1.3364022751054352,-0.9633372788150198,-0.09775651943651886,-0.09775651943651886,VHT,VFH,standard,20
VFH-VNQ,-0.048628497670813564,0.07361394177280875,-1.3398073149676732,-1.1621318641643477,-0.15141820951844454,-0.09773998449366528,VFH,VNQ,adaptive,10
VDC-VPU,-0.040384832190109826,0.0674602144542052,-1.3398242641441171,-0.9996947420831513,-0.12219331955925294,-0.08193259482001813,VDC,VPU,standard,5
VPU-VGT,-0.11641252815620604,0.12413397519719424,-1.3405880855088195,-1.4336864326721868,-0.3171817305757605,-0.2202418656129821,VPU,VGT,standard,20
VAW-VNQ,-0.038022705819794785,0.06563999731619177,-1.3409919168001199,-1.0067615025236674,-0.11275628450899067,-0.07734954901464475,VAW,VNQ,ewma,20
VFH-VIS,-0.013375248238489288,0.047225002770478336,-1.341985061313896,-0.46632464676653174,-0.08233168869393015,-0.028616636788793226,VFH,VIS,ewma,5
VHT-VFH,-0.04781253235037623,0.07272781840676551,-1.3449122288161084,-0.9398348186806114,-0.13280814118391593,-0.0961873500070366,VHT,VFH,adaptive,15
VPU-VFH,-0.05189297793315347,0.0757247330702494,-1.345570645176496,-1.1107684966924363,-0.15473883848485737,-0.10392787786832036,VPU,VFH,ewma,5
VFH-VCR,-0.03763411502318322,0.06508836096158516,-1.3463868766783729,-0.9278852674049156,-0.10090674871588456,-0.07656967122481506,VFH,VCR,ewma,5
VOX-VHT,-0.06373746369808717,0.0842277845077158,-1.3503556381406194,-1.2054413505688262,-0.2210007040865537,-0.126148285177621,VOX,VHT,standard,5
VGT-VCR,-0.053608516952352206,0.07665744195243106,-1.3515780635707273,-1.1844281679259927,-0.2169833111119468,-0.10712718489956097,VGT,VCR,adaptive,5
VGT-VIS,-0.05235315503648528,0.07563432481086944,-1.3532632874350194,-1.1445298840550444,-0.12284227249417612,-0.104744514278577,VGT,VIS,ewma,10
VOX-VGT,-0.048268818240793314,0.07248253013211106,-1.3557586643523973,-1.0395329114749279,-0.11161461135460438,-0.09696990361467983,VOX,VGT,ewma,5
VFH-VOX,-0.036402927483814136,0.06367418039578178,-1.3569539010436642,-0.9007076499812138,-0.12535447724065263,-0.07412199269099484,VFH,VOX,ewma,5
VDE-VNQ,-0.0807908237646389,0.09635717632856204,-1.3573542599324804,-1.2561337581138659,-0.2287791810855485,-0.15737614586151571,VDE,VNQ,adaptive,15
VHT-VAW,-0.04289415070927982,0.06823427667505443,-1.3614000944372977,-0.9882448062962395,-0.13556554679096777,-0.08663970112457242,VHT,VAW,adaptive,15
VHT-VDE,-0.08710253131954852,0.1006384989383007,-1.362326870590579,-1.3385707078899456,-0.21863699797231617,-0.16866959419997563,VHT,VDE,adaptive,5
VNQ-VDC,-0.028518611955238193,0.057555106138525026,-1.3642336401266928,-0.7820430082337676,-0.11201303610137514,-0.05867530992267389,VNQ,VDC,ewma,15
VNQ-VFH,-0.04085641493218198,0.06655282073604356,-1.365177522565563,-0.9573947783513957,-0.17077968162636015,-0.08269357635893404,VNQ,VFH,adaptive,10
VOX-VNQ,-0.0672987932451681,0.08578878491593743,-1.3672975244970147,-1.3034591782397862,-0.21499376121421532,-0.132589187052214,VOX,VNQ,standard,15
VOX-VCR,-0.034001569260884074,0.061245703016139984,-1.3715504129121885,-0.9484154268977242,-0.0941234875916831,-0.0693693703664654,VOX,VCR,adaptive,20
VDE-VHT,-0.08643735563229488,0.09942627068817601,-1.3722465369358392,-1.3312661194518154,-0.2333500771471777,-0.1673589411445615,VDE,VHT,adaptive,15
VFH-VNQ,-0.03494901545227703,0.06184222643809163,-1.3736409625762238,-0.8910760715830406,-0.12985708445934618,-0.07120536376619213,VFH,VNQ,ewma,15
VDC-VFH,-0.05247844666464796,0.07457547697483273,-1.3741574418522557,-1.1402772082127355,-0.2177247174921676,-0.10482842488196453,VDC,VFH,ewma,15
VHT-VPU,-0.05336893475194818,0.07521545971016931,-1.3743043670844228,-1.114685657296619,-0.13534270200337672,-0.10651384480171266,VHT,VPU,adaptive,5
VGT-VDE,-0.11684546916952471,0.12069929350458367,-1.3823234944054463,-1.5549927427803827,-0.30217290607373837,-0.22025411445253085,VGT,VDE,adaptive,5
VNQ-VCR,-0.07090794855030458,0.08732071945752314,-1.3846421479511486,-1.2734841188123656,-0.24733762179155727,-0.1390732564802848,VNQ,VCR,standard,10
VDC-VFH,-0.054772842977390594,0.07525971075849483,-1.3921504869132715,-1.1848240803463157,-0.22041521610044545,-0.10902721018184769,VDC,VFH,ewma,20
VDC-VFH,-0.06002332410166053,0.07885905053736084,-1.395189561019823,-1.1810939502397417,-0.19929537818045406,-0.11885435292054103,VDC,VFH,standard,10
VDE-VFH,-0.07284629550628063,0.08796175164857424,-1.3965876441055594,-1.2993662778306514,-0.19605491230850536,-0.1425114752017569,VDE,VFH,standard,20
VCR-VAW,-0.050663666183078944,0.07203487666007886,-1.3974295626005546,-1.1273600709391909,-0.2192648888764268,-0.10123082685966722,VCR,VAW,adaptive,20
VPU-VGT,-0.11568842712995317,0.11856518068352229,-1.3974459126597516,-1.4639337989902088,-0.2767910797954106,-0.21805311383896786,VPU,VGT,adaptive,20
VCR-VPU,-0.0929960758369272,0.10216802834196813,-1.3996166722362784,-1.3420033306587222,-0.22997307064872552,-0.17869834113775607,VCR,VPU,ewma,10
VGT-VDE,-0.12279365615526887,0.12329165937975754,-1.4015032081208132,-1.6772428430254054,-0.32104465913417857,-0.22997644221564728,VGT,VDE,standard,5
VAW-VNQ,-0.04408388900628916,0.06708962503725419,-1.402361228789776,-1.100154302177441,-0.13288730075367028,-0.08866776797826614,VAW,VNQ,adaptive,20
VNQ-VIS,-0.043263896743581234,0.06646781391690558,-1.4031437360069436,-1.0083660823409821,-0.15350367397917364,-0.08710036484761086,VNQ,VIS,adaptive,20
VDE-VHT,-0.08559117761183888,0.09639287698424885,-1.4066514233618657,-1.3542225352846768,-0.2622025194105547,-0.1654502154169396,VDE,VHT,ewma,15
VDE-VHT,-0.08649119266691738,0.09695172498574137,-1.4078263454001567,-1.453636113294852,-0.2819517974604061,-0.16702191635777275,VDE,VHT,ewma,10
VDE-VHT,-0.08869358515079595,0.09849466435840218,-1.408132979123803,-1.3715078437262471,-0.24235287559132368,-0.17096404330129988,VDE,VHT,adaptive,20
VFH-VOX,-0.041001505590743774,0.06457042989363093,-1.409337149228426,-1.0158331297750531,-0.143806330689629,-0.08272026411993105,VFH,VOX,ewma,15
VFH-VCR,-0.0505337461948976,0.0712931018553974,-1.410146894699693,-1.149903258406822,-0.12488972521900621,-0.10090265479217653,VFH,VCR,standard,5
VPU-VGT,-0.11784595641612142,0.11891332307304894,-1.411498325658706,-1.5105219186335104,-0.26523253844249006,-0.22148809798524116,VPU,VGT,adaptive,10
VDC-VPU,-0.040821883056637066,0.06425325842168167,-1.4134984791057699,-1.0865478204970773,-0.175197641948177,-0.08234665402654684,VDC,VPU,ewma,5
VHT-VCR,-0.08015096636737858,0.09188024219580225,-1.416528333589055,-1.3410644735155168,-0.16572324163397611,-0.1555727116314103,VHT,VCR,standard,20
VNQ-VHT,-0.03609276855888573,0.060754461389313966,-1.4170608477162545,-0.934913092884091,-0.13276591280179817,-0.07320879486939702,VNQ,VHT,ewma,15
VNQ-VPU,-0.03627555136396161,0.06084841161247708,-1.4178768036447906,-0.9784212554924919,-0.1226323175712053,-0.07355656574618874,VNQ,VPU,ewma,20
VFH-VDE,-0.06551343960259734,0.08132915741333131,-1.4203201321210608,-1.2508587417032375,-0.1744846238333626,-0.12883270212087294,VFH,VDE,ewma,5
VNQ-VCR,-0.07679620184981335,0.08918633958258686,-1.421699807876963,-1.3313567737058907,-0.21846236642545502,-0.14946031409359128,VNQ,VCR,ewma,10
VFH-VIS,-0.02122703277667143,0.05007111976457152,-1.4225172736613938,-0.6881368104100141,-0.10008603494420454,-0.04404812749851561,VFH,VIS,standard,10
VCR-VGT,-0.057834296569707226,0.07552253064893578,-1.427842733064278,-1.2183335946730218,-0.15095592620088094,-0.11451142244480783,VCR,VGT,standard,10
VIS-VOX,-0.03654780392557811,0.060609337132065476,-1.4279615653441926,-0.9989626314996045,-0.14634451184210395,-0.07403434643507723,VIS,VOX,ewma,5
VIS-VFH,-0.024160853727119534,0.05192521792229789,-1.4282242173368542,-0.7881615710476435,-0.15618494609993594,-0.04983076289821586,VIS,VFH,standard,10
VOX-VPU,-0.08498335486346233,0.0944157691469982,-1.4296695995062374,-1.4459730593317763,-0.1783167010687975,-0.1641032385174278,VOX,VPU,adaptive,10
VDC-VOX,-0.0820171721544435,0.09232319068432274,-1.4299459450642784,-1.398359369070298,-0.24379049179671863,-0.1587948702927291,VDC,VOX,standard,5
VAW-VNQ,-0.047392953824182876,0.06804935516530712,-1.4312105322319888,-1.1655835204196916,-0.11425813951280972,-0.0948101617189765,VAW,VNQ,adaptive,10
VPU-VOX,-0.08082001315400499,0.0913303103889497,-1.4323833193698774,-1.3897021950275932,-0.17138316277061605,-0.15661312259116067,VPU,VOX,ewma,15
VPU-VIS,-0.06566816478314898,0.08069307619540685,-1.4334335761725854,-1.262246821647052,-0.1783802078621315,-0.12901640477229825,VPU,VIS,ewma,10
VPU-VAW,-0.06807675922048333,0.08213985291864045,-1.437508773450548,-1.337659208645943,-0.16292849895357475,-0.13341098031323428,VPU,VAW,ewma,10
VDC-VIS,-0.06124192282345507,0.0773436200233635,-1.4382818232434913,-1.1983154079580047,-0.15791147931790106,-0.12079252938042284,VDC,VIS,adaptive,20
VFH-VHT,-0.05392838200484933,0.07222911874528835,-1.4388709679727163,-1.2131757146057784,-0.14593767246202227,-0.10711220681548383,VFH,VHT,adaptive,10
VHT-VFH,-0.042363463904616816,0.06417943467254257,-1.4391442426359045,-0.9971209009040435,-0.14555100436318846,-0.08517767387872932,VHT,VFH,ewma,10
VCR-VOX,-0.036870948116933526,0.06033474385157648,-1.4398163076756592,-0.976471719350919,-0.10402433147572154,-0.07460536329550227,VCR,VOX,ewma,5
VDE-VCR,-0.10822167656992303,0.10987999428712623,-1.4399498070274341,-1.5827845752872542,-0.3135733342392514,-0.20467331573128011,VDE,VCR,standard,10
VAW-VCR,-0.0515504896279588,0.07042075290600144,-1.4420534492652997,-1.1861793936623377,-0.15745104063071935,-0.10261959648234142,VAW,VCR,ewma,10
VCR-VDC,-0.08599405824839206,0.09406942080385969,-1.4456776398352416,-1.3949925103333551,-0.21994797510416897,-0.16574862169841065,VCR,VDC,ewma,10
VIS-VNQ,-0.04581416095087515,0.0662286142475317,-1.4467184922934737,-1.1273980208958458,-0.17013856275058037,-0.09172205044425019,VIS,VNQ,standard,15
VHT-VOX,-0.06544517621250659,0.07979701524522835,-1.446735518336444,-1.2370587331899827,-0.18256263422636354,-0.12850414074839278,VHT,VOX,adaptive,20
VDC-VIS,-0.061668656657152224,0.07706440112811866,-1.4490303567207945,-1.2380406394732921,-0.18060581922238028,-0.12150384354058763,VDC,VIS,adaptive,15
VIS-VDC,-0.06425290828839765,0.07879396463155629,-1.4500210621796823,-1.358506528566706,-0.1525398545542489,-0.12626687834895178,VIS,VDC,standard,15
VHT-VIS,-0.04907586988478625,0.06813418963858364,-1.4541285426645867,-1.0695970521360065,-0.15533921749890567,-0.0978794607705552,VHT,VIS,ewma,20
VDC-VGT,-0.12020580905855699,0.1169545295157294,-1.455316093898404,-1.5482229915038759,-0.2340282088926442,-0.22481494553507997,VDC,VGT,ewma,10
VIS-VHT,-0.05507330182034392,0.07218795782962267,-1.455551659576475,-1.2435281754110945,-0.1513646975347086,-0.10915737559433802,VIS,VHT,standard,5
VPU-VHT,-0.06248090556719798,0.07714437340957898,-1.4580571543436924,-1.2558952791271523,-0.17890920227197848,-0.12294269873080366,VPU,VHT,standard,15
VGT-VIS,-0.06316800033265889,0.07747467357423589,-1.4607096114347844,-1.4369285225012105,-0.16767665595010706,-0.12418302277997373,VGT,VIS,standard,10
VFH-VDE,-0.06997965260545387,0.08196375708663861,-1.463813481349215,-1.311469017432216,-0.17478344514696953,-0.13669053069593784,VFH,VDE,ewma,20
VHT-VCR,-0.0833428083478622,0.09106444985209411,-1.464268532500181,-1.4000856218039088,-0.17746168411174312,-0.1608328852016604,VHT,VCR,adaptive,5
VDE-VAW,-0.08043929988003615,0.08903252879395096,-1.4650746378541408,-1.439485129209666,-0.24993039983813148,-0.15562219997280502,VDE,VAW,standard,10
VNQ-VGT,-0.11706562833852494,0.11397799412473641,-1.4657709114944582,-1.5191998838573793,-0.33234853597797265,-0.21939815213256342,VNQ,VGT,adaptive,5
VNQ-VHT,-0.03854197150473049,0.060388888263169065,-1.4661964154543288,-1.0178069021528406,-0.10881020838186217,-0.0777059808612961,VNQ,VHT,adaptive,15
VFH-VHT,-0.053840416001275156,0.0707655726844053,-1.4673860757740829,-1.1762837489306308,-0.1652494785698333,-0.10677632548791605,VFH,VHT,standard,10
VNQ-VPU,-0.04227314212425647,0.06288133172275989,-1.4674171108697784,-1.0522882115102032,-0.11523985026105277,-0.08486059316979533,VNQ,VPU,adaptive,5
VDE-VDC,-0.09750802741929286,0.10051414361419071,-1.4675350365166664,-1.4005870652578776,-0.28792899836650576,-0.18583215257936214,VDE,VDC,adaptive,10
VPU-VAW,-0.07604420417893011,0.08585182846786273,-1.4681598100861963,-1.386448806771888,-0.199168599389155,-0.14767786368369284,VPU,VAW,standard,20
VOX-VDE,-0.10393162637341637,0.1048004376074177,-1.4688070955394668,-1.538861425245191,-0.207849769068154,-0.19693634148477446,VOX,VDE,adaptive,10
VCR-VDE,-0.10791234299117976,0.10733810545035237,-1.4711676000674312,-1.63754139067884,-0.28619050042693606,-0.20373576829074336,VCR,VDE,adaptive,15
VDE-VAW,-0.08161442836113789,0.08940247099093102,-1.4721564952549109,-1.423948899733165,-0.24719781629777338,-0.157667300298709,VDE,VAW,standard,15
VIS-VDE,-0.07049818218467241,0.08169588380734953,-1.4749602619983175,-1.4139019377795896,-0.16070839579910112,-0.13754292505313748,VIS,VDE,ewma,10
VDC-VNQ,-0.03418648348869833,0.057065141593059976,-1.4752698606978787,-0.9540332488980526,-0.1162581176918841,-0.06925683198542787,VDC,VNQ,adaptive,15
VPU-VDE,-0.10634826328508948,0.10597880711670918,-1.4752785725631998,-1.4916557253827778,-0.2879331976188809,-0.20103184888163295,VPU,VDE,standard,20
VAW-VDE,-0.07008183580736765,0.08139232277620341,-1.47534597504417,-1.4090210462956756,-0.24369311989416642,-0.13677737616928842,VAW,VDE,ewma,5
VOX-VCR,-0.040098006986475615,0.060935060259636464,-1.4785905946852198,-1.1191605489681569,-0.10192251460167867,-0.08063674474339222,VOX,VCR,adaptive,15
VAW-VNQ,-0.04513547755493332,0.06425436169461572,-1.4806073089183809,-1.1803270942243596,-0.13004004085356236,-0.09024813407751853,VAW,VNQ,ewma,15
VFH-VDC,-0.06335483998044865,0.0765289989977474,-1.4812011324463448,-1.2974280051086777,-0.1535703507960725,-0.12439086008538891,VFH,VDC,standard,20
VAW-VHT,-0.05198733628165116,0.06864406563337724,-1.4857414889490632,-1.24058639650828,-0.16601866356969563,-0.10318233725267101,VAW,VHT,adaptive,5
VAW-VGT,-0.08743403997483949,0.09242517272417386,-1.4869762849671528,-1.4492090467232226,-0.2410086678208766,-0.16790130625949828,VAW,VGT,adaptive,15
VOX-VNQ,-0.07698877486970752,0.08538391985787981,-1.4872680368982623,-1.4579078851474307,-0.21077455563099934,-0.14921885814630031,VOX,VNQ,adaptive,10
VDC-VAW,-0.061974504135742486,0.07525029323084118,-1.4880274790723327,-1.3060269180742297,-0.14503294713986037,-0.12179453899506354,VDC,VAW,standard,10
VNQ-VDC,-0.03528606345946103,0.057250403095115414,-1.4897024099160896,-0.9735102710033255,-0.12446397059581926,-0.07132421042477743,VNQ,VDC,ewma,20
VDC-VCR,-0.09575115470667168,0.09732760245903208,-1.4975315432024783,-1.5023522655251305,-0.1936098623032012,-0.18241851481275806,VDC,VCR,adaptive,20
VFH-VAW,-0.04168279811193234,0.061214558787568304,-1.4977286437707955,-1.0837893256226896,-0.1490761100074247,-0.08358571169665219,VFH,VAW,standard,10
VNQ-VHT,-0.04177065570993579,0.061242844547779826,-1.4984714767508729,-1.0852619454262749,-0.12387482619781998,-0.0837504227912762,VNQ,VHT,adaptive,10
VAW-VHT,-0.049864582903282335,0.06658648573148275,-1.4997725410227702,-1.2143917576533088,-0.14517687445713856,-0.09910866615271796,VAW,VHT,ewma,10
VFH-VGT,-0.08425945159844721,0.0894839535363035,-1.5003746067609578,-1.3916478737754199,-0.21591244544021126,-0.16214613932863364,VFH,VGT,ewma,15
VFH-VAW,-0.037098255861164865,0.05803132698828758,-1.5008834086930984,-1.0139936930127973,-0.14788961626055408,-0.07477536679707764,VFH,VAW,ewma,15
VPU-VCR,-0.11444593843451406,0.10954017569388487,-1.5012385856862773,-1.6843106843721243,-0.2183058289295341,-0.21447677923963915,VPU,VCR,standard,10
VGT-VOX,-0.06389016187663867,0.07583300604921987,-1.5018547702397225,-1.4867423575745797,-0.18188680497697451,-0.12522190177075831,VGT,VOX,ewma,15
VIS-VCR,-0.042911870188431525,0.06177838333305346,-1.5039543797631334,-1.1450035197326964,-0.12927047448833484,-0.0859030654637728,VIS,VCR,standard,15
VPU-VGT,-0.12784385469991924,0.11824465644966008,-1.504032909729262,-1.6161098380398027,-0.2864654919486077,-0.23682340668772917,VPU,VGT,adaptive,15
VPU-VAW,-0.0740856504521157,0.08248789562578103,-1.5042891991698903,-1.4051387443617938,-0.1640805267160239,-0.14383922699859442,VPU,VAW,adaptive,5
VIS-VDE,-0.08050476348903744,0.08675023317834564,-1.5043736334487874,-1.551161028501872,-0.22537242198308383,-0.1553899492794416,VIS,VDE,standard,5
VAW-VDC,-0.06016047884274606,0.0731961716088191,-1.5050032866674306,-1.3812221956093835,-0.15655860392914245,-0.11831986337157252,VAW,VDC,adaptive,20
VNQ-VHT,-0.042112457836414305,0.061081750590484526,-1.5080192847446616,-1.0887599365880705,-0.11688566216271223,-0.08436005846359607,VNQ,VHT,adaptive,20
VPU-VOX,-0.09686393151516982,0.09724837468515529,-1.5101942010922698,-1.5894177809040846,-0.1982034714016091,-0.18422232086571333,VPU,VOX,standard,10
VFH-VHT,-0.058916677033622446,0.0719364945210244,-1.5140670637181255,-1.3215313093300753,-0.15237834796873861,-0.11595828870319735,VFH,VHT,adaptive,15
VIS-VDE,-0.0744204162730235,0.08216655152230856,-1.5142465391071305,-1.406870394387681,-0.1781136538728575,-0.1443703239370907,VIS,VDE,ewma,20
VOX-VNQ,-0.07299294109430793,0.0811151897189688,-1.5162750838705852,-1.427763786464439,-0.2070594105023783,-0.1417668865258841,VOX,VNQ,ewma,5
VDC-VAW,-0.05943470583848522,0.07203658139919215,-1.5191546255096504,-1.3026460249880192,-0.150468763192944,-0.11689478652401164,VDC,VAW,ewma,15
VPU-VNQ,-0.05063123822980995,0.06619498763690146,-1.5202244433037917,-1.2055469918892963,-0.18032884594452725,-0.10044873000074483,VPU,VNQ,standard,20
VFH-VHT,-0.04740620350839497,0.06405755413973599,-1.5206044754052235,-1.1124637670396462,-0.14166760300599401,-0.09436520967574058,VFH,VHT,ewma,20
VCR-VDE,-0.09929649640479417,0.09812737780979518,-1.5214560883730373,-1.5575176440669778,-0.24660402811026128,-0.18833730401568471,VCR,VDE,ewma,10
VAW-VDC,-0.06673363038513129,0.07667739297036807,-1.5223995738906104,-1.3498019364845235,-0.18065711517449912,-0.13032459221772208,VAW,VDC,standard,10
VDC-VIS,-0.07494623865668047,0.08190699948900743,-1.5254647275102444,-1.4439610391395272,-0.164064128001139,-0.14523247225843772,VDC,VIS,standard,5
VCR-VOX,-0.04270360641034734,0.06069833833752596,-1.527284089637665,-1.1098783390033515,-0.10854052821649784,-0.08540229365050045,VCR,VOX,standard,15
VDC-VOX,-0.08227238230264533,0.08651854182619367,-1.528832774000816,-1.4543180656995023,-0.18532018744583711,-0.15835250020503078,VDC,VOX,adaptive,20
VFH-VCR,-0.05254456089871658,0.06702026577672547,-1.530053032620587,-1.2489082151716158,-0.14000400117518208,-0.10398895776610273,VFH,VCR,ewma,15
VIS-VDE,-0.08363139331345723,0.0872194382862393,-1.5321285706392858,-1.5401323028700653,-0.19178551945661293,-0.16074145410626917,VIS,VDE,standard,20
VDC-VGT,-0.13997696864222747,0.12385125114041022,-1.533912390007675,-1.7387213130287653,-0.280061497620281,-0.25617688096895286,VDC,VGT,standard,20
VFH-VGT,-0.09930806917335665,0.09726569524553376,-1.5350537391055408,-1.5831607452846033,-0.2664391429551015,-0.1882171307335312,VFH,VGT,standard,15
VCR-VOX,-0.046923316590620705,0.06312863124736258,-1.5353305572369746,-1.2091619976643257,-0.13944148914654242,-0.0933757576416383,VCR,VOX,standard,20
VOX-VIS,-0.05539988966266204,0.06863978374155055,-1.535551016004426,-1.298167646884932,-0.17467583151211874,-0.10929833426234403,VOX,VIS,standard,5
VDC-VIS,-0.0665444081875563,0.07582292238112143,-1.537060357575637,-1.3561163143029482,-0.17941785568894653,-0.1298830232447915,VDC,VIS,ewma,15
VIS-VHT,-0.05273185372095806,0.06683520185188553,-1.5370919945543606,-1.2857851375231055,-0.1551343956747565,-0.10429804591254144,VIS,VHT,ewma,15
VNQ-VFH,-0.05108572832938009,0.06574974614262323,-1.537431461866128,-1.2047856514841286,-0.1683579856402866,-0.10121402594494311,VNQ,VFH,ewma,15
VDE-VNQ,-0.10650011539516538,0.10167151855702528,-1.5392719378671214,-1.6765976050195304,-0.2815626742233711,-0.2005305728990765,VDE,VNQ,standard,10
VNQ-VAW,-0.05138320538299449,0.06582449221123003,-1.5402048990770327,-1.2631726012335576,-0.11974556526334301,-0.10175764295001022,VNQ,VAW,standard,20
VDE-VHT,-0.09865848982465115,0.09633602726486279,-1.5431245614471398,-1.6701877891919388,-0.22382988091744538,-0.18699694221853813,VDE,VHT,standard,20
VFH-VDC,-0.07531436357179586,0.08102678295334083,-1.546579525981649,-1.3706066789521771,-0.1740765482020692,-0.14575875293087892,VFH,VDC,standard,5
VGT-VIS,-0.06504891424652424,0.07436608633230168,-1.5470615696035563,-1.4629740724425326,-0.20078614452911525,-0.12706891397442321,VGT,VIS,ewma,5
VGT-VOX,-0.07078478479491535,0.07793565080660819,-1.5498014521574244,-1.4768848736715516,-0.22351741304399808,-0.13751804247006028,VGT,VOX,adaptive,5
VIS-VGT,-0.06662902854566774,0.07524089058378566,-1.5500750674368167,-1.4136564417682793,-0.16628651462475885,-0.12995005748765753,VIS,VGT,ewma,10
VIS-VDC,-0.07080098411700123,0.0779194324091386,-1.550331931099043,-1.5182868001379684,-0.15251812372513762,-0.13754119309097612,VIS,VDC,adaptive,15
VAW-VOX,-0.06703072358353217,0.07541928474936004,-1.551734731673191,-1.375133392080342,-0.17013266434451368,-0.13067686570696646,VAW,VOX,adaptive,15
VIS-VDC,-0.07022694461708887,0.07742125328192967,-1.5528932886074853,-1.4932533731688047,-0.1595076509366189,-0.136483016586317,VIS,VDC,adaptive,20
VGT-VFH,-0.09539092836911481,0.09352836701601355,-1.5545115670010736,-1.677420718984161,-0.2228241746132239,-0.18122258289962412,VGT,VFH,adaptive,20
VCR-VGT,-0.06964808327522853,0.07696371629832012,-1.55460376694206,-1.3699802525928555,-0.19181473562454743,-0.13543481851127548,VCR,VGT,standard,20
VCR-VIS,-0.04783494784800019,0.06290028958220463,-1.5553974154624408,-1.2009326665819662,-0.12642392791327295,-0.09500647283710117,VCR,VIS,adaptive,5
VGT-VIS,-0.0746472074996823,0.07987895181523699,-1.560451216085007,-1.4811041528253985,-0.2174227289124281,-0.14443896480968876,VGT,VIS,standard,20
VGT-VFH,-0.09645488481758198,0.09367994661064595,-1.563353632408439,-1.6971684492920198,-0.2280114943635233,-0.18299027697136083,VGT,VFH,adaptive,15
VFH-VHT,-0.06387724181851524,0.07281951127335595,-1.563828702324482,-1.3477621555526271,-0.18047718383732736,-0.12482882760315639,VFH,VHT,adaptive,5
VOX-VDE,-0.10958905571951692,0.10198871583460305,-1.564771694726751,-1.6952190727293825,-0.24927306224856194,-0.20552629194900207,VOX,VDE,ewma,20
VHT-VOX,-0.07548654816114359,0.08017083214591346,-1.5652394368659424,-1.4221904937921488,-0.19523001348124713,-0.14592172962260286,VHT,VOX,adaptive,15
VPU-VOX,-0.0916999314052934,0.0904466415537803,-1.5666688002012485,-1.5985893523549488,-0.19087435975795153,-0.17467670353781373,VPU,VOX,adaptive,5
VDC-VHT,-0.047570065563324215,0.06222059367260203,-1.5681313822996805,-1.2258802350945284,-0.16952337154356012,-0.09444824981943645,VDC,VHT,standard,10
VFH-VOX,-0.059635393676330445,0.06987864717097127,-1.5689398423539425,-1.362042396822922,-0.15123454067588105,-0.11698043982848061,VFH,VOX,standard,5
VGT-VCR,-0.06634251207848134,0.07410872024416232,-1.56988963910284,-1.5225076299917826,-0.18816666949177774,-0.12929365335873666,VGT,VCR,ewma,15
VPU-VOX,-0.09290013218315896,0.09093825055748012,-1.5713974186564625,-1.555807434108476,-0.1959450092759013,-0.17673921448827223,VPU,VOX,ewma,20
VHT-VFH,-0.060744369103974405,0.07047220806281673,-1.5714616037752116,-1.2375803851305711,-0.1475164995125713,-0.1190277945519419,VHT,VFH,adaptive,5
VGT-VHT,-0.1201426378300694,0.10811453612306525,-1.5737258275464308,-1.795152152953145,-0.27344461350290017,-0.2231512850884947,VGT,VHT,adaptive,20
VGT-VDC,-0.13841711996528164,0.11972335476157393,-1.5737708013654441,-1.8685476641580179,-0.31074717216300773,-0.25307899549464463,VGT,VDC,adaptive,20
VPU-VIS,-0.07117946116081289,0.0769684897374417,-1.5744035198583939,-1.3908871638276779,-0.18642455695626325,-0.13808668217701348,VPU,VIS,standard,5
VGT-VNQ,-0.1261156287848042,0.11184200324187084,-1.5746823526035594,-1.8831067247307327,-0.2847511797768082,-0.2330194914696938,VGT,VNQ,adaptive,15
VHT-VAW,-0.05322171042720518,0.0655081689870013,-1.5757074579154748,-1.2370372645232222,-0.1276163300228167,-0.10502762164649704,VHT,VAW,ewma,5
VOX-VAW,-0.07358044127407441,0.07826287201160348,-1.5790430135984783,-1.517486432575314,-0.20280511361292697,-0.1423880460340734,VOX,VAW,standard,5
VDE-VAW,-0.08872529403090752,0.08784811175636749,-1.5791494120629432,-1.5811559933909676,-0.21857016720193012,-0.1693578601219221,VDE,VAW,adaptive,15
VIS-VOX,-0.050616895417769515,0.06365864268913392,-1.5805692859195077,-1.2242954308015623,-0.13896341402765855,-0.10012694892079532,VIS,VOX,adaptive,20
VGT-VNQ,-0.12572215937247164,0.11099545175163633,-1.5831473866665082,-1.8963415307990497,-0.2807496748819458,-0.23226772575488241,VGT,VNQ,adaptive,20
VPU-VAW,-0.08103778852290325,0.08266075742245617,-1.5852478565276809,-1.5161494082481661,-0.15861936128612586,-0.1557123908275252,VPU,VAW,ewma,20
VIS-VGT,-0.06519220008372313,0.07265172494944212,-1.5855397812493044,-1.473258079028063,-0.2241203749394911,-0.12710185432965082,VIS,VGT,ewma,5
VGT-VCR,-0.0701923262415852,0.07579950678742763,-1.5856610594928127,-1.5124737644821364,-0.18948470931109385,-0.13621459986149076,VGT,VCR,adaptive,20
VOX-VCR,-0.0451170324885971,0.05994129400273502,-1.586836488452469,-1.2611323885118126,-0.1153403375233858,-0.08972984625027292,VOX,VCR,ewma,20
VDC-VHT,-0.0512057785812996,0.06369828457970034,-1.5888305195200234,-1.3162476415110866,-0.16059780562266168,-0.10118971715215941,VDC,VHT,standard,5
VFH-VDC,-0.07317116209136633,0.0772491973213892,-1.5944652677609372,-1.5444594702277392,-0.17683455480769716,-0.14153550716312246,VFH,VDC,adaptive,15
VAW-VOX,-0.06586100101532939,0.07264701823990939,-1.594848678203284,-1.3938906413385248,-0.19341818733133342,-0.12827893137650315,VAW,VOX,ewma,15
VFH-VNQ,-0.0704019825855376,0.07541530116534859,-1.5965192835543458,-1.3672046469125518,-0.16098339993972188,-0.1365516016709275,VFH,VNQ,standard,5
VIS-VNQ,-0.060669031923299796,0.06926598438362684,-1.5977399716196021,-1.4484524767784859,-0.17282155156851353,-0.11872360067230248,VIS,VNQ,adaptive,15
VPU-VNQ,-0.05553779451678709,0.06591689484406522,-1.601073514862162,-1.3316709521738501,-0.1508566181743738,-0.10921837361834952,VPU,VNQ,standard,15
VDE-VOX,-0.12020370617922466,0.10621575738587233,-1.6024336724436261,-1.7823751934668992,-0.29397504943470154,-0.2229402755850931,VDE,VOX,standard,10
VCR-VPU,-0.125015918512823,0.1092055152164833,-1.6026289346822877,-1.7448025266912688,-0.2814646384309154,-0.230904881661678,VCR,VPU,standard,10
VDE-VDC,-0.12002280823476165,0.10588894974014548,-1.6056709283830133,-1.951523422073223,-0.271737436805891,-0.2225697392066326,VDE,VDC,standard,10
VDC-VOX,-0.09386676629515518,0.08947179999296552,-1.6079565439218422,-1.6104276557558836,-0.21490143407664775,-0.178117899592926,VDC,VOX,standard,20
VDC-VIS,-0.07395306572091771,0.07701773380111823,-1.6094094126555305,-1.4882319191039557,-0.18949035003633707,-0.14286631483730072,VDC,VIS,ewma,20
VOX-VDC,-0.08780869445306692,0.08558639937319151,-1.6101704880954846,-1.6212977170843927,-0.22142628871979342,-0.16750378713966796,VOX,VDC,ewma,20
VDC-VAW,-0.06811361375509817,0.0733280127371696,-1.6107570537668061,-1.4592122187160688,-0.1645705358535292,-0.13228812812716118,VDC,VAW,adaptive,15
VOX-VIS,-0.054116767368843126,0.06457189059534364,-1.612416276012694,-1.3645729509436473,-0.13731954757940423,-0.10651854852182707,VOX,VIS,ewma,5
VOX-VHT,-0.07926035339105457,0.07994062213014626,-1.6169545588551204,-1.5550601108040998,-0.20762817879994466,-0.15232239950369386,VOX,VHT,ewma,20
VPU-VIS,-0.08650324276274948,0.08416224477859488,-1.62190591662387,-1.6388857048084509,-0.16974693745998326,-0.16511838347334218,VPU,VIS,standard,10
VGT-VAW,-0.10521981959325401,0.09565801299950699,-1.622653604503095,-1.735498451800843,-0.29301727204770056,-0.19752916186034652,VGT,VAW,standard,20
VIS-VDC,-0.07159292374918871,0.0748979554562046,-1.6234478365739662,-1.574437088840447,-0.17336810872220987,-0.13851057820039303,VIS,VDC,ewma,15
VNQ-VDE,-0.11445662246824788,0.10123573647579256,-1.624491787122748,-1.763347505379017,-0.21984942007471509,-0.21312378677379373,VNQ,VDE,standard,5
VNQ-VIS,-0.06152252099549062,0.06861352630467435,-1.625372240748586,-1.389757695146671,-0.15921410770237077,-0.12016191364530793,VNQ,VIS,standard,10
VGT-VDC,-0.1459452857328115,0.12054008408751828,-1.6255612165538655,-1.9478836546324032,-0.32340533436536045,-0.26441545564048274,VGT,VDC,adaptive,15
VIS-VNQ,-0.058459631481144796,0.06671898339669403,-1.6256187663452768,-1.3959030694023458,-0.14585790703548296,-0.1145089218157963,VIS,VNQ,ewma,5
VAW-VOX,-0.07256267286510945,0.07535756279598924,-1.626415031453653,-1.5094434261078558,-0.19125071629801882,-0.14025360640266238,VAW,VOX,adaptive,20
VFH-VCR,-0.06512542851604301,0.07077929494713607,-1.6265410470961652,-1.4504694575464214,-0.1419361538114423,-0.12675612243907652,VFH,VCR,adaptive,5
VDC-VFH,-0.08284213900762576,0.08155055678885514,-1.628954408632317,-1.5327426976297418,-0.2365385799660451,-0.15862260950081375,VDC,VFH,adaptive,5
VNQ-VDE,-0.10980779307437494,0.09809649311142343,-1.6290877278646076,-1.773433451066921,-0.23423587186905614,-0.20525008573999193,VNQ,VDE,adaptive,5
VGT-VHT,-0.12809550424951144,0.10927723402437378,-1.6297585296658221,-1.8794679678087904,-0.285490756160552,-0.23563600486104286,VGT,VHT,adaptive,15
VFH-VOX,-0.061787581885064134,0.06857945947236854,-1.6300446627186471,-1.38692366568308,-0.13843118881641592,-0.12062550926142768,VFH,VOX,adaptive,5
VGT-VNQ,-0.12747932451065874,0.10884620958304936,-1.6305512630207162,-1.8319450266870971,-0.3115916930452004,-0.23461862522595212,VGT,VNQ,ewma,5
VHT-VFH,-0.062469270175864205,0.06895623736422542,-1.6310238852187342,-1.253738979870635,-0.15942407517543122,-0.12188563901899785,VHT,VFH,ewma,20
VFH-VIS,-0.03365203262728019,0.05122971200715511,-1.63288118066322,-1.0273599838555438,-0.11743976051683969,-0.06766982751884854,VFH,VIS,adaptive,5
VNQ-VIS,-0.06647983334368718,0.07129993346057459,-1.6336597762478258,-1.3871615957048942,-0.17273678417062033,-0.12919639333455668,VNQ,VIS,ewma,10
VFH-VAW,-0.05351019107252272,0.0633503276454635,-1.6339330027117076,-1.3776876040427415,-0.15639097991119189,-0.10529036029412409,VFH,VAW,adaptive,15
VPU-VHT,-0.07500893651019877,0.07649913978558558,-1.634122120334661,-1.6569361498157191,-0.17782196407758877,-0.14460157150099018,VPU,VHT,standard,5
VGT-VPU,-0.14233228999755304,0.11767218119638621,-1.6344754388173064,-1.9903363825878035,-0.2965453378215064,-0.25854298581686164,VGT,VPU,adaptive,15
VGT-VPU,-0.14013658491408623,0.11622813408331585,-1.6358912273149844,-2.0069680145789093,-0.28520489857738507,-0.2550152967570427,VGT,VPU,adaptive,20
VDE-VNQ,-0.10824165606988768,0.0964020952868048,-1.641475277058083,-1.6788447817845615,-0.27147833913425257,-0.20250135839513894,VDE,VNQ,adaptive,10
VIS-VDE,-0.0898622632147549,0.08514942282933398,-1.6425509248028904,-1.7459838398793466,-0.2426393618879299,-0.17085773655736836,VIS,VDE,standard,10
VIS-VNQ,-0.06239832872046781,0.06838047563086802,-1.6437196097789266,-1.4941338655442158,-0.17749091349532375,-0.1216664145274503,VIS,VNQ,adaptive,20
VNQ-VAW,-0.058797189255253304,0.06610079554941131,-1.6459285905859604,-1.4061333087280419,-0.14858546407668516,-0.11504062418903949,VNQ,VAW,ewma,20
VHT-VDC,-0.038252434733376375,0.05359183614956655,-1.6467514657844045,-1.161752515762456,-0.12288957081505725,-0.07645394674143913,VHT,VDC,ewma,10
VAW-VGT,-0.10260392874832237,0.09259741051876204,-1.6480366771963002,-1.7361744559633256,-0.2880463572948716,-0.19284463107226524,VAW,VGT,standard,5
VNQ-VDC,-0.04968648268010566,0.06043044341399128,-1.6496070034962795,-1.2965516390259844,-0.12997153335789724,-0.09808390188219052,VNQ,VDC,standard,10
VPU-VOX,-0.10599484371051934,0.09447804228845123,-1.6511227363735044,-1.71519270875624,-0.22680164045737827,-0.19860250137490876,VPU,VOX,standard,5
VCR-VGT,-0.07667812833941544,0.07662538832352069,-1.6532135250599531,-1.5087190087890072,-0.152425924797697,-0.14748835815263794,VCR,VGT,adaptive,10
VPU-VCR,-0.11887370007801243,0.10187823654156943,-1.6576032900717392,-1.8523015240349394,-0.23141093552839098,-0.220151120986379,VPU,VCR,adaptive,5
VCR-VOX,-0.043864236165575714,0.05659963171892312,-1.6583895215380666,-1.2049480430438568,-0.12072531147639898,-0.08708845431702394,VCR,VOX,ewma,10
VPU-VFH,-0.09598902677404794,0.08799038445622843,-1.6591475043124901,-1.5878070476113906,-0.20834593902045428,-0.18140623345151208,VPU,VFH,standard,15
VGT-VCR,-0.07670680387421273,0.07626480201142262,-1.661406055381027,-1.6411243308439174,-0.2009062439990532,-0.14748174599987696,VGT,VCR,adaptive,15
VGT-VDE,-0.1481087026520988,0.11902762185546127,-1.6643926809918792,-2.028021239869874,-0.2707701045620319,-0.2673318821138385,VGT,VDE,adaptive,15
VOX-VAW,-0.07078779816364088,0.0725479436475758,-1.6649375859694264,-1.6081229605993654,-0.17692675381585665,-0.13682544962204124,VOX,VAW,ewma,5
VDC-VNQ,-0.04905168025417851,0.05945486514324771,-1.665997896312238,-1.3005907143014537,-0.1295407335899328,-0.09683164534833932,VDC,VNQ,ewma,20
VAW-VIS,-0.032582789106920654,0.049549231370542,-1.6666815371835968,-1.0597492317234785,-0.09946539973925983,-0.06551081364236877,VAW,VIS,standard,10
VDE-VHT,-0.11508112160183617,0.09888419766444036,-1.6694388537391223,-1.7593086207916717,-0.2715297160170431,-0.21374309506236855,VDE,VHT,adaptive,10
VPU-VIS,-0.08491744974677448,0.08069130889295317,-1.6720195966303981,-1.5798018588018372,-0.18929711926598325,-0.16198826239645592,VPU,VIS,ewma,15
VOX-VCR,-0.058428898032265274,0.06481651198913843,-1.6728591944354414,-1.4588853518614429,-0.14227726370246563,-0.11423814786165076,VOX,VCR,standard,20
VIS-VPU,-0.08653196462435735,0.08147259368142423,-1.6758023582534676,-1.6447264060564277,-0.19885678829203568,-0.1647971625921283,VIS,VPU,standard,20
VAW-VHT,-0.058657576187024,0.0647406369503706,-1.6783519796124275,-1.4968795654874043,-0.14150090096103607,-0.11463089389679026,VAW,VHT,ewma,15
VNQ-VAW,-0.06330180319065648,0.06746341742339912,-1.679455437004866,-1.4941176900360464,-0.1469016314177083,-0.1231551028850707,VNQ,VAW,standard,10
VDC-VNQ,-0.04526081161391804,0.056675822364032846,-1.6808015771178588,-1.2670224137517636,-0.12014989140932086,-0.08964792880717531,VDC,VNQ,adaptive,10
VOX-VHT,-0.08911145917294085,0.08266861362947889,-1.682760277031366,-1.6098600728785661,-0.21975311298790778,-0.16927461571462243,VOX,VHT,adaptive,5
VNQ-VCR,-0.09140126656872695,0.08396861802418702,-1.683977537036474,-1.6453991988383712,-0.21689641729475073,-0.17325644501052162,VNQ,VCR,ewma,15
VAW-VGT,-0.10586949677007484,0.09253400861124123,-1.6844563324271618,-1.7439695313618429,-0.2562887538534594,-0.19810909292365053,VAW,VGT,adaptive,20
VIS-VGT,-0.08466907514083409,0.07990726553625395,-1.685317026393985,-1.6629858126236248,-0.18158146863285385,-0.16146190091805557,VIS,VGT,standard,20
VHT-VCR,-0.10404093926489044,0.0912924645973658,-1.687334655102905,-1.7075882732491314,-0.2181823008485655,-0.19497767818432854,VHT,VCR,adaptive,20
VPU-VHT,-0.0760639616571531,0.07464605595039576,-1.6888228058683483,-1.5952838738980122,-0.15563529194715864,-0.1461748700849569,VPU,VHT,ewma,20
VPU-VDC,-0.05981751199476091,0.065020511868653,-1.68896720186703,-1.5273972325570049,-0.1369175779803542,-0.11671879691068199,VPU,VDC,adaptive,5
VOX-VPU,-0.10657434241251028,0.09266307769521834,-1.689716619682166,-1.8277032753904414,-0.25768868656480015,-0.19925011912362767,VOX,VPU,ewma,20
VPU-VIS,-0.08338573294019994,0.07890344224558836,-1.6904932046568317,-1.5986154211320673,-0.18363277114760446,-0.15917016649068616,VPU,VIS,adaptive,5
VOX-VHT,-0.09160505640090576,0.08369325557909181,-1.6919530184494507,-1.7721924895512304,-0.20551378584724644,-0.17354776643141445,VOX,VHT,standard,15
VFH-VHT,-0.07275198571470305,0.07252507395199265,-1.6925454746307134,-1.5379229173124296,-0.19353689378259986,-0.1402197587108418,VFH,VHT,standard,20
VAW-VPU,-0.09384241835813698,0.08493813097136857,-1.6934963921754311,-1.7212721557663488,-0.2233938572827192,-0.17742248745140043,VAW,VPU,standard,20
VNQ-VDE,-0.10360891538482428,0.0905930701678649,-1.695592335044985,-1.778445352479237,-0.22859192204688095,-0.19417190174333132,VNQ,VDE,ewma,20
VPU-VNQ,-0.052563010744465705,0.060391045698409425,-1.6983148670195483,-1.397598979127441,-0.11319125069767744,-0.10326253331665158,VPU,VNQ,ewma,5
VAW-VDC,-0.07981220363604839,0.0764104730216044,-1.6988797281669104,-1.6744660382730423,-0.19145355084355264,-0.1527900805399135,VAW,VDC,standard,15
VFH-VDC,-0.08275193530092857,0.07810607627293327,-1.6996364640958432,-1.5698117287089348,-0.21571966878335824,-0.15800466278785796,VFH,VDC,adaptive,5
VPU-VOX,-0.11233211553111136,0.09549109429765024,-1.6999712562211762,-1.8000109996651021,-0.2908685609773447,-0.20886935479112345,VPU,VOX,standard,20
VPU-VAW,-0.09094514424811546,0.08281869486260167,-1.7018517918200353,-1.6720019951450718,-0.2025546072607871,-0.17234298629890699,VPU,VAW,standard,5
VOX-VGT,-0.0800283244827557,0.07640204527861653,-1.7018958590516704,-1.5962538370397974,-0.18562103085961779,-0.15316436170266146,VOX,VGT,standard,5
VHT-VOX,-0.08302305222888089,0.07810655654421789,-1.703097129286112,-1.5855387839212918,-0.22576829063071002,-0.15845283622570283,VHT,VOX,ewma,20
VIS-VFH,-0.0378130740999511,0.051549493338478095,-1.703471138374987,-1.2041314167663646,-0.1051670839328882,-0.07544135933768015,VIS,VFH,standard,15
VFH-VCR,-0.0701016138004363,0.07047487447201257,-1.7041763422811318,-1.6617746336818662,-0.176935586093238,-0.1353811641296635,VFH,VCR,standard,20
VFH-VGT,-0.10121482622307608,0.08867927426201717,-1.705187908690903,-1.7151551745378621,-0.2817663439929745,-0.19002219015238186,VFH,VGT,ewma,10
VGT-VDE,-0.1543982825677165,0.11967549256706504,-1.7079376753195608,-2.077189413326589,-0.2766284970395092,-0.2766284970395092,VGT,VDE,adaptive,20
VHT-VGT,-0.14014719545447424,0.11132606134079391,-1.7080205044925751,-1.9863983351013894,-0.30925031916650647,-0.25422727112616406,VHT,VGT,standard,5
VGT-VNQ,-0.14945379010174764,0.11666746515028485,-1.7095922144603193,-1.984932735436893,-0.3207978668318514,-0.2689196052289273,VGT,VNQ,standard,5
VGT-VHT,-0.12398883659163293,0.10161413724614053,-1.7122502961391945,-1.9191669691013562,-0.28216096544840874,-0.22806239313402432,VGT,VHT,ewma,5
VGT-VHT,-0.14066521841540075,0.11132678928504645,-1.712662510433246,-1.9597083079510516,-0.2888755825849766,-0.2550176620190866,VGT,VHT,standard,5
VDE-VNQ,-0.109734389466459,0.09307434922876079,-1.7162020555616158,-1.9045916711148587,-0.2053661694288652,-0.20436204396219826,VDE,VNQ,standard,20
VCR-VPU,-0.12371485578535765,0.10092306110891822,-1.7212602736839406,-1.8227433759324698,-0.24648291424190016,-0.22755510961113523,VCR,VPU,ewma,5
VFH-VIS,-0.038168680825195776,0.051171946627595374,-1.7229886028539172,-1.166921915677918,-0.10103597939787379,-0.07606571062335143,VFH,VIS,adaptive,15
VAW-VOX,-0.07946671132921265,0.07504205892738293,-1.7252553192136642,-1.6642983151755812,-0.18346297848732684,-0.15203108837281898,VAW,VOX,standard,15
VIS-VGT,-0.08119783409537348,0.0759284503799124,-1.7279140222000777,-1.621600869841088,-0.20366575439860568,-0.15508485891099122,VIS,VGT,adaptive,10
VDC-VAW,-0.08150835698337668,0.07584942917922875,-1.7338081302184676,-1.7020920557772385,-0.15965347164718724,-0.15559390747468804,VDC,VAW,standard,5
VCR-VDC,-0.1204201382961917,0.0981206844160219,-1.7368421277375858,-1.8595215679860384,-0.26485833711879514,-0.2219952870551628,VCR,VDC,standard,15
VIS-VCR,-0.05085617814892809,0.05805139636286329,-1.7373600717285744,-1.442456879571717,-0.16698774103206282,-0.09994020935395165,VIS,VCR,ewma,15
VFH-VAW,-0.06307371293593228,0.06507151985759224,-1.7376836008040362,-1.5692205907513959,-0.17375027286675626,-0.12247303530196962,VFH,VAW,adaptive,10
VIS-VGT,-0.08373952146153656,0.07684015658625404,-1.7404899651839232,-1.6087578255253303,-0.20979983029058968,-0.1594993348572744,VIS,VGT,adaptive,15
VPU-VAW,-0.09484834604835883,0.0830628951423678,-1.7438393617281478,-1.7819957526128092,-0.18164800152420024,-0.17882059502725212,VPU,VAW,ewma,15
VOX-VDC,-0.10622643132701141,0.08958008759352203,-1.7439861416066404,-1.846326213410668,-0.22897464698187087,-0.1982464273837341,VOX,VDC,adaptive,10
VAW-VGT,-0.10882265463801748,0.09094013653105767,-1.7464527841760675,-1.8387998266610632,-0.220687184936726,-0.202609028917616,VAW,VGT,ewma,20
VDC-VIS,-0.08791470647264364,0.07896209764869636,-1.7465937529449682,-1.6568291183850534,-0.2007064319062979,-0.16677711395932737,VDC,VIS,standard,15
VPU-VDE,-0.1290548439756656,0.10251445469938668,-1.7466302142534527,-1.8653963402035312,-0.2909685993555845,-0.23603638636898483,VPU,VDE,adaptive,5
VAW-VFH,-0.06358657818687838,0.0649926379924504,-1.74768376381449,-1.4907898257679055,-0.17757822757505204,-0.12337126027025647,VAW,VFH,standard,10
VDC-VFH,-0.08203679739461127,0.07536694291894612,-1.7519192404634365,-1.7219453655238617,-0.2279246691191903,-0.15642857175500158,VDC,VFH,adaptive,10
VHT-VAW,-0.06492507900688864,0.06542487643726642,-1.756596042135229,-1.5429194224270304,-0.16895669762326193,-0.12576667351234183,VHT,VAW,ewma,20
VDC-VAW,-0.07941679194502328,0.07360601924248382,-1.7582365311548684,-1.606098648417453,-0.17860395300954657,-0.1517684362512629,VDC,VAW,adaptive,20
VFH-VDC,-0.0893344869665348,0.07918818355377247,-1.759536343852617,-1.8083437793807238,-0.20572480660356385,-0.1691591550877074,VFH,VDC,adaptive,10
VPU-VOX,-0.1141120463958391,0.0932440024490069,-1.7600279061979176,-1.9308051911608675,-0.22880165723790746,-0.21134485485919186,VPU,VOX,ewma,10
VOX-VGT,-0.08806951700894894,0.07823199987538813,-1.764872650946837,-1.7640418382018064,-0.22581356149419995,-0.16693841904918028,VOX,VGT,adaptive,5
VIS-VNQ,-0.0718227038091441,0.06899468828473432,-1.7656823566822089,-1.7437278326816328,-0.16440137095279717,-0.13817449660849324,VIS,VNQ,ewma,15
VAW-VIS,-0.032860777457044646,0.04679689511946655,-1.7706469039347925,-1.1371001828380276,-0.09562817322776895,-0.06578309330340704,VAW,VIS,ewma,10
VDC-VAW,-0.07916946470941737,0.07293746318520686,-1.7709618496248365,-1.702783509947504,-0.17589648583468154,-0.1512588007642368,VDC,VAW,ewma,20
VDC-VPU,-0.05967716550815568,0.06192768380147389,-1.771052278650624,-1.5476724184702688,-0.18664252375135004,-0.11612593866175136,VDC,VPU,ewma,15
VDE-VHT,-0.13235309161396236,0.10294573068438172,-1.7713516665691873,-2.0805856025062637,-0.3040821742264018,-0.24110926701236424,VDE,VHT,standard,10
VAW-VOX,-0.08093908450438782,0.07390362739621148,-1.771754501337239,-1.68765727448925,-0.18866504486359792,-0.154387515781648,VAW,VOX,ewma,20
VAW-VHT,-0.06480358227049489,0.06478235659442239,-1.7721427299910726,-1.6794656065684115,-0.1520040934614112,-0.125475278171007,VAW,VHT,ewma,20
VCR-VFH,-0.07567867867715859,0.07079254139618668,-1.7753096046348236,-1.6879184690369056,-0.170404070394357,-0.1450371974207938,VCR,VFH,standard,15
VPU-VDC,-0.06706281951001089,0.06580493134677029,-1.7789368838199735,-1.5866254874880155,-0.13462354150824307,-0.12955035635160672,VPU,VDC,ewma,20
VNQ-VHT,-0.05867755274002557,0.06097420014768116,-1.7823530686225584,-1.480615929461659,-0.14832055382749343,-0.11425235389117672,VNQ,VHT,standard,20
VPU-VOX,-0.11072346334169457,0.09005595945781295,-1.7847065792129622,-1.8474775081040515,-0.24844579664811928,-0.20551107134160174,VPU,VOX,adaptive,20
VHT-VCR,-0.11366468204434106,0.09169808762555061,-1.7848211045868936,-1.857517416174298,-0.23180572343911088,-0.2104199269366347,VHT,VCR,adaptive,15
VGT-VCR,-0.0865137972535642,0.07646955194823946,-1.7852046177276844,-1.8242706254369736,-0.1770176485277668,-0.1641012550259079,VGT,VCR,standard,10
VOX-VFH,-0.07683532144373016,0.07102489599744981,-1.7857867957776983,-1.7006760902503735,-0.18070422798808572,-0.14704507294090008,VOX,VFH,standard,5
VOX-VDE,-0.13489844813060511,0.10345676104997442,-1.7872050724774817,-1.9908407319150963,-0.24527042801432108,-0.24507049248146506,VOX,VDE,adaptive,20
VCR-VOX,-0.06540054442436496,0.06449046363202439,-1.7894202944923452,-1.612552709662971,-0.1299092959872047,-0.1264928849580459,VCR,VOX,standard,5
VCR-VDE,-0.14400604364771277,0.10840129820761027,-1.7897022162608436,-2.1646887462755635,-0.279437939192954,-0.25949707520737164,VCR,VDE,standard,5
VDC-VPU,-0.061259183339907694,0.06214336135156463,-1.7903631364656845,-1.593261814636012,-0.188942244505372,-0.11894779657366572,VDC,VPU,ewma,20
VCR-VNQ,-0.10278624891828746,0.08523270796912086,-1.7925776683481724,-1.772616196874732,-0.2615192632466886,-0.1920922091293894,VCR,VNQ,ewma,10
VOX-VFH,-0.07322779866259382,0.0686248754958331,-1.7956724551008652,-1.6905074185635678,-0.17204209701427597,-0.1405634567717826,VOX,VFH,adaptive,10
VPU-VDC,-0.06919080676167312,0.06634496927486223,-1.796531192408493,-1.7473872819175402,-0.16029355760971642,-0.13331051232205682,VPU,VDC,standard,5
VOX-VDE,-0.12956194748685618,0.09967888908217902,-1.801403979721509,-2.010252438673044,-0.26751830172775615,-0.2363567827531926,VOX,VDE,ewma,10
VHT-VCR,-0.10138229011345469,0.0839001586800866,-1.804314705657222,-1.804809972183774,-0.2399938996725901,-0.18962775435896384,VHT,VCR,ewma,10
VOX-VFH,-0.07448623024446446,0.06896852399192141,-1.8049716456023632,-1.7815741412115629,-0.20018039128994203,-0.14276620628630243,VOX,VFH,standard,15
VPU-VIS,-0.10158806704865911,0.08379917526201132,-1.8089446175895538,-1.8269039860094827,-0.2550296844445529,-0.1899480223546729,VPU,VIS,standard,20
VAW-VOX,-0.09214839203849086,0.07845250327817752,-1.8119038411618291,-1.8471785477509548,-0.2093383417704775,-0.17374883919095752,VAW,VOX,adaptive,5
VPU-VCR,-0.14703752327037195,0.10858017482457538,-1.8146731075788944,-2.0391442156433106,-0.3439673788815013,-0.2640269425641545,VPU,VCR,standard,20
VPU-VCR,-0.13780350279490902,0.10348956302692677,-1.8147095929474997,-2.064383311527392,-0.253846784137827,-0.24944676048739012,VPU,VCR,ewma,15
VNQ-VHT,-0.0628393108181037,0.06206662067877234,-1.8180353559461042,-1.5807727332601926,-0.1658168226225697,-0.12172824443549979,VNQ,VHT,ewma,10
VFH-VDE,-0.11029251207678595,0.08805770894643614,-1.8203120884542758,-1.9807303004433934,-0.2617385893413495,-0.20453496551213324,VFH,VDE,standard,10
VIS-VOX,-0.06442727206038304,0.06280316738290662,-1.8219984250591663,-1.578960702071202,-0.15069812039305253,-0.12460037034762983,VIS,VOX,adaptive,10
VNQ-VAW,-0.07439476024075989,0.06805540624983905,-1.8278453850395473,-1.7178945976753948,-0.1847075740641203,-0.14250815211400936,VNQ,VAW,ewma,10
VAW-VGT,-0.11380931555134347,0.08958188672232519,-1.8285986324344703,-1.925059787078842,-0.24383804310489887,-0.2103487118009194,VAW,VGT,ewma,15
VDC-VDE,-0.1332618400096092,0.1001657925843673,-1.829585083702623,-1.9140635728280324,-0.2621786563100196,-0.24209723809354455,VDC,VDE,adaptive,20
VFH-VIS,-0.04486820839683347,0.051799434942752916,-1.8314525728259148,-1.3626592640394823,-0.11332202051814033,-0.0884482209694667,VFH,VIS,adaptive,10
VFH-VNQ,-0.07136282633302038,0.06624001140892445,-1.8321679563700868,-1.740504254562647,-0.17500547826211477,-0.1370657817295916,VFH,VNQ,standard,20
VCR-VIS,-0.06618356179461436,0.06311350415645417,-1.8408669166364624,-1.686770676593817,-0.1970305932377786,-0.12770905854411752,VCR,VIS,standard,15
VOX-VDE,-0.1315230382942062,0.09856191855470588,-1.8417157554969212,-2.0079628178445,-0.29732208191883847,-0.23919156856277746,VOX,VDE,ewma,15
VOX-VFH,-0.07440208647827061,0.0675453527808319,-1.8417564104213773,-1.8102612709868893,-0.2062689896878882,-0.1424551717568816,VOX,VFH,ewma,15
VOX-VGT,-0.09189680205828708,0.07697033924240938,-1.843525745825273,-1.7920795988723122,-0.18181552991967553,-0.17314797767362478,VOX,VGT,standard,15
VAW-VOX,-0.09232391901887324,0.07709566909479373,-1.8460689256601097,-1.921487251153924,-0.2485041093525403,-0.17386309172062153,VAW,VOX,standard,5
VFH-VDE,-0.11432727423765884,0.0890053423444786,-1.8462630434211547,-1.9817474594111744,-0.22136075196146854,-0.21108010061750737,VFH,VDE,adaptive,5
VOX-VNQ,-0.10378484587620658,0.08323302990832121,-1.8476420484223168,-1.9581812702911483,-0.25931373951832226,-0.19342452527728993,VOX,VNQ,ewma,20
VPU-VDE,-0.1355401075473318,0.10032955795661075,-1.8493065386331295,-1.960075223135119,-0.3030518299168229,-0.24557318418696505,VPU,VDE,ewma,20
VDC-VNQ,-0.05517764377405578,0.05679227081952582,-1.851971091423492,-1.5110678601942384,-0.13656135783618129,-0.10757675988093474,VDC,VNQ,adaptive,20
VAW-VGT,-0.12474817674308933,0.09431253527309087,-1.8528626787212257,-2.041294520079213,-0.2791674744435614,-0.22814670097243528,VAW,VGT,adaptive,10
VHT-VIS,-0.06761116972221798,0.06343449587747381,-1.8540569779160618,-1.577023272084752,-0.17920511471992495,-0.13024110573028835,VHT,VIS,ewma,10
VNQ-VPU,-0.06977189692186186,0.06457464958975626,-1.8547819877115017,-1.6795304187726643,-0.1390464802113377,-0.13412447889242107,VNQ,VPU,standard,10
VOX-VAW,-0.0935909457380946,0.07740099028676309,-1.8551564418763145,-1.8987601779203576,-0.22653328745407197,-0.17600031983435616,VOX,VAW,standard,15
VHT-VNQ,-0.0647918010764344,0.06181718099534659,-1.856956257598928,-1.6814823876348812,-0.16175703699558797,-0.1251302587154205,VHT,VNQ,adaptive,5
VOX-VHT,-0.09676451436778594,0.07898009819043093,-1.8582467954638173,-1.8838992402185326,-0.23996984819195544,-0.18142929300703625,VOX,VHT,ewma,15
VNQ-VDE,-0.13027007951194722,0.09699682194531484,-1.8585153193326311,-2.1083064828126563,-0.2758958195803166,-0.23702877861042493,VNQ,VDE,ewma,5
VDC-VIS,-0.09371701337810215,0.07725771787156563,-1.8602285614625507,-1.8413471838959214,-0.19610104986948396,-0.17619327364595705,VDC,VIS,adaptive,10
VFH-VDE,-0.11222667919425583,0.08703428795688387,-1.863939867867037,-1.9849018406655021,-0.2186671678879295,-0.20747728089757467,VFH,VDE,adaptive,15
VIS-VAW,-0.040202255521308204,0.0483331597510052,-1.8662602649195144,-1.3419796473274923,-0.11902031194220553,-0.07956318171790033,VIS,VAW,adaptive,15
VNQ-VDE,-0.13392666667091563,0.09853339259388119,-1.866642991061867,-1.9428933300993254,-0.2837093655121884,-0.24285992118155864,VNQ,VDE,ewma,10
VPU-VHT,-0.08928789150214723,0.07461472393949617,-1.8667614667460735,-1.8619568731500333,-0.18927025549225995,-0.1685077867924103,VPU,VHT,adaptive,20
VPU-VAW,-0.109763935262369,0.08545895935939235,-1.8694814032369813,-2.0422046626637136,-0.20715751542915528,-0.20333535132828762,VPU,VAW,standard,10
VIS-VAW,-0.03944527045941632,0.04781452377368049,-1.8706715742435458,-1.3338931140577384,-0.12171758990251036,-0.07811953823098383,VIS,VAW,adaptive,20
VOX-VDC,-0.10812812988973135,0.08428507029446662,-1.8761107908824104,-1.9364651750198425,-0.23999944389924333,-0.20056324612957044,VOX,VDC,ewma,15
VAW-VNQ,-0.07791961216677794,0.06815665798638176,-1.8768468986894458,-1.8502205110418066,-0.16703626685477568,-0.14855297380626953,VAW,VNQ,standard,15
VIS-VCR,-0.06979341281103392,0.06378608650508333,-1.8780492639486064,-1.8321920644141798,-0.17873679209600168,-0.13406994734948297,VIS,VCR,standard,5
VNQ-VOX,-0.10270033205238234,0.08126437233444357,-1.8790563154040498,-1.928392115561873,-0.26560427226408856,-0.19141019579907592,VNQ,VOX,adaptive,5
VDC-VNQ,-0.06083702319382547,0.05879986812122649,-1.8849876153687115,-1.630144074015754,-0.13460239891358372,-0.11784801196317785,VDC,VNQ,adaptive,5
VDC-VCR,-0.13731158954610923,0.09932576026960667,-1.8858309167498604,-2.0289975757707164,-0.2945279644302532,-0.24808800794129593,VDC,VCR,standard,15
VCR-VDC,-0.13887471018562908,0.1000530403326228,-1.8877458351862342,-2.2241732289367624,-0.27243948122880146,-0.2505326676700571,VCR,VDC,standard,10
VCR-VFH,-0.08520026037519916,0.07161363920114143,-1.8879121614733443,-1.9638777925168809,-0.178356146633598,-0.16129556147683377,VCR,VFH,standard,5
VNQ-VAW,-0.07480180264967526,0.06606020667484307,-1.8892130214482363,-1.77991086801391,-0.15636570736021416,-0.142976612306281,VNQ,VAW,adaptive,15
VHT-VOX,-0.09642545193368017,0.07743093845268713,-1.891045812690892,-1.8676803868796277,-0.20306349243977262,-0.18067755685202413,VHT,VOX,ewma,5
VHT-VCR,-0.1108984932610788,0.08504458650534953,-1.8919310431470886,-1.9279357381256779,-0.2558593584021349,-0.20509720727908776,VHT,VCR,ewma,5
VCR-VGT,-0.08994581419307636,0.07393058493887576,-1.8929353028760774,-1.9318107756803953,-0.22684012087902494,-0.16951967099391796,VCR,VGT,standard,5
VNQ-VCR,-0.12116637362824786,0.09031275342050518,-1.8952624866975332,-2.0103382161125856,-0.25910483958173736,-0.22201461118976562,VNQ,VCR,standard,5
VOX-VCR,-0.07014602974858897,0.06337693736791966,-1.8957373886830453,-1.7277882362409827,-0.15648166101761762,-0.13464143103963722,VOX,VCR,standard,5
VFH-VAW,-0.07169856506647262,0.06416388529318674,-1.8966832278062686,-1.751979550928761,-0.16400557026475726,-0.1374162401526945,VFH,VAW,standard,5
VIS-VFH,-0.045781162251807055,0.050497654682699775,-1.8967447667351007,-1.4860141785871783,-0.09804731194958882,-0.08999197072925058,VIS,VFH,ewma,10
VDC-VHT,-0.06365329531643281,0.05989765588203032,-1.8974581499529015,-1.7152485558569484,-0.187609703003508,-0.12292537525999259,VDC,VHT,ewma,20
VDE-VFH,-0.12622427331016273,0.09281092982766086,-1.8987448314265434,-2.097973124283293,-0.291479932624759,-0.2302130284456938,VDE,VFH,standard,10
VAW-VHT,-0.07989567289759247,0.06824604901387198,-1.9033434869055839,-1.8798135620675662,-0.1717648287008976,-0.15192973553811295,VAW,VHT,adaptive,10
VDC-VPU,-0.07775526305039662,0.06691250008794135,-1.9092884421070981,-1.8189419542494958,-0.16774588181830863,-0.14813342280586372,VDC,VPU,standard,10
VHT-VGT,-0.14774626547511482,0.10333229548801313,-1.9136927573437477,-2.099404761237594,-0.3263074459450287,-0.2642687520803242,VHT,VGT,ewma,5
VAW-VGT,-0.12729511921741765,0.0925828372825706,-1.9149890457158705,-2.14202662377464,-0.2757941199928441,-0.23182875658346613,VAW,VGT,standard,15
VPU-VOX,-0.12142844585703287,0.08944810326068806,-1.916512923224552,-2.071756962102367,-0.24237220654725478,-0.22229374457483597,VPU,VOX,adaptive,10
VHT-VNQ,-0.07216453108948578,0.06372800545948526,-1.9169677476749398,-1.937931523216594,-0.1663191552215051,-0.1381691689960829,VHT,VNQ,standard,5
VNQ-VFH,-0.09334132136093101,0.07476605384884168,-1.9171978990723704,-1.754661848914545,-0.20860483346487724,-0.1752807627294224,VNQ,VFH,ewma,10
VCR-VHT,-0.1300035075201935,0.09358998064158011,-1.9233202773013671,-2.161204030218837,-0.28073708819785304,-0.23613201831011954,VCR,VHT,standard,20
VIS-VDE,-0.1076534958903193,0.08184411348543108,-1.9262655452720234,-2.0622073815809627,-0.2240967262045409,-0.19947185024767167,VIS,VDE,ewma,15
VOX-VDE,-0.15144013093526537,0.10447441229686268,-1.928128873918676,-2.20338019649837,-0.27384089181228055,-0.2698554440364923,VOX,VDE,adaptive,15
VFH-VOX,-0.0862215015224076,0.07061279468383112,-1.9291334117611338,-1.9478543753801523,-0.2127449636738904,-0.16289195993597405,VFH,VOX,standard,15
VCR-VHT,-0.12916485857015983,0.09266726849959252,-1.9334211687802967,-2.158177830308463,-0.2773310079635123,-0.23471507133448266,VCR,VHT,standard,10
VAW-VCR,-0.09451447444803118,0.07470536631801479,-1.9344590833387332,-1.9334912814162455,-0.23213247219163358,-0.17718844652080046,VAW,VCR,standard,5
VIS-VAW,-0.04264745141270864,0.04785161586593627,-1.936140498834456,-1.4126938655136034,-0.11158953528688498,-0.08402121438232257,VIS,VAW,ewma,20
VNQ-VPU,-0.07268072271433619,0.06335868663483249,-1.9362889168048252,-1.8121102922155083,-0.14791558992581122,-0.13902251475257332,VNQ,VPU,adaptive,10
VGT-VAW,-0.12084372020243855,0.08800152534107315,-1.9413722607680783,-2.289962116719661,-0.2848734921417444,-0.2211700199088329,VGT,VAW,ewma,5
VPU-VIS,-0.10582189403922096,0.08022251599346965,-1.9423710676427215,-1.9456830210005376,-0.2067685722379764,-0.19632367575280008,VPU,VIS,ewma,20
VAW-VNQ,-0.0741343217195889,0.06388425346062127,-1.9431129737800914,-1.8379222709393246,-0.1603728495246839,-0.14158545132713518,VAW,VNQ,ewma,10
VNQ-VFH,-0.09525895193474133,0.07469083572691837,-1.944802873351575,-2.00721886199682,-0.19849695636682152,-0.17839431458515032,VNQ,VFH,ewma,5
VCR-VPU,-0.15905328955381068,0.10742288112360007,-1.9460778501488454,-2.230722600876572,-0.32918204135784,-0.28136987208657926,VCR,VPU,standard,20
VNQ-VPU,-0.07218189986020922,0.06275669722546734,-1.946914118524174,-1.752060054538577,-0.14993928640593301,-0.1380987393729478,VNQ,VPU,adaptive,15
VFH-VDE,-0.12575329289470893,0.09026176728458235,-1.947151027306878,-2.122567488491051,-0.24429942620030543,-0.22912524645076482,VFH,VDE,adaptive,10
VDC-VHT,-0.06710413087616889,0.06012904463406581,-1.9475468401143379,-1.7972540728134647,-0.1962136686711885,-0.1289953223882273,VDC,VHT,adaptive,15
VNQ-VDC,-0.05983062937906862,0.05637299344990884,-1.9482845003904299,-1.581571374934556,-0.12874261306764012,-0.11582076738236746,VNQ,VDC,standard,20
VDE-VAW,-0.11843463639041563,0.08642881860257841,-1.948824930315439,-2.094959056491135,-0.24909234224585408,-0.2171969827082907,VDE,VAW,adaptive,10
VNQ-VIS,-0.08033176280921993,0.06687043933344518,-1.9490190898751076,-1.7997988505535378,-0.1770517468505638,-0.1525187623563833,VNQ,VIS,ewma,15
VNQ-VFH,-0.0838096024067774,0.06864140384270452,-1.9494007248658451,-1.8891826684371174,-0.19298415339877095,-0.15860660072664579,VNQ,VFH,standard,10
VCR-VAW,-0.09147215087060775,0.07249141061152933,-1.951571223089256,-1.9482339794331105,-0.27131564482604553,-0.17188291526431398,VCR,VAW,standard,15
VIS-VHT,-0.083934630687287,0.06855411210315222,-1.9537067373253676,-1.853858117062793,-0.17508315256679863,-0.15880816409945986,VIS,VHT,ewma,5
VIS-VNQ,-0.08322530651798557,0.06817139503199181,-1.9542699171032796,-2.0073332799131047,-0.17554251725595116,-0.15755602024851456,VIS,VNQ,ewma,20
VPU-VHT,-0.09662102773606172,0.07498686334906016,-1.9552895158922436,-2.0123420606036784,-0.1919556101541967,-0.18068755633140787,VPU,VHT,adaptive,15
VNQ-VAW,-0.08155433074579893,0.06711801461804939,-1.9600450265765361,-1.8984739998851168,-0.1815954615572155,-0.15461828310782688,VNQ,VAW,ewma,15
VGT-VFH,-0.1251190773709951,0.08928909353956455,-1.9612594375078825,-2.213592131110678,-0.25442045635757127,-0.227999445065459,VGT,VFH,ewma,5
VPU-VCR,-0.1549098255981203,0.10439716804677669,-1.9627910357329557,-2.315813112114698,-0.280105459722652,-0.2748908950325527,VPU,VCR,ewma,10
VNQ-VPU,-0.07699693073206998,0.06469427147352842,-1.9630320867595596,-1.8769694103106178,-0.15896701053512807,-0.14658657853314594,VNQ,VPU,ewma,10
VNQ-VAW,-0.08292757505943617,0.06766719148684767,-1.9644316860006368,-1.973848513091907,-0.1941236187375447,-0.15700401703579325,VNQ,VAW,standard,15
VDC-VCR,-0.1423279426266698,0.09787822844622358,-1.964971635467829,-2.141311100270933,-0.28138696597015955,-0.2553993704715424,VDC,VCR,standard,20
VDC-VIS,-0.10933706288932797,0.08096156617715376,-1.9680580602983773,-2.0332503324941587,-0.24024149847136833,-0.20205972637723635,VDC,VIS,standard,10
VPU-VHT,-0.0922514141579882,0.07218898284804769,-1.9705418825115817,-2.120076545394583,-0.18818057645543285,-0.17313232173656556,VPU,VHT,ewma,5
VIS-VHT,-0.08360542912797271,0.06773356504751299,-1.9725143514039551,-1.8937465406268594,-0.19350972537462563,-0.1581575778298704,VIS,VHT,ewma,10
VDC-VPU,-0.07623262281506706,0.06397765865651421,-1.9730734988723138,-1.8381847021778006,-0.1831244450180055,-0.14520102749841535,VDC,VPU,ewma,10
VFH-VAW,-0.07333378163907055,0.06248535216112517,-1.973803097420995,-1.8398350537029913,-0.18297783228456177,-0.14005557457669227,VFH,VAW,standard,20
VDC-VDE,-0.15758927950515925,0.1048888949424785,-1.979134965803596,-2.3743897521211563,-0.3213327397773025,-0.2788477578880677,VDC,VDE,standard,10
VNQ-VCR,-0.122998610822776,0.08725629605773969,-1.9826490309455542,-2.083911934853619,-0.2958724229444383,-0.22444797003762784,VNQ,VCR,adaptive,5
VOX-VDC,-0.12579630456965815,0.08852835523641471,-1.9857626869966645,-2.142784727133604,-0.2837265055795145,-0.22895422085284922,VOX,VDC,adaptive,5
VIS-VAW,-0.04342250248176784,0.047040361827285736,-1.9860073105895664,-1.5352836258386091,-0.10421355074991945,-0.08537177857176637,VIS,VAW,standard,5
VFH-VHT,-0.07555629539663372,0.06316124767218008,-1.9878691448322365,-1.7703108683523627,-0.19223434662717465,-0.14395460013118155,VFH,VHT,ewma,15
VAW-VHT,-0.08435979966690839,0.06758371858700186,-1.9880498214069757,-2.003413828190036,-0.1765424411218106,-0.15940918551144145,VAW,VHT,adaptive,15
VIS-VDC,-0.11046234242803103,0.0806338112950792,-1.99001312043678,-2.0815785258168464,-0.2199371387547936,-0.2038164607132038,VIS,VDC,standard,20
VCR-VFH,-0.08444004588388494,0.06754711290039057,-1.99031520536102,-1.928498770769096,-0.1803386262204244,-0.1595446657036177,VCR,VFH,ewma,5
VPU-VDE,-0.1603957330692562,0.10515273999359057,-2.0008583046155572,-2.2663122349717835,-0.3112967593604432,-0.2829606383085873,VPU,VDE,adaptive,10
VAW-VOX,-0.10438273657514274,0.07714289996888489,-2.001256585342423,-2.073444099349295,-0.22045166374976188,-0.19360497597787152,VAW,VOX,standard,20
VDC-VPU,-0.08196203833582422,0.06587403814195315,-2.003248048213725,-1.8468107676541623,-0.2205156911625865,-0.15517442362402656,VDC,VPU,standard,15
VOX-VPU,-0.13200230178558997,0.09082177834694308,-2.003949989729703,-2.2758852960720404,-0.24643726300181312,-0.23879450873685848,VOX,VPU,adaptive,20
VFH-VNQ,-0.09725961100963762,0.07339616452623046,-2.006366571880056,-1.9159224902965755,-0.23079588416099095,-0.1815638568599438,VFH,VNQ,adaptive,5
VDC-VHT,-0.0683993279150241,0.05901164049636967,-2.0063724193925414,-1.8546181500064656,-0.1952170267683574,-0.13113841111357016,VDC,VHT,ewma,15
VPU-VOX,-0.129225702498671,0.08931308398901378,-2.006712728906743,-2.1668171635878535,-0.25343060129792616,-0.23434169120972048,VPU,VOX,adaptive,15
VCR-VNQ,-0.12366072903747007,0.08630008157086957,-2.0122892803393233,-2.1188903963652503,-0.2834228471027549,-0.2253474294072524,VCR,VNQ,ewma,5
VPU-VDC,-0.08109012420585442,0.06512197048962658,-2.012993820982982,-1.9107371014852206,-0.17291491171302464,-0.15361000536758307,VPU,VDC,adaptive,20
VHT-VIS,-0.08530131175438244,0.06702755556124955,-2.018592362819266,-1.8508001157375624,-0.1771681864925846,-0.1609386678437177,VHT,VIS,ewma,15
VAW-VFH,-0.07724652889954944,0.06299818827033676,-2.0198442589096564,-1.822134009332861,-0.17585231140005486,-0.1468332235508505,VAW,VFH,ewma,15
VFH-VIS,-0.04474608575580708,0.04687505150379488,-2.0212476086162097,-1.5980455896455354,-0.17662467783661373,-0.087780102322505,VFH,VIS,ewma,10
VHT-VPU,-0.09629486576295251,0.0722662097978134,-2.024388246903451,-2.0615916916889474,-0.19582777964569043,-0.17982465629257505,VHT,VPU,ewma,5
VNQ-VAW,-0.08334173274710063,0.06585446612965609,-2.0247940737166363,-1.9918456170162286,-0.1733953832291556,-0.15750023461636198,VNQ,VAW,adaptive,10
VDC-VOX,-0.12069270491937169,0.0842309683498965,-2.0264839436525532,-2.106881825146992,-0.23905992535486997,-0.22044673523498948,VDC,VOX,ewma,10
VAW-VFH,-0.07728923021815558,0.06277347230727588,-2.027755125526199,-1.838260762765659,-0.1843102972519417,-0.1468808000909042,VAW,VFH,adaptive,15
VOX-VIS,-0.08573615097740776,0.06688831717860427,-2.029295349365226,-2.076218351092452,-0.22604331432604152,-0.16164771819762258,VOX,VIS,standard,15
VDC-VAW,-0.10295022775149111,0.07536826410201396,-2.0293717730378775,-2.132733846399571,-0.21814904526472567,-0.191064545737475,VDC,VAW,adaptive,5
VCR-VDE,-0.16767230499415525,0.10717641033064772,-2.030972154437893,-2.478799682550906,-0.361040519002248,-0.2936331548202674,VCR,VDE,standard,15
VNQ-VDC,-0.07341536112640722,0.06068544286425869,-2.0336897170292207,-1.8751949104551155,-0.1578838085908698,-0.14000551381256254,VNQ,VDC,ewma,10
VDC-VIS,-0.11398903285267592,0.08062242307507653,-2.0340375121195176,-2.145465366277583,-0.21833100875393896,-0.20942642110365906,VDC,VIS,adaptive,5
VPU-VCR,-0.15856326033871296,0.10241490999177459,-2.036454070559292,-2.2863690660656415,-0.2864660073841724,-0.2799040444157719,VPU,VCR,ewma,20
VIS-VFH,-0.057934342539525834,0.052985784996168614,-2.037043379603237,-1.6359445089032478,-0.1482401807116438,-0.11212366876662616,VIS,VFH,adaptive,10
VCR-VHT,-0.12710462547833226,0.08683510414062456,-2.039551022954049,-2.202785862283303,-0.27666314147065674,-0.23074434282352596,VCR,VHT,ewma,5
VOX-VPU,-0.1387542244117857,0.09243368899220376,-2.042050106078813,-2.3296166923620336,-0.2634438403061402,-0.24925447242537713,VOX,VPU,adaptive,15
VDC-VAW,-0.10041386265923638,0.07357984874953452,-2.0442263094511715,-2.097093518560527,-0.19884937058950758,-0.18672427392000057,VDC,VAW,adaptive,10
VPU-VDC,-0.08479326497986964,0.06592656759870101,-2.0445970401548026,-2.082383145555923,-0.1915826421208605,-0.15995271997457372,VPU,VDC,ewma,10
VIS-VOX,-0.0896696502019676,0.06830628041440051,-2.0447556118503276,-2.049960314010509,-0.19349712794001117,-0.16839428679777635,VIS,VOX,standard,20
VNQ-VFH,-0.08832787175522738,0.06755791368648079,-2.047545049972562,-1.9542419127356903,-0.19550676530166766,-0.16607194707772577,VNQ,VFH,adaptive,5
VPU-VHT,-0.10336495394031206,0.0747233408763007,-2.052437058377744,-2.1693105100280876,-0.1968815950034798,-0.19165811086618134,VPU,VHT,adaptive,10
VIS-VOX,-0.08221711177560277,0.06434134138679683,-2.0549324730543215,-1.9254532157070166,-0.17975881846485375,-0.15543460444110768,VIS,VOX,adaptive,15
VCR-VPU,-0.17081090462197185,0.10744349863836157,-2.0551350935172694,-2.3945435586074284,-0.3080279003948304,-0.29811448501811166,VCR,VPU,standard,5
VGT-VOX,-0.10455174474408298,0.07511110739934349,-2.0576416737191363,-2.1628951644825976,-0.22956322435140386,-0.1936273462473206,VGT,VOX,adaptive,20
VPU-VDE,-0.160338612223955,0.10210451224703514,-2.060032486273031,-2.2875390844724963,-0.3006404574910633,-0.28242845881854495,VPU,VDE,adaptive,15
VNQ-VHT,-0.0790194619041277,0.0625850875114149,-2.061504857376701,-2.0106649520300928,-0.1586167604088633,-0.14981026879050707,VNQ,VHT,adaptive,5
VPU-VDE,-0.16336455609026884,0.10343068104670805,-2.06287490260183,-2.3229431174833555,-0.3000801471032518,-0.2869608772001133,VPU,VDE,adaptive,20
VGT-VIS,-0.11079997212046419,0.07770867307651738,-2.0692667337419244,-2.3833068789073937,-0.22805249690888985,-0.2039743179791348,VGT,VIS,adaptive,20
VCR-VFH,-0.0996697943760187,0.07220972594609176,-2.0727096303862833,-2.152488702241267,-0.20856975793565147,-0.18534829086882443,VCR,VFH,standard,20
VGT-VAW,-0.14276089315432988,0.09296924100833094,-2.073383530549169,-2.4741674596715946,-0.30087070585415765,-0.2553324786302249,VGT,VAW,adaptive,20
VFH-VIS,-0.05499537430281981,0.05062621083609601,-2.0739330984644635,-1.7606302552214428,-0.13761432935728535,-0.10665688249188321,VFH,VIS,standard,20
VNQ-VHT,-0.07937810107804472,0.06227536830421888,-2.077516433881611,-2.013958013303279,-0.1804769560171916,-0.15038881917616898,VNQ,VHT,standard,15
VDC-VAW,-0.09770337395705328,0.07109223550554257,-2.0776301786928326,-2.024581499085961,-0.21023066912396104,-0.18200302046096817,VDC,VAW,ewma,10
VNQ-VDE,-0.15253502979233305,0.09745713417336156,-2.078196034700279,-2.405886136990812,-0.2799469000010416,-0.2704131991186852,VNQ,VDE,adaptive,10
VIS-VGT,-0.10272337285720688,0.07342515054789112,-2.07998719400097,-2.129276776257028,-0.20035135759203915,-0.190464998565129,VIS,VGT,ewma,20
VPU-VHT,-0.10590107495362099,0.07491471531794848,-2.0810474189477337,-2.219121518534347,-0.2097958320760278,-0.19577987773739824,VPU,VHT,ewma,10
VHT-VDE,-0.1496827121549899,0.09593402636185609,-2.081458682884854,-2.474559463802302,-0.26677915878205694,-0.26600289494141716,VHT,VDE,ewma,5
VCR-VHT,-0.12822384960687888,0.08560189026310769,-2.08200834186122,-2.2174424917732463,-0.294852573145556,-0.23230741211128791,VCR,VHT,ewma,10
VNQ-VPU,-0.08108804286515257,0.0628850470647206,-2.08456618836968,-1.958165473747175,-0.16235358644034603,-0.1533632536123225,VNQ,VPU,adaptive,20
VFH-VIS,-0.058741826081722265,0.0518271288334447,-2.098164195650942,-1.8109220946029532,-0.14195440351110955,-0.11344955394613232,VFH,VIS,standard,5
VNQ-VDC,-0.07041716466274196,0.057355123191085836,-2.099501456244056,-1.8394382352372067,-0.14207942241973626,-0.13448287998227493,VNQ,VDC,adaptive,15
VFH-VCR,-0.08602048939085116,0.06467649580922985,-2.103089966284784,-2.088534965670435,-0.19562103477981563,-0.16188200478640513,VFH,VCR,ewma,10
VPU-VCR,-0.17001951512631042,0.10454005801844936,-2.104643131989472,-2.393825709321398,-0.3091967997132594,-0.2965675088809433,VPU,VCR,adaptive,20
VDC-VPU,-0.07986624421715195,0.0616456242898386,-2.106657945526858,-2.0662773287139027,-0.2088993332117388,-0.1511526272249505,VDC,VPU,adaptive,20
VHT-VFH,-0.10751545360648469,0.07475538798715908,-2.1070782701782176,-2.115546471723847,-0.21139247646186288,-0.1983706978751949,VHT,VFH,standard,5
VNQ-VAW,-0.08945375032043368,0.06593244049567734,-2.115100689008721,-2.1131175330585914,-0.1826602054013302,-0.1677689935059904,VNQ,VAW,adaptive,20
VIS-VCR,-0.08168265640550369,0.06225766748046583,-2.1151235138518616,-2.031207029245485,-0.16458693747725794,-0.15430475652715736,VIS,VCR,standard,20
VDC-VHT,-0.07854441104349581,0.06074967294339632,-2.1159687750626643,-2.035599525032947,-0.2167394816166588,-0.14880748248552433,VDC,VHT,adaptive,10
VPU-VFH,-0.131821560403728,0.08577418472515078,-2.1197701964331714,-2.2135625770972567,-0.24234223886937345,-0.23785797321881885,VPU,VFH,ewma,10
VOX-VNQ,-0.13069282813270167,0.08514028093001919,-2.122295418325218,-2.426191554554687,-0.29488920932781837,-0.23603007593289527,VOX,VNQ,standard,20
VAW-VCR,-0.09568395364590888,0.06863106236786672,-2.122711620942627,-2.0842842612139116,-0.2494764003180432,-0.17839957922280558,VAW,VCR,ewma,5
VIS-VAW,-0.05142413653413548,0.04773656426637985,-2.1246635172185395,-1.7095946098800756,-0.12884186294230326,-0.0999835357491825,VIS,VAW,ewma,15
VNQ-VDE,-0.15578702299582156,0.09682040949938353,-2.1254508637162064,-2.5239067521404572,-0.2878875799184547,-0.2750634592188471,VNQ,VDE,standard,20
VDC-VPU,-0.08514007802542145,0.0635668565552445,-2.1259518772644403,-2.195963295644474,-0.1888403257130402,-0.1602806753834497,VDC,VPU,adaptive,5
VGT-VIS,-0.11587655057780832,0.07795999522632813,-2.127713708758535,-2.4966640260270125,-0.23893926631169649,-0.21206582709131627,VGT,VIS,adaptive,15
VOX-VDC,-0.13336046801899176,0.08603875700278495,-2.1311380406513383,-2.2934251408226105,-0.2617097245705964,-0.2402301545565575,VOX,VDC,ewma,10
VOX-VIS,-0.09197562097547411,0.06643654104996281,-2.1370110293475846,-2.1085798359519647,-0.1720225708660662,-0.1720225708660662,VOX,VIS,adaptive,20
VGT-VAW,-0.14944689224044685,0.09329859873223374,-2.1377265569964004,-2.589007846268855,-0.31199848812160635,-0.265294285364544,VGT,VAW,adaptive,15
VCR-VDC,-0.16192465302122244,0.09909996631473085,-2.1384936938139054,-2.487045951224045,-0.31569413686283654,-0.28425751384679254,VCR,VDC,standard,20
VPU-VNQ,-0.08838006620682216,0.06470026276291643,-2.1387867729980217,-2.10457479546133,-0.17811906397369637,-0.16584191022857697,VPU,VNQ,ewma,20
VPU-VDC,-0.09054259625004157,0.06556112055453098,-2.14368813499983,-2.1182336726855473,-0.17286430866285496,-0.1695450558478041,VPU,VDC,adaptive,15
VGT-VOX,-0.11411339176790947,0.0764646547124433,-2.146264733491339,-2.289032113148635,-0.24434843131322437,-0.2091021872088632,VGT,VOX,adaptive,15
VCR-VNQ,-0.14468028837860575,0.09054163854045963,-2.150174124489811,-2.497509721532035,-0.3136662484099201,-0.2578649878658352,VCR,VNQ,standard,10
VAW-VOX,-0.1138315996482033,0.0759940082515228,-2.1558489072711904,-2.3296791098338545,-0.23010689694955022,-0.20859757642302867,VAW,VOX,adaptive,10
VPU-VDE,-0.16779242091865193,0.10098148772265325,-2.1567559146763724,-2.3632306609655647,-0.33760432206890134,-0.2929160015969753,VPU,VDE,ewma,15
VCR-VDE,-0.16289370837077186,0.09858798996904694,-2.1594284297469977,-2.44912377694475,-0.2969614214372468,-0.28557933854629725,VCR,VDE,ewma,5
VIS-VCR,-0.07929931019214924,0.05977094548139065,-2.163246861008847,-2.0938702019944535,-0.18242548342746412,-0.14999492701814765,VIS,VCR,ewma,5
VOX-VNQ,-0.12882248976700253,0.08262170311682769,-2.16435250086949,-2.4169023480668157,-0.26687775145053916,-0.23283672624829,VOX,VNQ,ewma,15
VDC-VCR,-0.151279129394574,0.09277062577685377,-2.169642898375199,-2.3757228788261306,-0.2720202421648149,-0.26793051520068834,VDC,VCR,ewma,10
VOX-VFH,-0.09944341979795583,0.06887904242788549,-2.169650078315462,-2.352295322523438,-0.21359937817453756,-0.18458941573983212,VOX,VFH,ewma,20
VAW-VFH,-0.08720709372898064,0.06322533572255497,-2.170128353783235,-2.024138123466028,-0.17728626304880235,-0.1637243969702562,VAW,VFH,ewma,20
VPU-VNQ,-0.08628894542842139,0.06274010180331922,-2.1722780408560167,-2.1387312025408605,-0.17188485634736084,-0.1621277111522489,VPU,VNQ,adaptive,5
VDC-VIS,-0.1192351607500874,0.07778925252173222,-2.1755596726271107,-2.2011137093751403,-0.23999598646089393,-0.21735135994571253,VDC,VIS,ewma,10
VPU-VDC,-0.09732051469372636,0.06770616738875762,-2.175880283517397,-2.242681392238364,-0.1940742101031082,-0.18098734837508101,VPU,VDC,standard,10
VOX-VIS,-0.09560571992897267,0.0668449605375045,-2.1782602421805324,-2.1967073889094384,-0.1858579375541749,-0.17807072412585456,VOX,VIS,adaptive,10
VPU-VFH,-0.14485824805564068,0.08935964316390378,-2.1806068282774014,-2.5704305468635806,-0.25963011441378514,-0.25796167564873673,VPU,VFH,standard,10
VFH-VDE,-0.12710284434602243,0.0811352268726842,-2.1828107367460583,-2.3299222895061904,-0.2549942584595368,-0.23000372422859605,VFH,VDE,ewma,15
VOX-VFH,-0.10294963090439178,0.06999775118491937,-2.185064924447801,-2.360102704178551,-0.21770872935116725,-0.1904286067847738,VOX,VFH,standard,10
VNQ-VDE,-0.16270105373041557,0.09726895718196182,-2.1867310999594034,-2.559242979227255,-0.28913219973081683,-0.28510936630746286,VNQ,VDE,adaptive,20
VOX-VPU,-0.1633631735872181,0.09751287573711655,-2.188051290400054,-2.55809609736445,-0.3147469760358179,-0.2860973033053076,VOX,VPU,standard,10
VIS-VHT,-0.10292982954421763,0.06966696998050176,-2.1951554601415744,-2.3369759239555052,-0.21283392892366115,-0.1903584073637613,VIS,VHT,adaptive,15
VDC-VIS,-0.12409119393504306,0.0792825715226454,-2.195831827746878,-2.305535696347943,-0.242906558734571,-0.22511278835431658,VDC,VIS,standard,20
VOX-VCR,-0.08274068865452787,0.060358985430786646,-2.1991868767698386,-2.185828836627168,-0.15811038208205241,-0.15589839609960843,VOX,VCR,ewma,10
VDC-VFH,-0.11847654460743551,0.0764870952980455,-2.2026793402329736,-2.2951494699841235,-0.24461683561248504,-0.2159941090181392,VDC,VFH,standard,15
VNQ-VIS,-0.10589878826698618,0.07071777377489288,-2.204520588603926,-2.3570908983408954,-0.21575227642943107,-0.1952802002236006,VNQ,VIS,ewma,5
VNQ-VDC,-0.0815875619655955,0.05957209619016595,-2.208879162914494,-2.172355667618858,-0.20356146534968367,-0.15386321329685182,VNQ,VDC,standard,15
VAW-VHT,-0.10435533729447237,0.06981436756173941,-2.210939419568189,-2.333988639132937,-0.2327768174041548,-0.19268884148738052,VAW,VHT,standard,10
VGT-VCR,-0.1056051681565942,0.07034710367948399,-2.211962682437697,-2.3515264021608524,-0.21302623810777854,-0.19476956801841805,VGT,VCR,ewma,5
VPU-VDE,-0.17656034085465097,0.10242483858952499,-2.211966784371591,-2.6909623976667065,-0.35029476675340054,-0.30542582528489637,VPU,VDE,standard,5
VAW-VGT,-0.1535656232327541,0.09171675194195783,-2.2195031869595523,-2.5239503979627056,-0.3322082829917048,-0.27113464653620023,VAW,VGT,adaptive,5
VNQ-VDE,-0.1560765140275643,0.09267245285620876,-2.2237084233360482,-2.5716667405893423,-0.3120035730132863,-0.2749168225238232,VNQ,VDE,ewma,15
VDC-VFH,-0.11801495720390122,0.07548870216073594,-2.225696725400733,-2.2077606285991203,-0.22300047737089201,-0.21515897770915238,VDC,VFH,adaptive,20
VOX-VFH,-0.11021769020518171,0.07196685686033193,-2.2262704972112446,-2.456151567825294,-0.20718673942229204,-0.20236206437499427,VOX,VFH,standard,20
VIS-VHT,-0.10012707776901651,0.06737718488525914,-2.228158953578684,-2.3642995177530297,-0.2142637601836157,-0.18553872188183207,VIS,VHT,ewma,20
VOX-VIS,-0.09769897748031492,0.0662819247812037,-2.228344725471816,-2.237707882648998,-0.18632281841358145,-0.18145162655918978,VOX,VIS,adaptive,15
VCR-VHT,-0.15421029763824493,0.09157043497268287,-2.230089850497756,-2.5909321572342456,-0.298541895234933,-0.2720485830453885,VCR,VHT,standard,5
VOX-VNQ,-0.14216628753924995,0.08613418963738022,-2.2310105702306893,-2.5142246091676497,-0.2584015433382889,-0.25353783215632786,VOX,VNQ,standard,10
VNQ-VHT,-0.08812327645185294,0.061873355649248965,-2.2323547026421786,-2.2231913904317464,-0.19331048467629675,-0.16511214894677662,VNQ,VHT,ewma,5
VCR-VFH,-0.09707578861299825,0.06585978856399079,-2.2331652108189846,-2.2152569921164287,-0.20506192254286892,-0.18038331273880925,VCR,VFH,ewma,10
VCR-VDC,-0.17135123480510286,0.09910691652847942,-2.2334590012342397,-2.627809922798426,-0.3178481314774865,-0.2976625894334505,VCR,VDC,standard,5
VIS-VNQ,-0.1006316850116081,0.06737862710126527,-2.2356003897974857,-2.333402794310335,-0.2201775156308774,-0.1863674911393336,VIS,VNQ,standard,20
VDC-VPU,-0.08714174242602177,0.061169567229399126,-2.24199301446274,-2.244108851801034,-0.20763018403436573,-0.16339427020324793,VDC,VPU,adaptive,15
VOX-VAW,-0.12313515145707286,0.07721550842272802,-2.242232875152724,-2.461234712296653,-0.23878824716403402,-0.22336799604693425,VOX,VAW,standard,10
VNQ-VIS,-0.11191987723396413,0.07213242991811634,-2.2447583897807566,-2.3019355102078296,-0.21080369794383347,-0.20511110900301455,VNQ,VIS,standard,5
VAW-VFH,-0.08760268977874233,0.06109566572889582,-2.252249617662513,-2.1505345044324096,-0.19383475001792683,-0.1641630300426904,VAW,VFH,ewma,10
VNQ-VDE,-0.17372507240913018,0.0992463923735951,-2.2542388399062157,-2.4960525232584754,-0.30410995324377343,-0.3010312400226588,VNQ,VDE,standard,10
VCR-VIS,-0.08151112434455099,0.058278901238292734,-2.2565820828849175,-2.153672911055552,-0.1658578883734141,-0.1536073905660581,VCR,VIS,ewma,10
VPU-VNQ,-0.09474691151951568,0.064101281068722,-2.2580970162567375,-2.274709657106754,-0.19886503323320304,-0.17635700844830737,VPU,VNQ,ewma,10
VOX-VPU,-0.1683420201371643,0.09655798334833703,-2.261252902823023,-2.6964540788653393,-0.2985737178844453,-0.29305253072599424,VOX,VPU,standard,20
VNQ-VDE,-0.17097827143577896,0.09765218162309203,-2.2629117728131094,-2.670513302991287,-0.2986006826246439,-0.29693109847748433,VNQ,VDE,adaptive,15
VPU-VIS,-0.13247306129672382,0.08063066231069793,-2.26307283194068,-2.4074801861288804,-0.24270253302235856,-0.23818688331497695,VPU,VIS,adaptive,20
VPU-VHT,-0.12750613482605425,0.07840375717576169,-2.264000364525002,-2.50751650586928,-0.2358825236171559,-0.23028845874069104,VPU,VHT,standard,10
VHT-VCR,-0.15092131682936347,0.08863657728259099,-2.266799136306746,-2.514509090428516,-0.2972405762519328,-0.26684776470376714,VHT,VCR,ewma,20
VOX-VNQ,-0.14015498468014795,0.08384043187035042,-2.2680582678080747,-2.5752925312419612,-0.30418423679321727,-0.2502255549649699,VOX,VNQ,adaptive,15
VOX-VFH,-0.10588885677212874,0.06859773137109662,-2.2725074671756835,-2.4019401385384986,-0.2140345091159891,-0.19503023485058824,VOX,VFH,adaptive,20
VAW-VHT,-0.1090601912563638,0.06993193113354851,-2.274500198666152,-2.4656864361873496,-0.22158315958576957,-0.20027993631723806,VAW,VHT,standard,15
VOX-VCR,-0.09484111419485379,0.06367919282676729,-2.274543815102669,-2.422957386768361,-0.21042595183122226,-0.17646549220007857,VOX,VCR,adaptive,5
VDC-VNQ,-0.08126955229557854,0.05764796250247924,-2.2770891909654756,-2.178418333263569,-0.17548866788793405,-0.15313593275159942,VDC,VNQ,standard,20
VHT-VAW,-0.09716325203313403,0.06459901839204323,-2.2781035330911523,-2.3068450719480684,-0.19517291277059334,-0.1803885560470032,VHT,VAW,ewma,15
VAW-VNQ,-0.10323489852430873,0.06716807591537154,-2.281365015091055,-2.348618216857607,-0.2111112948674262,-0.19058125693720607,VAW,VNQ,standard,10
VAW-VFH,-0.08625501231062825,0.059674526822614454,-2.283302768627779,-2.2758894833018015,-0.2556246614719363,-0.16175531782392127,VAW,VFH,ewma,5
VNQ-VFH,-0.12060449535299177,0.07463091938473347,-2.285976064069374,-2.208346132159593,-0.23340014883445204,-0.21913575373130234,VNQ,VFH,standard,5
VOX-VPU,-0.16192702935865255,0.09258712995229539,-2.2889469569674077,-2.6290860009219252,-0.33515079181530505,-0.2833655986843493,VOX,VPU,adaptive,5
VOX-VIS,-0.10493018228208442,0.06758940165569798,-2.2922259775475227,-2.416786702887698,-0.21257731370488608,-0.19337269312360272,VOX,VIS,standard,10
VIS-VDC,-0.13121933928838828,0.07899893856881521,-2.293946508287954,-2.476320233986565,-0.2502275190651665,-0.23607337816051466,VIS,VDC,standard,10
VPU-VFH,-0.1539886366944288,0.08885973705558062,-2.295625031692773,-2.3879391472727587,-0.3243778738061389,-0.27139340504594966,VPU,VFH,standard,20
VHT-VAW,-0.0975280615731312,0.06407700802831603,-2.3023556516237087,-2.247200531746694,-0.20250483591538593,-0.18093670410982643,VHT,VAW,ewma,10
VAW-VHT,-0.10617099884082144,0.06777254271526172,-2.304340262057974,-2.5015156171327018,-0.2206969518587707,-0.1953931002785103,VAW,VHT,adaptive,20
VNQ-VDC,-0.08246197592589229,0.057468682896701054,-2.304941913563433,-2.1322886959509093,-0.1643418700856406,-0.15514158895221386,VNQ,VDC,adaptive,20
VNQ-VDC,-0.08412911479855383,0.058091397983278115,-2.308932465993735,-2.1611364924039296,-0.16708892138416098,-0.15802127765798224,VNQ,VDC,adaptive,5
VFH-VDE,-0.1572427791558983,0.08974818646374014,-2.309158405553164,-2.6172545235214977,-0.2877380746044895,-0.27622844427260196,VFH,VDE,standard,20
VFH-VIS,-0.05844786631885633,0.04693510733127132,-2.310591633538272,-1.923217910723557,-0.14202449726193522,-0.11249897692568955,VFH,VIS,ewma,15
VPU-VCR,-0.19132036869579155,0.10422231915144492,-2.315438484391526,-2.7398068127259876,-0.32809431925076826,-0.325936100592665,VPU,VCR,adaptive,10
VCR-VNQ,-0.15664310694160363,0.0890621765669091,-2.320211731928203,-2.6282452372376084,-0.3369644295444586,-0.27527194601043126,VCR,VNQ,standard,20
VIS-VHT,-0.11057019903070818,0.06915776012642193,-2.321795829378832,-2.50607364781548,-0.21490599524885723,-0.20260964088709776,VIS,VHT,adaptive,20
VGT-VCR,-0.12189198504330158,0.07396876451268221,-2.3238455607005575,-2.6108001287532234,-0.2252987826778191,-0.22104596951025313,VGT,VCR,standard,5
VIS-VAW,-0.05363216876117441,0.044575984767686205,-2.324843058460009,-1.9564658115610831,-0.12066187411429374,-0.10369630087087811,VIS,VAW,ewma,5
VNQ-VAW,-0.11219769347558914,0.06976631589321182,-2.3248711272622997,-2.4481077195781604,-0.20805088206801092,-0.20528139971007864,VNQ,VAW,standard,5
VOX-VDC,-0.160213217471139,0.09030505488518685,-2.327812299526338,-2.759444681809495,-0.2989224701500892,-0.280594411354009,VOX,VDC,standard,20
VPU-VDE,-0.18409486495904825,0.10038314700518995,-2.332013609285881,-2.656670375571074,-0.35738593254785544,-0.3155709880645877,VPU,VDE,ewma,10
VPU-VDC,-0.10331001906612676,0.06571975292091226,-2.3327844712170696,-2.420445178922801,-0.19502747790764108,-0.19054803856597524,VPU,VDC,adaptive,10
VIS-VCR,-0.09384724721644723,0.061631319164374775,-2.333995915823206,-2.3407693219725063,-0.1899952564559384,-0.1746142680474948,VIS,VCR,adaptive,20
VNQ-VPU,-0.09587968838884285,0.06245125382393875,-2.335896870863534,-2.468608467119959,-0.17805127115730757,-0.17805127115730757,VNQ,VPU,standard,20
VOX-VFH,-0.11347480816543189,0.06996018681862029,-2.3366834138001775,-2.471853652698606,-0.24394109349354243,-0.20733219371083422,VOX,VFH,adaptive,5
VOX-VNQ,-0.14412283340172166,0.08304813013958762,-2.3374738609459262,-2.6622959451688093,-0.2987007259000326,-0.2560686472197745,VOX,VNQ,adaptive,20
VOX-VFH,-0.1086338991470994,0.0677281289705337,-2.3422158792562513,-2.4767068307419198,-0.23372779190320303,-0.19935373307337712,VOX,VFH,adaptive,15
VNQ-VHT,-0.0958499691585497,0.0622595400060169,-2.3426123794755696,-2.3450934466461666,-0.22075801772939097,-0.17798605256653577,VNQ,VHT,standard,10
VHT-VPU,-0.13214056229279864,0.07767388081640907,-2.344939642237115,-2.6554947474797883,-0.2520450763411951,-0.23731911247675896,VHT,VPU,standard,5
VOX-VHT,-0.14268425627131917,0.08214144068756317,-2.3457618305505687,-2.616323911824009,-0.28378210606788223,-0.2538094886731542,VOX,VHT,adaptive,15
VPU-VFH,-0.1498854532104687,0.08509578788070243,-2.3489465012145168,-2.449393047834864,-0.2695491540532279,-0.2648879466446109,VPU,VFH,ewma,15
VCR-VNQ,-0.16258904688785897,0.09031203313948594,-2.3539393312020507,-2.7671773641065744,-0.3109368740759888,-0.2840162590904056,VCR,VNQ,standard,5
VHT-VCR,-0.1693487370116648,0.09300777455587622,-2.3583914146863787,-2.791746750919249,-0.3082922618921363,-0.29400377796649035,VHT,VCR,standard,5
VOX-VNQ,-0.14997716400544983,0.08464970512107368,-2.3624082767851853,-2.6227269117575913,-0.28351657904226124,-0.26495331737763783,VOX,VNQ,adaptive,5
VGT-VOX,-0.11438218320324774,0.06931696648402196,-2.3714566799621695,-2.516445148099147,-0.2256545881447306,-0.2087007392661382,VGT,VOX,ewma,5
VFH-VCR,-0.12085103303175725,0.07199109650104542,-2.3732244865762837,-2.700837598280498,-0.2668538883964241,-0.21919101111550088,VFH,VCR,standard,15
VPU-VAW,-0.14708683430658137,0.08300310068164367,-2.3744514685361326,-2.6382719902301135,-0.2657522782218288,-0.2604719278528508,VPU,VAW,adaptive,20
VPU-VIS,-0.14284803763900225,0.08108186153244201,-2.3784362370841836,-2.6062876165960613,-0.2539248275424837,-0.2539248275424837,VPU,VIS,adaptive,10
VOX-VHT,-0.15048785424518094,0.08428754739909548,-2.3786177250583087,-2.570989103217145,-0.27629915711986697,-0.2656658203420258,VOX,VHT,standard,10
VIS-VAW,-0.06366941501983435,0.04778197926144698,-2.3789180937414374,-2.0742936238803558,-0.14945728872333608,-0.12180990180607698,VIS,VAW,ewma,10
VDC-VDE,-0.1956545303019715,0.10326123562434414,-2.3789617547832016,-2.673095518715565,-0.33725799547356927,-0.3316576764005511,VDC,VDE,adaptive,5
VPU-VAW,-0.14657908322044297,0.08256528722730704,-2.3808926223347258,-2.6530735154143588,-0.2596647036555372,-0.2596647036555372,VPU,VAW,adaptive,15
VOX-VIS,-0.11563680128212188,0.0694177455089375,-2.386087304733862,-2.5530655183550515,-0.22368656045241508,-0.2107017183953499,VOX,VIS,standard,20
VPU-VCR,-0.1981391227646323,0.10365083166735502,-2.393990658569737,-2.788569997888118,-0.33501659032531395,-0.33501659032531395,VPU,VCR,adaptive,15
VDC-VAW,-0.1281016187252872,0.07418846363098075,-2.4006646048256046,-2.5266315399469526,-0.2497880803037852,-0.23071472813520644,VDC,VAW,standard,20
VPU-VIS,-0.13989151414060372,0.07909934668865647,-2.4006710812421392,-2.543731355030192,-0.2513714373389232,-0.24925427132265587,VPU,VIS,adaptive,15
VNQ-VCR,-0.1576738362482985,0.08630360328202685,-2.406317098599608,-2.7139826069893287,-0.28924169504197206,-0.2764136141161758,VNQ,VCR,ewma,5
VIS-VDE,-0.15945835081495188,0.08701467826161041,-2.4071611249910436,-2.8427720459405466,-0.28332731127229227,-0.2790851977940958,VIS,VDE,standard,15
VOX-VPU,-0.172223498897732,0.09214603789097835,-2.411644645650999,-2.8630040649624897,-0.3304299459610762,-0.29794949020063566,VOX,VPU,ewma,15
VPU-VNQ,-0.10306673843731372,0.06340661076479256,-2.414050153305248,-2.400203914353241,-0.2012941255493721,-0.1899123264347261,VPU,VNQ,adaptive,20
VPU-VDC,-0.11072070392965214,0.06656429629369297,-2.4145181858533458,-2.50499508330725,-0.207223046249015,-0.2025754686140715,VPU,VDC,ewma,15
VHT-VDE,-0.20538103055209356,0.10568431862973904,-2.416451502581108,-2.937845138187674,-0.35577150414428826,-0.3448864657035262,VHT,VDE,standard,5
VCR-VDE,-0.21172361085008426,0.10815156740588902,-2.419970575810933,-3.008215468586845,-0.35350315774882257,-0.35350315774882257,VCR,VDE,standard,20
VHT-VFH,-0.11810255448908055,0.0694157126990614,-2.4216787230559333,-2.4028246684441372,-0.22018145659882415,-0.21460306540115437,VHT,VFH,ewma,5
VPU-VFH,-0.15510014248521706,0.08468025156212168,-2.4220540055287265,-2.577564145125441,-0.28242876272409423,-0.27248218603462404,VPU,VFH,adaptive,5
VHT-VOX,-0.15207949456025704,0.08339577866587683,-2.4231381706966686,-2.796602303216715,-0.2851734963334738,-0.2678881130767423,VHT,VOX,standard,5
VNQ-VDC,-0.09037792745615687,0.05791729068267871,-2.4237654386367833,-2.3070729822671856,-0.182781595656214,-0.16848602970629745,VNQ,VDC,adaptive,10
VDC-VDE,-0.1889049977818995,0.0985079299409467,-2.425236201035974,-2.7594101489370613,-0.34658416828644556,-0.32189097601365124,VDC,VDE,ewma,15
VOX-VHT,-0.15002391581784902,0.08229549873491458,-2.430557185905808,-2.8226599707020688,-0.28833262525586767,-0.2647262040333057,VOX,VHT,standard,20
VDC-VPU,-0.09716112690103694,0.06047234996190763,-2.43352750461551,-2.5593495156493677,-0.20790054535733704,-0.17996063414774377,VDC,VPU,adaptive,10
VIS-VFH,-0.07581300687347992,0.051648544339732906,-2.4359448747656707,-2.2308711074556102,-0.151508562673352,-0.14325881160398846,VIS,VFH,ewma,20
VOX-VHT,-0.14999341104917127,0.08204710006447241,-2.4375439338138323,-2.758776924724551,-0.280330265536073,-0.2646541996136622,VOX,VHT,adaptive,20
VPU-VNQ,-0.11184515815244138,0.06629709261387133,-2.4412104931216625,-2.5922929925436278,-0.21648294199495588,-0.20434128510816552,VPU,VNQ,standard,10
VAW-VHT,-0.11962443970442452,0.06942483715778397,-2.443281779961742,-2.6861511797936592,-0.22902471784249834,-0.2169843973040919,VAW,VHT,standard,20
VCR-VAW,-0.11639202061823575,0.06803316953575356,-2.445748474658255,-2.5496467457501586,-0.2679732942179297,-0.21174631046891446,VCR,VAW,ewma,10
VIS-VOX,-0.10714936015567107,0.06411921844131918,-2.45089325752608,-2.548569508983597,-0.23849896140858018,-0.19658668914216093,VIS,VOX,adaptive,5
VGT-VFH,-0.18392801974557688,0.0949242602375696,-2.4643649490669572,-3.0068778468692643,-0.31908223420573156,-0.3145950013016393,VGT,VFH,standard,5
VIS-VFH,-0.079363974298472,0.05248884659557056,-2.464599294688804,-2.2246286523468175,-0.1783173022315233,-0.14941187698757696,VIS,VFH,adaptive,5
VAW-VDE,-0.16872376262520522,0.08870242836695405,-2.4658148221192366,-3.0418482203233332,-0.32354957336909895,-0.2925604159294508,VAW,VDE,standard,5
VHT-VIS,-0.11301276105594137,0.06591663751067299,-2.4730139038045884,-2.4557504756237,-0.21773234783758677,-0.20616572570211833,VHT,VIS,ewma,5
VOX-VAW,-0.14260660540433648,0.07777418538673851,-2.476485024517895,-2.6954868705741237,-0.25920227915598204,-0.25317478851463704,VOX,VAW,adaptive,10
VAW-VIS,-0.07270031461434089,0.049447387586751726,-2.481431691392642,-2.1786964112771554,-0.15496486589230662,-0.13770568802068206,VAW,VIS,standard,20
VDC-VHT,-0.10393512594213875,0.06182952484192323,-2.4896702074890227,-2.6891145453021474,-0.24417975837812156,-0.19115643939341787,VDC,VHT,adaptive,5
VFH-VAW,-0.10954930967769134,0.06397842317493874,-2.493798717755661,-2.6012084063728564,-0.25451293852292456,-0.20042735363505948,VFH,VAW,standard,15
VOX-VDE,-0.2160923741861702,0.10655556351904942,-2.4972170893601406,-3.0470935566066335,-0.367210026454138,-0.3589269019705318,VOX,VDE,standard,20
VNQ-VDC,-0.10507313678227317,0.06208707396964052,-2.497671848058119,-2.572958563172739,-0.2064381162624943,-0.19302949273758363,VNQ,VDC,standard,5
VAW-VFH,-0.11212818514295718,0.06488473164397046,-2.4987108836724796,-2.5567328386665538,-0.24288861701904974,-0.20464817141271863,VAW,VFH,standard,15
VPU-VHT,-0.14043486682241596,0.07604526109985779,-2.504230560433595,-2.8873706895077356,-0.2545558090308765,-0.24970743812747853,VPU,VHT,adaptive,5
VGT-VOX,-0.1397572778083931,0.0756708612642522,-2.5076664205755073,-2.821874776624605,-0.2508171575494438,-0.24864665709476985,VGT,VOX,standard,5
VHT-VDC,-0.08874231177935063,0.05528701446625939,-2.509491842139936,-2.4750334245777053,-0.17654519715293404,-0.16550404528329266,VHT,VDC,ewma,5
VCR-VAW,-0.1310253934253813,0.07192473553601716,-2.5168725623569466,-2.7392217169733244,-0.25836057312129546,-0.23495426979089418,VCR,VAW,standard,10
VIS-VHT,-0.12474156663291032,0.06933397984135227,-2.520287556444159,-2.741765804186917,-0.2631234878355544,-0.2249689927831231,VIS,VHT,standard,15
VAW-VCR,-0.12807401690038953,0.0706406257523655,-2.5208442734445398,-2.721890411413291,-0.24944778980538718,-0.2302727777032183,VAW,VCR,adaptive,15
VCR-VIS,-0.11182263101681274,0.06402562566674845,-2.5274666093712987,-2.6179210203867633,-0.22350461492495288,-0.20407060482063288,VCR,VIS,standard,20
VGT-VIS,-0.15222291924840706,0.07991503656574128,-2.5304739625821284,-3.090703160472859,-0.3024630551207077,-0.2676756367342742,VGT,VIS,standard,5
VHT-VAW,-0.12870369850682775,0.07046092277095785,-2.536210022223619,-2.7516077030259765,-0.2346307776453137,-0.23122420406841226,VHT,VAW,standard,5
VPU-VAW,-0.16113499165174755,0.08320660910211787,-2.5374786201493396,-2.9089596424276096,-0.2810369637060961,-0.2810369637060961,VPU,VAW,adaptive,10
VIS-VGT,-0.14238089933142933,0.0755613635321267,-2.5460220718440847,-2.736276960568849,-0.2972346934576764,-0.2525824438193416,VIS,VGT,adaptive,5
VCR-VIS,-0.10177781393864492,0.05955395686537133,-2.548576483032964,-2.5556141293783963,-0.21691171171893342,-0.18742977377685954,VCR,VIS,ewma,5
VDC-VHT,-0.10021030214240592,0.05889953458913622,-2.550279950261467,-2.603768603579828,-0.20549058404300247,-0.18480682482902377,VDC,VHT,ewma,10
VCR-VIS,-0.11179863687807196,0.06335261083014385,-2.5539379475910486,-2.747437743091597,-0.20660182760247625,-0.20396134908712615,VCR,VIS,standard,10
VOX-VFH,-0.12338083494828747,0.0678342519694703,-2.5559482107404943,-2.857513112357611,-0.24724331527159216,-0.22268880729577856,VOX,VFH,ewma,10
VAW-VIS,-0.07319961115540213,0.04791502396726741,-2.571210467087828,-2.353677300894277,-0.14753913198328816,-0.13843832864697914,VAW,VIS,ewma,20
VPU-VHT,-0.14078056301823938,0.07413218403760535,-2.5735187151839645,-2.808949648362851,-0.2583271639388389,-0.2500173212299285,VPU,VHT,ewma,15
VAW-VDC,-0.14540851044912412,0.07591474797757888,-2.5740520209174265,-2.9255541303587966,-0.2652506098467069,-0.25713984835252235,VAW,VDC,standard,20
VOX-VIS,-0.11762825206934471,0.06497251807237725,-2.5799870013135755,-2.7513414627005846,-0.22563249133014818,-0.2133759405068516,VOX,VIS,ewma,20
VPU-VNQ,-0.11356916017883535,0.06335117749047496,-2.581943488002704,-2.624695662207332,-0.20824688405033376,-0.20678570793494422,VPU,VNQ,adaptive,15
VDC-VHT,-0.10779535283733775,0.06090728423358341,-2.5907468182653206,-2.6373194358370196,-0.21499359980503452,-0.19730541709328653,VDC,VHT,standard,15
VOX-VHT,-0.15510325746725317,0.0788847519677634,-2.6000367922950365,-2.8775005008180985,-0.2805051180295496,-0.27178146740403886,VOX,VHT,ewma,10
VAW-VNQ,-0.12572861153143933,0.06737083805652237,-2.6083779955951796,-2.908639819588945,-0.2507078386704982,-0.2262915960591556,VAW,VNQ,standard,20
VDC-VDE,-0.21672501815889567,0.10180497472986778,-2.6199605556273786,-2.9940396726072933,-0.3900437774871065,-0.35911965170915194,VDC,VDE,standard,20
VHT-VIS,-0.1388184987822861,0.07202059063272952,-2.6217293849361756,-2.858472014237387,-0.25043044427274375,-0.24682828262630307,VHT,VIS,standard,5
VAW-VCR,-0.12661371734688748,0.0670902962543399,-2.632477827752367,-2.8623116596724554,-0.23920533960553725,-0.22763694173598437,VAW,VCR,ewma,20
VIS-VFH,-0.08888531952516174,0.052745268341476616,-2.633133243839205,-2.4908198654665235,-0.1972882103786413,-0.1655149733416602,VIS,VFH,adaptive,15
VOX-VNQ,-0.1692232995980161,0.08324769824321501,-2.633385717855371,-3.0437252561529227,-0.30132950206664777,-0.2926110599286402,VOX,VNQ,ewma,10
VOX-VDC,-0.18000648417933146,0.08721239506157374,-2.6373141572014167,-3.151670275965292,-0.33327490621648537,-0.3082106096548657,VOX,VDC,adaptive,15
VOX-VIS,-0.12080835850462346,0.06474796170602982,-2.6380499710574905,-2.831693833467963,-0.23930624028586966,-0.2183527598736421,VOX,VIS,ewma,15
VPU-VNQ,-0.11798271202744488,0.06366850844105335,-2.6383955921155184,-2.733971543431958,-0.22137633423383263,-0.21380511933368507,VPU,VNQ,adaptive,10
VCR-VOX,-0.11641143801888137,0.06302855941462561,-2.6402545062812597,-2.806785383427872,-0.2216923190556832,-0.21125807523971263,VCR,VOX,standard,10
VAW-VIS,-0.07390349582345444,0.04692330838016009,-2.6405532793984063,-2.447531502836376,-0.1524028880249566,-0.13957186021705958,VAW,VIS,adaptive,15
VIS-VCR,-0.11297733412359418,0.061579176365212006,-2.646630626512652,-2.7584916393312473,-0.21630889113638652,-0.2056657221360857,VIS,VCR,adaptive,10
VNQ-VIS,-0.12922664233382497,0.0674586482666262,-2.6568371430367614,-2.7940362575115576,-0.23742843254562918,-0.23171386539725636,VNQ,VIS,adaptive,5
VCR-VDE,-0.2285172940036299,0.10467582388523547,-2.6607604666096614,-3.315396519642303,-0.3744533542226606,-0.3744533542226606,VCR,VDE,standard,10
VIS-VAW,-0.0798471406293426,0.04871747315717312,-2.6653094303644944,-2.578845594924827,-0.16981356200541486,-0.1499082669379389,VIS,VAW,standard,15
VOX-VAW,-0.1619962776092075,0.07917321979635156,-2.6776260729890975,-3.1447944693237093,-0.3103802311498114,-0.2818081857555146,VOX,VAW,standard,20
VNQ-VPU,-0.12315192752018952,0.06464371726267544,-2.678557713762007,-2.9676035981397155,-0.2244098342070987,-0.22200556989838627,VNQ,VPU,standard,5
VAW-VIS,-0.0754860427671216,0.0468227029964171,-2.6800256016130435,-2.468346149891031,-0.1566255811346462,-0.14228925376538082,VAW,VIS,ewma,15
VAW-VFH,-0.1277982640922337,0.06633438991995423,-2.6803331470566474,-2.7513956716056627,-0.26755911420077994,-0.22939665849075885,VAW,VFH,adaptive,5
VGT-VAW,-0.20251678276299023,0.0941089086027316,-2.683239945210252,-3.5081619269267894,-0.3825905750169165,-0.3395678801061761,VGT,VAW,standard,5
VAW-VFH,-0.12612708133369152,0.06535621125683927,-2.6948790015005724,-2.7623116153230205,-0.25132490418875597,-0.22671026853516596,VAW,VFH,adaptive,10
VCR-VAW,-0.15067908446394923,0.07432361923749177,-2.70007147825652,-2.969347861300433,-0.2927081493461158,-0.2647776553919149,VCR,VAW,standard,20
VPU-VFH,-0.17947065326303918,0.08489273418237278,-2.7030658804094294,-2.8922208840693946,-0.3128087858098293,-0.30720924986027587,VPU,VFH,ewma,20
VIS-VHT,-0.1358049261383115,0.06857732059282504,-2.709422364888247,-2.9031210356649813,-0.2920724867436232,-0.2418958120167728,VIS,VHT,standard,10
VIS-VCR,-0.10674569876440167,0.0578503106994698,-2.709504873339224,-2.8214071565163303,-0.20229274566548083,-0.19532012815779665,VIS,VCR,ewma,20
VPU-VDC,-0.1190559332638008,0.06229289270939011,-2.713887988032334,-3.058290493624173,-0.22203721190552306,-0.2153515098677814,VPU,VDC,ewma,5
VOX-VAW,-0.15331897864278093,0.07477604471850714,-2.719038957037257,-3.0929877467577755,-0.27761895853442864,-0.26870673155897873,VOX,VAW,ewma,15
VOX-VDC,-0.1847152049994152,0.08610493928058333,-2.72592033581915,-3.27004650332961,-0.3251709616226668,-0.31458068009341156,VOX,VDC,adaptive,20
VIS-VFH,-0.09236674630162915,0.052095120997048605,-2.732823027893433,-2.689080228237755,-0.18131585370921932,-0.17126174588620713,VIS,VFH,standard,5
VDC-VFH,-0.16037417511764626,0.07683979279420027,-2.737828506137317,-2.8500893685686637,-0.2871645581991885,-0.27922537555319116,VDC,VFH,ewma,10
VIS-VFH,-0.09408730548088434,0.052530959722113545,-2.742902590074497,-2.6511153411034156,-0.19059873354194368,-0.17415333734542737,VIS,VFH,adaptive,20
VAW-VIS,-0.08363919209675194,0.048598804917192505,-2.749845234352156,-2.674907529284448,-0.17739378242425508,-0.1563364070769494,VAW,VIS,standard,15
VOX-VAW,-0.15570596353785965,0.07480063436658059,-2.750056403662866,-3.171744138196329,-0.2764962027828236,-0.27220083102573456,VOX,VAW,ewma,20
VCR-VAW,-0.1398570803193883,0.06890304624221423,-2.755423608587426,-3.0450616980396026,-0.28453094661732725,-0.24806177493389403,VCR,VAW,ewma,5
VOX-VPU,-0.2089280294306783,0.09346261595862042,-2.7703914209432776,-3.3156755164169014,-0.37806621126959383,-0.34793560126725664,VOX,VPU,ewma,10
VAW-VFH,-0.1307636607920117,0.06507853980998436,-2.7776231814635604,-2.8250956397515905,-0.257129588901594,-0.2338385712097829,VAW,VFH,standard,20
VDC-VDE,-0.22630627701768988,0.09942859252935453,-2.778941851521385,-3.234792808214022,-0.3939191403141683,-0.37101478067868954,VDC,VDE,ewma,20
VPU-VFH,-0.19087470783886015,0.08617723098137918,-2.795108465377674,-3.1629714175387758,-0.3296456440603097,-0.3230041529510752,VPU,VFH,adaptive,20
VDC-VDE,-0.2281943108483465,0.09951446745498779,-2.7955162496767496,-3.2498266007384493,-0.37732936138701056,-0.3734028165824478,VDC,VDE,adaptive,15
VIS-VNQ,-0.14243834736789068,0.06862920973786468,-2.8040297724966656,-2.98516864020325,-0.28469074897081836,-0.2519230247229307,VIS,VNQ,standard,10
VCR-VFH,-0.15413405649241502,0.07175614039964655,-2.844830496114873,-3.246916151903113,-0.2864902532973771,-0.2695772670489843,VCR,VFH,standard,10
VPU-VNQ,-0.1366621154188713,0.06559168799021652,-2.8458196631059924,-3.0099833617857352,-0.2525341181905414,-0.24289467997178027,VPU,VNQ,ewma,15
VNQ-VDC,-0.11871500291781503,0.05922704068424901,-2.848614433013255,-3.039786151589727,-0.23763793626240093,-0.2145268127021056,VNQ,VDC,ewma,5
VPU-VFH,-0.19441684307453158,0.08572061095365847,-2.851319424294189,-3.2904545590905725,-0.33095976677578076,-0.3277418865302505,VPU,VFH,adaptive,10
VAW-VIS,-0.08894308113230856,0.04861295466089074,-2.8581492752607507,-2.72806643439856,-0.185137723241954,-0.16526153474648475,VAW,VIS,adaptive,5
VAW-VCR,-0.1525905357564323,0.07058931936133156,-2.8699885136930536,-3.2099907307565183,-0.2892761962566066,-0.26719107501548733,VAW,VCR,standard,15
VOX-VCR,-0.12020571078449165,0.05918261933355465,-2.875940820145324,-3.0789864785359993,-0.21891965563616156,-0.21686744031467065,VOX,VCR,ewma,5
VIS-VAW,-0.09062793850606474,0.04886502078782426,-2.877885576201476,-2.887397543264409,-0.1870203480601914,-0.16809541363385072,VIS,VAW,standard,20
VOX-VAW,-0.17338791714618637,0.07740321345150805,-2.88602897974172,-3.303492437170832,-0.3015006457771545,-0.29783642698733026,VOX,VAW,adaptive,15
VOX-VAW,-0.17425470972930085,0.0773011356137662,-2.9010532374295983,-3.31836077654743,-0.29904483265820603,-0.29904483265820603,VOX,VAW,adaptive,20
VAW-VFH,-0.14148601447480635,0.06595903786470123,-2.903105028117494,-3.216385324138136,-0.27365409738790725,-0.2502175381883692,VAW,VFH,standard,5
VAW-VFH,-0.13726005170934327,0.06449104975996178,-2.9036595373518104,-2.9491216712350776,-0.25599381842631186,-0.24369649977005747,VAW,VFH,adaptive,20
VNQ-VAW,-0.1417899868424606,0.06601521399851888,-2.905239189965567,-3.241391911744105,-0.25093879017900866,-0.25067802014415497,VNQ,VAW,adaptive,5
VFH-VDE,-0.210959087731664,0.08918789992074276,-2.9259472188891813,-3.5666777129530067,-0.3597124439012873,-0.35007760258765575,VFH,VDE,standard,15
VOX-VAW,-0.17048379383469925,0.07528179061118816,-2.9287798821556135,-3.4049892014441547,-0.2976715416323278,-0.29350188580484515,VOX,VAW,ewma,10
VDC-VPU,-0.1381735590820835,0.06407846449364972,-2.936611552243606,-3.254578069248897,-0.2599448211564185,-0.2450352784773997,VDC,VPU,standard,20
VDC-VFH,-0.17437240650362174,0.07570018277832095,-2.963961225307339,-3.199629953607258,-0.3007589045328738,-0.29904566198365334,VDC,VFH,standard,20
VNQ-VAW,-0.14904058005961338,0.0670951042660525,-2.9665440159442467,-3.444975988038228,-0.28055754825508317,-0.261597157942397,VNQ,VAW,ewma,5
VDC-VHT,-0.12830125971645173,0.059960822911906714,-2.9736292975566476,-3.226702134121789,-0.2436880476911858,-0.2295462626014101,VDC,VHT,adaptive,20
VPU-VFH,-0.19546876254749773,0.08237168603630922,-2.9800138173606854,-3.2472827050187374,-0.3292155145600302,-0.3287935799780719,VPU,VFH,adaptive,15
VAW-VCR,-0.15258283682087065,0.06706372053221613,-3.0207515361983788,-3.3570957158672114,-0.28508778542801105,-0.26682329938665794,VAW,VCR,ewma,15
VAW-VIS,-0.09295290233836319,0.04731117901459529,-3.0215459710750987,-2.8963584931039303,-0.17876699098244664,-0.17184100384413303,VAW,VIS,adaptive,20
VDC-VDE,-0.2512463117802619,0.09960929307344225,-3.0242791860610043,-3.5030897680496773,-0.42351777092104526,-0.4017319710772237,VDC,VDE,ewma,10
VOX-VAW,-0.18668871939265744,0.07809959516847104,-3.030601104680362,-3.528952109090072,-0.3687853914122975,-0.31639144750456916,VOX,VAW,adaptive,5
VAW-VIS,-0.09762419539672665,0.04848888499449814,-3.044495566632992,-3.0401509886260243,-0.193605993355635,-0.17965253049797336,VAW,VIS,adaptive,10
VIS-VCR,-0.141183340383494,0.06217560508683531,-3.0748931211282087,-3.3928752884061146,-0.2599161141416171,-0.24939659995903607,VIS,VCR,adaptive,15
VAW-VCR,-0.16965607998890414,0.07054359466112461,-3.113763638556866,-3.537067520147201,-0.3050429635376486,-0.2918400273641347,VAW,VCR,adaptive,20
VFH-VIS,-0.11212803522138926,0.05161975275945585,-3.1408138659031097,-3.2879716902062737,-0.23572101038812343,-0.2034126373304519,VFH,VIS,standard,15
VCR-VIS,-0.15144161103048612,0.06267635527251428,-3.2139968917245754,-3.673237110873076,-0.2817674581037566,-0.26472469954256495,VCR,VIS,standard,5
VIS-VFH,-0.11666368585067534,0.05160649676469711,-3.2295097768520944,-3.361516305199862,-0.21405293970304173,-0.210622941032516,VIS,VFH,standard,20
VDC-VDE,-0.27590725906255636,0.1007260841831713,-3.235579559212201,-3.7462034597531977,-0.43167361105880586,-0.4307414176834826,VDC,VDE,adaptive,10
VAW-VIS,-0.09525483682002697,0.04477170011444859,-3.244344897529383,-3.161824889046419,-0.2032074675026989,-0.17546075325853372,VAW,VIS,ewma,5
VCR-VAW,-0.18520374503006773,0.07200915818779734,-3.2663032168306243,-3.7687217050293187,-0.3284202017687371,-0.31372419954095654,VCR,VAW,standard,5
VDC-VHT,-0.14873153292163385,0.060207375216208114,-3.3007838692183067,-3.7364295580150153,-0.27569499836436584,-0.2604917782560351,VDC,VHT,standard,20
VHT-VDC,-0.1550189005630273,0.062032174961293166,-3.3050413062407533,-3.797470245523795,-0.2769986479230909,-0.26992077550683236,VHT,VDC,standard,5
VOX-VIS,-0.17505467606204575,0.06801441984624577,-3.3089259096939605,-3.7761665774508852,-0.3407848349742406,-0.2992194560135897,VOX,VIS,adaptive,5
VAW-VCR,-0.19075902092723754,0.07244730343734627,-3.3232295683089186,-3.9006538871454888,-0.33827429772711537,-0.3213686139158469,VAW,VCR,adaptive,5
VAW-VCR,-0.19062167019682422,0.07216726703303498,-3.3342217336105877,-3.9083688791081856,-0.3439072123205299,-0.3211546959718229,VAW,VCR,standard,20
VAW-VCR,-0.18809338388330682,0.0713060522577902,-3.3390347150692947,-3.8628875095827846,-0.33687828842147594,-0.3176200108171129,VAW,VCR,adaptive,10
VIS-VCR,-0.16099877104202062,0.06304861701052587,-3.346604272172928,-3.793116643893148,-0.2915508573294995,-0.27871485920463257,VIS,VCR,adaptive,5
VIS-VAW,-0.11495534886509573,0.04888436501000953,-3.374398927577756,-3.6460519390104045,-0.22413874548507562,-0.2076964215333792,VIS,VAW,standard,10
VAW-VIS,-0.11320624217200502,0.0481656370971406,-3.388437317726124,-3.52948880414078,-0.22078042345111015,-0.20485865352057409,VAW,VIS,standard,5
VOX-VIS,-0.1727527099481557,0.0654887982598648,-3.401386433512723,-3.892746951779248,-0.3008155378533146,-0.29573838279591325,VOX,VIS,ewma,10
VIS-VHT,-0.19008943480708576,0.06959470211189098,-3.4498234423229746,-4.010752192637718,-0.33205901450621567,-0.3201811508303224,VIS,VHT,standard,20
VIS-VFH,-0.1309039954110602,0.04805751725638091,-3.764322539717558,-3.848435631140497,-0.23734860713030792,-0.2325713898257572,VIS,VFH,ewma,5
