Label,AnnRet,AnnVol,Sharpe,Sortino,MaxDD,TotalRet,Primary,Pair,Method,Window
VIS-VPU,0.09746350754024732,0.07197552907710598,0.6594395088002846,2.585392476109853,-0.05849041369892549,0.20939015844929432,VIS,VPU,adaptive,5
VGT-VFH,0.0908585808150684,0.08668413029793806,0.47135018456821687,1.917596651347075,-0.0937707995185606,0.1907173800265587,VGT,VFH,adaptive,10
VAW-VDE,0.08627267300511882,0.07956191614350086,0.45590497015803527,1.8848702358208558,-0.08493307805905448,0.18120667174759508,VAW,VDE,adaptive,10
VGT-VHT,0.09047885413717147,0.1018828935067427,0.3973076612168719,1.6261510637643943,-0.10764383775097419,0.18643478141168712,VGT,VHT,adaptive,10
VGT-VDC,0.08896577690829033,0.11405016454687106,0.34165471889588284,1.352692768396361,-0.12086145091729106,0.17973473300371268,VGT,VDC,adaptive,10
VGT-VNQ,0.08431600972803477,0.10462003038289636,0.3280061151047511,1.454356051826719,-0.12503395563133735,0.17120641343387755,VGT,VNQ,adaptive,10
VAW-VDE,0.0730880426081645,0.08074339905117775,0.28594340688494674,1.5329712458446536,-0.1324477656184735,0.15019500020966037,VAW,VDE,standard,15
VGT-VPU,0.08148032624812589,0.11048772628220797,0.2849214777731859,1.2710549570215322,-0.06849715053807615,0.16310250506124202,VGT,VPU,adaptive,10
VGT-VDE,0.08104362742645689,0.10946671348648859,0.28358965422204524,1.2368187861060218,-0.11852240250290258,0.16231250758618376,VGT,VDE,adaptive,10
VIS-VDC,0.068758544370465,0.07098815087417218,0.2642489505567614,1.783005125783318,-0.053302785114448414,0.14195990243268253,VIS,VDC,adaptive,5
VAW-VDE,0.07052250446343526,0.0822276288056601,0.2495816158330307,1.4485596458256371,-0.13850653907894872,0.1440209921968103,VAW,VDE,standard,10
VAW-VDE,0.06721223938892606,0.07729252343147458,0.22268957752668014,1.47943055122667,-0.07150824601505723,0.1373555520671481,VAW,VDE,adaptive,20
VIS-VPU,0.06174315042197817,0.07488648126494049,0.15681268799948264,1.4051305563371337,-0.06379439086187166,0.12537262854141762,VIS,VPU,standard,5
VAW-VDE,0.061804104781854,0.07910580351232749,0.14921920083922224,1.3013352447918511,-0.06806400549953606,0.12477673887532159,VAW,VDE,adaptive,15
VGT-VAW,0.05525758430927368,0.08801313798599465,0.05973635788455091,1.0643445983494049,-0.14453713086090803,0.10847354742749671,VGT,VAW,adaptive,10
VNQ-VOX,0.05403242525550123,0.06879761361409839,0.058612865238612186,1.2694494543254689,-0.1101457684387186,0.10908351171877095,VNQ,VOX,adaptive,10
VGT-VPU,0.05457471665994493,0.10019730714260275,0.04565708191572624,0.9052468302023385,-0.08886631059903205,0.10444776137250877,VGT,VPU,ewma,20
VAW-VDE,0.053095433508535066,0.08047899767444605,0.038462625007542654,1.115411046891038,-0.14159590888470974,0.10508143380945656,VAW,VDE,standard,20
VAW-VPU,0.05087864363364159,0.0727661589373431,0.012074893693347214,1.2148414497565017,-0.0632769637504712,0.10148956625993155,VAW,VPU,adaptive,5
VIS-VDE,0.050392983399911974,0.07646977742974512,0.00513906817988443,1.1163073367900154,-0.08749863056704399,0.099805301383868,VIS,VDE,standard,10
VIS-VDC,0.04920442475081734,0.07327546159207018,-0.010857321563003421,1.1923735929963872,-0.07719739739316112,0.09772304185371339,VIS,VDC,standard,5
VDE-VPU,0.048936361181239896,0.0890009882724673,-0.011950865258977057,0.9690513536645361,-0.10609018497557487,0.09435547662292376,VDE,VPU,standard,20
VNQ-VGT,0.04827357072996166,0.09830061218820418,-0.01756275196672109,0.7595071032141997,-0.14161138058977651,0.09095066109341987,VNQ,VGT,adaptive,15
VAW-VOX,0.04873692243670707,0.06638347813633318,-0.019026986815889723,1.3134092064628848,-0.06946798305791224,0.09774642513578691,VAW,VOX,adaptive,5
VDE-VNQ,0.045572209217274215,0.08408915472436457,-0.052655907854461906,0.8982569626047258,-0.11644965299624066,0.08790743635495879,VDE,VNQ,adaptive,5
VNQ-VGT,0.04311129584764698,0.09999276114491039,-0.06889202851764202,0.650833370156582,-0.1855532113431615,0.07935109254481376,VNQ,VGT,adaptive,10
VHT-VDE,0.04262645449084536,0.0917689494573044,-0.0803490238556683,0.7525194463763716,-0.12468914962706801,0.08004403907182178,VHT,VDE,standard,15
VAW-VPU,0.042248758783555725,0.07525667254496647,-0.10299739483981046,0.9394899295763866,-0.10111139726667606,0.08220193799341269,VAW,VPU,standard,5
VDE-VDC,0.04096500996803669,0.08627246994897689,-0.1047262242208518,0.7624078682172127,-0.13912032299545107,0.07749850430743899,VDE,VDC,adaptive,5
VIS-VDE,0.04221396585127898,0.07380419135139459,-0.10549582626886793,1.0392353358796675,-0.14037263304490688,0.08237146115933602,VIS,VDE,adaptive,5
VDE-VDC,0.038465222542456934,0.08917055929529612,-0.129356343043051,0.7902976960983016,-0.12464295491907762,0.07161830027694638,VDE,VDC,standard,20
VNQ-VGT,0.035749067105583454,0.09791279077955385,-0.14554720359775894,0.5528385994915725,-0.15708024022520617,0.06398978856186166,VNQ,VGT,adaptive,20
VDE-VPU,0.037092650986058615,0.08833751643932923,-0.1461140128702415,0.6835345894668168,-0.08370039534017226,0.06879077978484327,VDE,VPU,adaptive,5
VGT-VCR,0.037938429710550114,0.07088929855221965,-0.17014655999967138,0.9491634469677872,-0.10683615434829241,0.0735893354799555,VGT,VCR,adaptive,10
VNQ-VOX,0.03777412114285292,0.0695218348841979,-0.1758566769348312,0.8368885002690438,-0.10354205875117917,0.0734252338080279,VNQ,VOX,adaptive,20
VNQ-VDE,0.033964116378617105,0.08570022793590958,-0.18711599732704506,0.6514861943909398,-0.21881572933593052,0.0626012697503906,VNQ,VDE,standard,15
VIS-VPU,0.03642662642494709,0.07210122935684096,-0.18825439865769827,0.8665842663333704,-0.05532987216348195,0.07015847709008738,VIS,VPU,adaptive,10
VGT-VOX,0.036008617545044405,0.07128349035714125,-0.19627802152863957,0.9353723338498631,-0.11138023884653592,0.06939367306990674,VGT,VOX,adaptive,10
VCR-VGT,0.035605089558982374,0.06901629115047343,-0.20857264569075354,0.8346380850600443,-0.0603110605555045,0.06884681328115061,VCR,VGT,adaptive,15
VIS-VPU,0.039000726607912754,0.05210583296583157,-0.21109485763906685,1.1871504931246646,-0.04069640420812781,0.07835634560311111,VIS,VPU,ewma,5
VDE-VHT,0.03161168484169167,0.0866632491095693,-0.21218123422836052,0.5854900015201345,-0.13463318149873948,0.057423859899086604,VDE,VHT,adaptive,5
VNQ-VOX,0.03484039186596791,0.0699594242253527,-0.21669143652755174,0.772338212906479,-0.12170735997180104,0.06706959431817605,VNQ,VOX,standard,20
VNQ-VOX,0.03616104535495938,0.062400316716757144,-0.22177699366266565,0.8906828274841774,-0.0999949117858473,0.07097008229148383,VNQ,VOX,ewma,15
VDE-VIS,0.031508936957857475,0.07520904601657408,-0.24586222032476687,0.6902947055804743,-0.08058409542756206,0.05917100865472502,VDE,VIS,adaptive,5
VAW-VDE,0.03177742240524907,0.0711599680998747,-0.25607905794976,0.7057463621452658,-0.06874112584058045,0.060364862714447964,VAW,VDE,ewma,20
VCR-VGT,0.03234631425660843,0.06884309026440641,-0.25643366205074225,0.7582978631146342,-0.06031106055550495,0.06191565252486786,VCR,VGT,adaptive,20
VGT-VPU,0.026966779403029065,0.08946779379468507,-0.25744706133950956,0.5145416889994503,-0.10204387829148853,0.04715146288002536,VGT,VPU,ewma,10
VNQ-VGT,0.02356624869573255,0.10004034934413676,-0.2642308976084822,0.35762551476567933,-0.21168289822958042,0.0378937038281002,VNQ,VGT,adaptive,5
VOX-VDC,0.032275167678505245,0.0664442379752972,-0.2667625193938486,0.7742178220690457,-0.08759502631614402,0.062113658007816985,VOX,VDC,ewma,15
VFH-VCR,0.03316975970691434,0.06297532241755731,-0.2672513557214185,0.8547163021795527,-0.061456829070901664,0.06449552637647171,VFH,VCR,adaptive,20
VHT-VNQ,0.03541249503000884,0.05408351478300901,-0.2697218372089599,1.1137599960418958,-0.05862978204068514,0.07040666481866809,VHT,VNQ,standard,15
VNQ-VOX,0.028973654482903084,0.06992085040165258,-0.30071638711934096,0.6410401294451086,-0.10271938422063354,0.054604402923273954,VNQ,VOX,adaptive,15
VNQ-VGT,0.020229624948273815,0.09850960542446392,-0.3022078397680084,0.30680717997838747,-0.1909971482486299,0.031285164372979235,VNQ,VGT,standard,20
VDE-VGT,0.01796887977816303,0.1026113761447908,-0.31215954239458865,0.27614137840963493,-0.10277272532880644,0.025798424777181417,VDE,VGT,adaptive,5
VPU-VGT,0.015996433953082773,0.10844141348579507,-0.3135662377858191,0.23035414642404187,-0.13684185414121186,0.020510222588699722,VPU,VGT,adaptive,10
VHT-VOX,0.027726938004184375,0.07045790965780231,-0.31611868850482044,0.6240601160072958,-0.09455216681491929,0.051897024615449316,VHT,VOX,standard,20
VCR-VHT,0.02353293959882398,0.08081136812810583,-0.3275165488996446,0.48040655544928906,-0.11246645363724916,0.04147347568993642,VCR,VHT,adaptive,15
VGT-VIS,0.025838746230839336,0.0728868921881085,-0.3314896964848575,0.6127461076527272,-0.09290190662675024,0.04756807346596714,VGT,VIS,adaptive,10
VFH-VPU,0.02607787620489704,0.07130966311355212,-0.3354681925366806,0.6076142249078115,-0.10205625749884573,0.04830608363651345,VFH,VPU,adaptive,5
VPU-VHT,0.03798096318465023,0.0355573241453181,-0.3380185968502448,1.8923854260580084,-0.041950507540509774,0.07771734774464378,VPU,VHT,ewma,5
VDE-VPU,0.017062701830798024,0.09729282329167585,-0.3385377981113637,0.31597909509424993,-0.13618951899846088,0.025068507722643574,VDE,VPU,standard,10
VIS-VPU,0.028559413303771757,0.06325603872938555,-0.3389492470110682,0.7426967182068934,-0.0616349250219731,0.05467900620968047,VIS,VPU,ewma,15
VIS-VPU,0.027925638834162,0.06440821333092134,-0.34272587336684324,0.6933628271300326,-0.051637697929636905,0.05318114126206841,VIS,VPU,ewma,20
VFH-VDE,0.02219509966597548,0.07637654476959517,-0.3640502515255623,0.46256601566966515,-0.1415402097819045,0.039399959109682525,VFH,VDE,standard,5
VCR-VFH,0.026840391725722623,0.06357979080740722,-0.3642605296458319,0.7066639944249283,-0.062163310478747236,0.05100245077653831,VCR,VFH,adaptive,20
VAW-VOX,0.02786808179270643,0.058992221395463,-0.37516672001430507,0.7914125457528441,-0.05767283416484459,0.05376317355652516,VAW,VOX,ewma,20
VNQ-VOX,0.022480823615625357,0.07125508694010224,-0.3862064810545737,0.5055026243913567,-0.12073748817990582,0.0407806854382291,VNQ,VOX,standard,15
VCR-VAW,0.02431666468232952,0.06549496362389112,-0.39214214187763474,0.602645489913509,-0.11031924201855914,0.04544128057701857,VCR,VAW,standard,20
VGT-VHT,0.01360158428052671,0.09264048584825452,-0.39289966353473127,0.24916195287472742,-0.10825311643010327,0.01888418021124938,VGT,VHT,ewma,20
VGT-VPU,0.005722317553571318,0.10846955207397549,-0.4082037917537589,0.0890182788109933,-0.14014008918150989,-0.0002665740509325554,VGT,VPU,standard,5
VFH-VGT,0.014825318523707018,0.08478504600789048,-0.41486893187531476,0.27885039898325,-0.13031483517405062,0.022776453057038903,VFH,VGT,adaptive,5
VFH-VNQ,0.022204590787377652,0.06658911243228241,-0.4174167247068924,0.6035859220486497,-0.08259028191984852,0.04090389513412762,VFH,VNQ,standard,15
VGT-VPU,0.010203710425581585,0.09308497663081763,-0.42752644964668757,0.181992718452662,-0.10261917790194686,0.01188766575681477,VGT,VPU,ewma,15
VDE-VFH,0.016460963901114473,0.0774592207746316,-0.43298958811459826,0.3342129590392479,-0.1150314226929684,0.027351251912838048,VDE,VFH,adaptive,5
VNQ-VGT,0.01227970633847049,0.08661550514563122,-0.4354912391044573,0.20616645523086466,-0.1513087887809439,0.017229178925881605,VNQ,VGT,ewma,15
VFH-VCR,0.022003439316500624,0.06382451227413827,-0.4386490344532342,0.5606296044864596,-0.06360479927341789,0.040830327303067904,VFH,VCR,adaptive,10
VFH-VAW,0.025020011406085507,0.05688912327423201,-0.4390995528881562,0.7802476599702952,-0.09287920978750508,0.04802395853274488,VFH,VAW,standard,15
VPU-VNQ,0.03524790789140583,0.032488753167071886,-0.45406765943685834,1.981109741995495,-0.03541306049772064,0.07205530686908301,VPU,VNQ,ewma,5
VNQ-VOX,0.017711502561345356,0.07108463242462,-0.4542261292958664,0.3870685169119403,-0.16281942890532675,0.030903614003383595,VNQ,VOX,adaptive,5
VGT-VDC,0.0026121947572356604,0.10418418638560992,-0.4548464300270194,0.041341631690927146,-0.15709366882956122,-0.005571093666877913,VGT,VDC,ewma,20
VCR-VOX,0.02491362560331879,0.054531158007711064,-0.4600374412209219,0.7726411218085346,-0.03944138528418839,0.04807184437203338,VCR,VOX,adaptive,15
VDC-VGT,0.010342073217450882,0.08593803947963602,-0.4614711601833371,0.18837538722935618,-0.14137685515821763,0.013439555614014775,VDC,VGT,ewma,10
VAW-VPU,0.016473055732535487,0.07244720487287643,-0.46277760924378497,0.3830287293133427,-0.12327952715401713,0.028159219788490564,VAW,VPU,adaptive,15
VCR-VPU,0.006853440832985127,0.09259466973293164,-0.4659723857913345,0.11883309032014969,-0.12180918411740227,0.005179734682879911,VCR,VPU,adaptive,15
VCR-VPU,0.005690170462623779,0.09456395478438766,-0.46856997085629126,0.09506833718408467,-0.12023021699093628,0.0024658254756639852,VCR,VPU,standard,20
VNQ-VGT,0.0013220720265262704,0.10060501557699728,-0.4838519003679135,0.019586747015919267,-0.20552412913268725,-0.007474632674105197,VNQ,VGT,standard,15
VDE-VOX,0.007511158083151044,0.0874323853827623,-0.4859622865239334,0.13627382119798687,-0.10054474721598838,0.0074346300607759375,VDE,VOX,adaptive,5
VHT-VOX,0.016243427114669633,0.06916317822077468,-0.48807145295689724,0.3747093673674974,-0.09534734639225872,0.028155592340909363,VHT,VOX,standard,15
VIS-VPU,0.02007268204410781,0.06105157382502882,-0.49019732139359035,0.545795518367718,-0.05684391117555676,0.03718010998913601,VIS,VPU,ewma,10
VDE-VAW,0.011522770924901839,0.07672723606748004,-0.5014807133318105,0.2398298124655087,-0.13323079368332824,0.0173538592362521,VDE,VAW,adaptive,5
VNQ-VOX,0.01859438076864631,0.06216603843574285,-0.5051893287975181,0.45144191758181196,-0.10326867677576079,0.03395772794800678,VNQ,VOX,ewma,20
VCR-VHT,0.009369724104082445,0.08017235877106507,-0.5067865847871417,0.18863299420572613,-0.11156849313731598,0.012432016931011258,VCR,VHT,standard,20
VCR-VPU,0.0029439415100107947,0.09284358808623852,-0.5068315374270193,0.05082941643629106,-0.13656648570925622,-0.002710699392785787,VCR,VPU,adaptive,20
VCR-VHT,0.009936070191560299,0.07866696909619701,-0.5092852854092793,0.2068791422735262,-0.14834892896543384,0.01382589134264034,VCR,VHT,adaptive,10
VAW-VDC,0.01676817201307721,0.06472805107430743,-0.5134068991011764,0.43078380575503983,-0.07581455610280652,0.029852575895038314,VAW,VDC,adaptive,5
VFH-VGT,0.006037381514101529,0.08557201668532696,-0.5137499405624818,0.1106150734290314,-0.1281219405494114,0.0047863746215108804,VFH,VGT,adaptive,10
VNQ-VDE,0.012567558768182961,0.07211696646029822,-0.5190517997234989,0.27650953299040454,-0.15443855162796838,0.020188794938593935,VNQ,VDE,ewma,20
VDC-VGT,0.009651404333335415,0.07750665653935515,-0.5205823276117832,0.19070108050884443,-0.13547675617119626,0.013431822207573108,VDC,VGT,ewma,5
VGT-VNQ,-0.0006782788023798959,0.09715462933242322,-0.5216249513852765,-0.011988586929652371,-0.13803370517782065,-0.010706301655715622,VGT,VNQ,ewma,20
VCR-VHT,0.007730477806324428,0.08089526259639258,-0.5225216018466878,0.15576898388180646,-0.1402366252787608,0.008996484019789586,VCR,VHT,adaptive,20
VFH-VAW,0.020327397827412656,0.05648565116013697,-0.5253122087318323,0.6187697027555673,-0.09041743176344774,0.03826051717341694,VFH,VAW,adaptive,5
VCR-VFH,0.016147701995105308,0.06441522990680126,-0.5255325185344155,0.41367866057449504,-0.06777549511909109,0.02861245109639743,VCR,VFH,adaptive,15
VDE-VDC,0.009499455322745052,0.07694150068894443,-0.5263810078385218,0.18696051146006606,-0.11387115194164821,0.013194073002879447,VDE,VDC,ewma,20
VCR-VNQ,0.00791494087469566,0.07923897650946327,-0.5311156324725902,0.166046949461639,-0.12277446018976224,0.009635714865917855,VCR,VNQ,standard,20
VCR-VGT,0.013956634024082034,0.06775600144684149,-0.5319582798019159,0.3190473125683872,-0.07819349018343369,0.023645631573264048,VCR,VGT,adaptive,10
VFH-VPU,0.008769006461710872,0.07726206778960346,-0.5336511786167494,0.18272131398612781,-0.11739160641148572,0.011682179572767515,VFH,VPU,standard,15
VDC-VCR,0.012606044552346004,0.06955319459745467,-0.5376310270732325,0.270696227283877,-0.09525701600909764,0.020629010684819482,VDC,VCR,ewma,10
VFH-VPU,0.011831406583808289,0.07092289084226974,-0.5381702996438404,0.2527765913929253,-0.06157027604106835,0.0188491032843483,VFH,VPU,standard,20
VCR-VOX,0.0216407500729979,0.05256293498220313,-0.5395294219511144,0.6928784358942104,-0.05642431594057151,0.041439971798372,VCR,VOX,adaptive,10
VIS-VPU,0.011155052881533381,0.07197748394884423,-0.5396819253375739,0.25251948852346895,-0.07436845964149308,0.017324316449031096,VIS,VPU,standard,10
VCR-VPU,-0.00048584060588324236,0.0927294831171127,-0.5444421656284024,-0.008265811581576358,-0.15729440823273988,-0.00952433459481461,VCR,VPU,adaptive,10
VIS-VPU,0.01096762941985565,0.07162433714828921,-0.5449596063881568,0.2493805353956446,-0.10430411309489784,0.016995923344011565,VIS,VPU,standard,15
VPU-VGT,-0.009262486426552599,0.10796262565521444,-0.5489166835920709,-0.1324756528443037,-0.12133168116474746,-0.029762329328237525,VPU,VGT,adaptive,15
VNQ-VDE,0.012601917932581396,0.06786840098345612,-0.5510382081424738,0.3017741290532951,-0.09182220367456206,0.020868132283480945,VNQ,VDE,ewma,10
VAW-VPU,0.010048955308803465,0.07215828289473597,-0.553658472575862,0.23119560382634954,-0.12445954554708061,0.015050212304398292,VAW,VPU,adaptive,20
VGT-VFH,0.0037778598711197204,0.08222817665399043,-0.5621204556605854,0.0775795322124171,-0.10277003417393837,0.000828444158529118,VGT,VFH,ewma,20
VFH-VCR,0.013454724594095252,0.06355633688522512,-0.5750060056466275,0.3418010515347868,-0.06310169633465013,0.023187192427160497,VFH,VCR,adaptive,15
VGT-VPU,-0.01304440071170613,0.10877092609167209,-0.5796070970157252,-0.19293529071978135,-0.1844876026576866,-0.03724194384733759,VGT,VPU,standard,15
VCR-VOX,0.017884398536501703,0.05467545141791733,-0.5873861235825825,0.5489213796691708,-0.04228671378002047,0.0333965851635758,VCR,VOX,adaptive,20
VAW-VPU,0.004377668454380112,0.0757269826741495,-0.6024580662606233,0.09515766986782334,-0.12666784714640078,0.003048735122535229,VAW,VPU,standard,15
VAW-VPU,0.003964436918790992,0.07534193461080121,-0.6110217811504031,0.08637810354785874,-0.10490436251877855,0.0022749680772413683,VAW,VPU,standard,10
VGT-VDC,0.00621418470826001,0.07132686955889454,-0.6138754660413915,0.14405699201024622,-0.09841581170780878,0.007420750289304445,VGT,VDC,ewma,5
VHT-VGT,-0.011751553097150643,0.1000254932811936,-0.6173581461233428,-0.17005114390122608,-0.16234628220684422,-0.03304119845868758,VHT,VGT,standard,20
VPU-VGT,-0.01737969568832116,0.10860331902825661,-0.6204202255622605,-0.24494884076308318,-0.1365777065338859,-0.04555280592765398,VPU,VGT,adaptive,20
VCR-VAW,0.00954249179326851,0.06519975798243856,-0.6205162328613033,0.2433402661393889,-0.14125898983482232,0.014985936029051183,VCR,VAW,adaptive,10
VGT-VHT,-0.013564289408448307,0.10046618720759959,-0.6326933585834342,-0.21450774617573531,-0.15013160383519575,-0.03657364785363093,VGT,VHT,standard,20
VAW-VPU,0.0033285678359572537,0.07336870736610246,-0.6361217723403108,0.07627043210978057,-0.12894377966603998,0.0012959512447001664,VAW,VPU,adaptive,10
VNQ-VCR,0.00027391070867075704,0.07747607778272167,-0.6418250731636659,0.005427482436876453,-0.15907563214335574,-0.0054443735497679,VNQ,VCR,adaptive,10
VCR-VDE,-0.011043166879354699,0.09506841193083801,-0.6420972606943657,-0.1901861492370434,-0.15333443570421734,-0.03068213575993517,VCR,VDE,adaptive,10
VGT-VPU,-0.019413176150050566,0.1080175438267014,-0.6426102065550938,-0.27506081202990196,-0.15291450892481762,-0.04931552447449883,VGT,VPU,standard,20
VFH-VNQ,0.012862906550645046,0.05761729232588197,-0.6445477034795117,0.3566802927893216,-0.06832526553285112,0.02271111146222604,VFH,VNQ,standard,20
VIS-VHT,0.009592841388415008,0.062495754902237646,-0.6465584530468353,0.26726006527153573,-0.09835637977047884,0.015443976235209878,VIS,VHT,adaptive,5
VAW-VPU,0.0062988699327585,0.06694765537375061,-0.6527656543499527,0.15603770795130265,-0.0769157138653428,0.00818214963739905,VAW,VPU,ewma,20
VCR-VDE,-0.013815029270648645,0.0976942445257378,-0.6532117585886684,-0.2342581606092643,-0.15547056529928682,-0.036536408255604114,VCR,VDE,standard,20
VGT-VPU,0.00287727129108982,0.07209788021095727,-0.6535938167811558,0.06701038583677023,-0.08453363703509342,0.0006039664218135954,VGT,VPU,ewma,5
VDC-VGT,-0.011093934996291147,0.09286800692573789,-0.6578577167607894,-0.17771008395458057,-0.16565945473005816,-0.030411126859052007,VDC,VGT,ewma,20
VIS-VNQ,0.008469218365777168,0.06301578369277563,-0.659053640222902,0.23747413431567221,-0.0662751084790546,0.013097905946833466,VIS,VNQ,adaptive,5
VFH-VPU,0.002569431924101865,0.07145637311849103,-0.6637695982309004,0.060834833638626705,-0.13664192433376532,4.874443933799988e-05,VFH,VPU,standard,5
VOX-VGT,0.001824643494501381,0.07220048046248224,-0.6672442648152749,0.037372312521832325,-0.10742598085082733,-0.0015711430341845967,VOX,VGT,standard,20
VDE-VNQ,-0.0062857163879748825,0.08387812789666392,-0.6710416386178483,-0.12496049981731618,-0.14993297677077344,-0.019427038761823834,VDE,VNQ,standard,20
VGT-VDC,-0.025293463350846288,0.11195076470300877,-0.6725587230296305,-0.3646729095314814,-0.18666354400556429,-0.06124393470578138,VGT,VDC,standard,20
VPU-VGT,-0.021354665052140266,0.10505886653577677,-0.6791874632289231,-0.32114118421309323,-0.11716990790360748,-0.052396784445524425,VPU,VGT,adaptive,5
VHT-VDE,-0.012312857018368673,0.09171724139611627,-0.6794017795328854,-0.21287345987581063,-0.16637813098796705,-0.03253902734876124,VHT,VDE,standard,20
VDC-VOX,0.005217390346866264,0.06552716111926378,-0.6834205677188789,0.11776743701700693,-0.07930660350048613,0.006175951240388056,VDC,VOX,ewma,10
VOX-VDE,0.015952169587142913,0.04965590510251691,-0.6856753560843118,0.5074127112103028,-0.03854298163560199,0.02994360226739312,VOX,VDE,ewma,5
VPU-VOX,0.014842039489103747,0.050988275707124324,-0.6895302895285749,0.41007647812016623,-0.0553813212807599,0.027506195464815475,VPU,VOX,ewma,5
VCR-VIS,0.010708329015851847,0.05692460310454248,-0.6902405786121805,0.310687799471457,-0.08934508814048592,0.018386661061034815,VCR,VIS,adaptive,20
VPU-VGT,-0.01686124093919842,0.09671956033110354,-0.691289752665437,-0.269139400767544,-0.13854042033827507,-0.04221030970844819,VPU,VGT,ewma,20
VGT-VHT,-0.010727379027603689,0.08701753851355878,-0.6978751647651044,-0.20949712962677713,-0.11101253267763656,-0.028615696400385526,VGT,VHT,ewma,10
VGT-VDE,-0.0160310428091293,0.09437265471618435,-0.6996840664036684,-0.26936026445522054,-0.10153343889128519,-0.04019501631975719,VGT,VDE,ewma,20
VFH-VDC,0.004801213719937439,0.06439281719672166,-0.7019227958605867,0.11049680129048509,-0.0955044917898622,0.005482565951999696,VFH,VDC,standard,20
VCR-VIS,0.009634260190322937,0.057128065269768366,-0.7065833512663734,0.2790366911399717,-0.09536960764133517,0.01617366206110904,VCR,VIS,adaptive,10
VDE-VGT,-0.02779790795034754,0.11007185870182247,-0.7067919890505072,-0.4108600340787943,-0.15156416737954337,-0.06557549550749497,VDE,VGT,standard,10
VGT-VNQ,-0.024115868115245402,0.10376114021257893,-0.7142931155478985,-0.3723345967116351,-0.18739077382947722,-0.05736732879302342,VGT,VNQ,standard,20
VDC-VNQ,0.010626370436370389,0.05468135284326332,-0.7200558785823891,0.3437970135684955,-0.06529703621768768,0.0184778087844073,VDC,VNQ,standard,10
VGT-VPU,-0.02758250901827434,0.10742991410187816,-0.7221685846709425,-0.42400531960204124,-0.13103998515220028,-0.06460845306903085,VGT,VPU,adaptive,15
VHT-VDE,-0.003441536571210974,0.0738289168199733,-0.7238564355687951,-0.07583854764371965,-0.09670717180029131,-0.012258636879317053,VHT,VDE,ewma,10
VDE-VIS,-0.005702051517189918,0.07675710722113128,-0.7256924281515273,-0.12137337484448234,-0.13146887780872907,-0.017163620073763264,VDE,VIS,standard,20
VNQ-VGT,-0.011464575688717034,0.08463089527426915,-0.7262664005801251,-0.19103288420447156,-0.18987152076180414,-0.029715769573334883,VNQ,VGT,ewma,20
VGT-VFH,-0.012226123128137466,0.08539850307949001,-0.7286559000948362,-0.2502687459929142,-0.13211897316269616,-0.031273376210517845,VGT,VFH,adaptive,15
VOX-VDC,0.003594696950974707,0.06327102218650354,-0.733436910695653,0.09383210461738757,-0.06660245081158511,0.0032117766454968777,VOX,VDC,ewma,10
VGT-VFH,-0.01284224274809,0.08551978498909091,-0.7348269497649725,-0.2611567830231876,-0.14614327939939842,-0.03248931914968678,VGT,VFH,adaptive,20
VCR-VDC,-0.015004067252323996,0.08789898250572808,-0.739531509913529,-0.2711379859462155,-0.11560953396248086,-0.03708633393074379,VCR,VDC,standard,20
VCR-VIS,0.007230729865120238,0.05739387946940418,-0.7451886948621307,0.20319421489450215,-0.09125638879691922,0.011259047209836393,VCR,VIS,standard,20
VNQ-VDE,-0.004170080537997661,0.07247033766631784,-0.7474793451000343,-0.09066936968991998,-0.1372903227389799,-0.013512931409134565,VNQ,VDE,ewma,15
VGT-VHT,-0.015258944982168418,0.08723209786005959,-0.7481070223355031,-0.301725712561529,-0.12217941059296278,-0.03743036234454289,VGT,VHT,ewma,15
VCR-VIS,0.006607595521334873,0.05787690308333457,-0.7497361152200244,0.187873575743833,-0.08613208921713078,0.009941853884065655,VCR,VIS,adaptive,15
VAW-VOX,-0.00012694974092059087,0.06683981234756424,-0.749956470258512,-0.002970198835286487,-0.0837910922984565,-0.004712645905699198,VAW,VOX,adaptive,20
VAW-VDC,0.0004787877556924297,0.06596221979337268,-0.7507511481486407,0.012647822726081285,-0.07698508507316992,-0.0033767806269101586,VAW,VDC,adaptive,15
VFH-VOX,0.0038253563128544357,0.0612470586004954,-0.7539079384748126,0.10125498042826857,-0.07851221570602229,0.003923029194571992,VFH,VOX,adaptive,10
VCR-VFH,0.0012383100212023394,0.06447391905429001,-0.7563010081291638,0.03125849468606923,-0.08004294082360808,-0.0016730578429735576,VCR,VFH,standard,20
VFH-VGT,-0.014244787191845444,0.08475051366993039,-0.758045991816089,-0.2598829264551787,-0.1332709796517505,-0.03510099976957792,VFH,VGT,adaptive,20
VGT-VOX,-0.000849099758088253,0.06688405834531297,-0.7602573919118584,-0.02308973408605138,-0.10780887686231322,-0.006137007769748792,VGT,VOX,ewma,20
VIS-VDC,0.003201849367204403,0.06142715401367687,-0.7618479381671478,0.09260158091585576,-0.07502042455439817,0.0026608098777924916,VIS,VDC,ewma,15
VGT-VNQ,-0.003255263853189399,0.06988532364200783,-0.7620378797412881,-0.07417045599138565,-0.09074180675454058,-0.011325504787782381,VGT,VNQ,ewma,5
VGT-VDC,-0.023633570606015262,0.09654307153279093,-0.7627017603330087,-0.40996657033802775,-0.1137318346948959,-0.05506598979538124,VGT,VDC,ewma,10
VFH-VDC,0.006952753022551743,0.05615413862171084,-0.7665908165280789,0.18251487593784183,-0.05671401299540979,0.010833208416822337,VFH,VDC,ewma,20
VPU-VOX,-0.0068101141553859774,0.07407282066203223,-0.7669495186985,-0.14342947519447083,-0.09271608730574188,-0.01894648066145943,VPU,VOX,ewma,20
VPU-VOX,-0.01755702817748881,0.08780675897705335,-0.7693830060980099,-0.3127381486888841,-0.12414992967691596,-0.04198827312086506,VPU,VOX,standard,15
VIS-VDC,-0.006631426060176738,0.07280101694868425,-0.7778933376726713,-0.1543529303813845,-0.10302434078025569,-0.018408879718531557,VIS,VDC,adaptive,10
VDE-VPU,-0.012329740362137114,0.08009188272450432,-0.7782279332418179,-0.23585886103410234,-0.1066851871782013,-0.03064837513917973,VDE,VPU,ewma,20
VDC-VOX,-0.004664058293140647,0.06974529902973718,-0.7837669212635188,-0.09995567038068517,-0.15564193281467364,-0.014117165217928385,VDC,VOX,ewma,20
VFH-VOX,0.0019384364600480912,0.06120996383953174,-0.7851918303031553,0.05168113613593451,-0.08096979238100199,0.0001392779012949763,VFH,VOX,adaptive,15
VPU-VIS,-0.012282395911603175,0.07822664144461912,-0.7961788306570239,-0.24179101793296448,-0.121070190554314,-0.030270751213558156,VPU,VIS,standard,15
VNQ-VHT,0.0024642184482987395,0.059573185124444185,-0.7979392314243788,0.06904797815500237,-0.0676793438936385,0.001391692795549515,VNQ,VHT,standard,5
VFH-VGT,-0.01209059986654798,0.07756703415482012,-0.8004766527829086,-0.22855121390038335,-0.11668214985732406,-0.029806439540412843,VFH,VGT,ewma,15
VNQ-VGT,-0.03526941996303451,0.10632716264010934,-0.8019533094440783,-0.5231076020038208,-0.19249895753614454,-0.0787329084324686,VNQ,VGT,standard,5
VGT-VPU,-0.03638368685079988,0.10743329795287668,-0.804068091521217,-0.5579956084422751,-0.14107464820232407,-0.08096476158293575,VGT,VPU,adaptive,20
VFH-VNQ,0.0033785935929290904,0.05795896637690707,-0.8043864361536736,0.09697881169720675,-0.06030336629941346,0.003419695849052662,VFH,VNQ,standard,10
VFH-VOX,0.0011257580939672733,0.06066276747223792,-0.8056711545248875,0.029841715833274423,-0.0840917894395985,-0.001422307842907533,VFH,VOX,adaptive,20
VOX-VDE,-0.022772395223520044,0.0901061495956109,-0.80762961851235,-0.4043315368303952,-0.1352441869257811,-0.05233952201159697,VOX,VDE,standard,5
VGT-VFH,-0.013810324827245288,0.07886691430383325,-0.8090886449724306,-0.2884474736864348,-0.09322865469571007,-0.03331341712118796,VGT,VFH,ewma,15
VGT-VDE,-0.03537778604946489,0.10536378864109404,-0.8103143133955771,-0.5439460560450138,-0.17189237114510558,-0.07872973517774207,VGT,VDE,standard,5
VCR-VDC,-0.008177040480501897,0.07177802942854998,-0.810513202210616,-0.17838141670918622,-0.10275363550122996,-0.02130215973405014,VCR,VDC,ewma,15
VGT-VFH,-0.02107451536519739,0.08750818555908382,-0.8122041945117147,-0.39958181352393496,-0.1703008523895253,-0.04865369874136427,VGT,VFH,standard,20
VGT-VHT,-0.0023519388553387816,0.06442302758097995,-0.8126277329877456,-0.05838391631894996,-0.07722426338115329,-0.008803382664419823,VGT,VHT,ewma,5
VGT-VOX,-0.00915044746169695,0.0719975863637243,-0.8215615335057901,-0.21608821556705962,-0.1205707532713427,-0.02323278566182352,VGT,VOX,standard,20
VDC-VOX,0.004199419959671573,0.05559422877224243,-0.8238369530758943,0.11025206810833078,-0.09011829382047654,0.0053357421131050575,VDC,VOX,ewma,5
VGT-VOX,0.01324185418619831,0.04455781449925229,-0.824953966591393,0.5528602233222337,-0.05074286291062946,0.024864895873206727,VGT,VOX,ewma,5
VPU-VCR,-0.020325668648187876,0.0851940429850313,-0.825476361775014,-0.3712812887495847,-0.1226904098165158,-0.046849189714288086,VPU,VCR,ewma,20
VCR-VDC,0.0014046920469852051,0.05882757167745601,-0.8260634693448942,0.037259893539409526,-0.058568234119482865,-0.0006379284715538613,VCR,VDC,ewma,5
VGT-VHT,-0.02930072067225515,0.09546065138089424,-0.8307163163578264,-0.4939486793760651,-0.19253253866305775,-0.06557214350653384,VGT,VHT,standard,5
VGT-VDE,-0.037951851917133704,0.10581029607245664,-0.8312220566598364,-0.5905648020202653,-0.16390828546007508,-0.08354721225114436,VGT,VDE,adaptive,5
VIS-VNQ,0.004562148221301793,0.054522121984708044,-0.833383773864162,0.14847611819707277,-0.08924756400684497,0.00620153225283171,VIS,VNQ,ewma,10
VDE-VDC,-0.03005023886002665,0.09598586408480039,-0.8339794575303796,-0.5620627982518014,-0.18226840730394256,-0.06704083604878752,VDE,VDC,standard,10
VDE-VGT,-0.03750874398450022,0.10492244098122115,-0.834032673717173,-0.5580379812649537,-0.16422941988229844,-0.08257386993467719,VDE,VGT,standard,20
VFH-VGT,-0.020861045041160833,0.08469142099531139,-0.8366968484928804,-0.37842435351770615,-0.13640111681953626,-0.047802231265505646,VFH,VGT,adaptive,15
VPU-VOX,-0.011634207838730773,0.07358533237876047,-0.837588223716724,-0.250542298661726,-0.08825139996839049,-0.0283135295850635,VPU,VOX,ewma,15
VGT-VHT,-0.03578424323760863,0.10234589603893403,-0.8381796101035148,-0.5769826955194136,-0.1853454776082477,-0.07888003788600673,VGT,VHT,adaptive,5
VHT-VGT,-0.03277293479707202,0.09827200667078595,-0.8422839585881632,-0.47886296788845845,-0.18574881687503608,-0.07261187554055282,VHT,VGT,standard,15
VIS-VPU,-0.011220639887238633,0.07237953153396368,-0.8458280758353783,-0.24890006350340185,-0.11017283210040041,-0.027338515865800384,VIS,VPU,adaptive,15
VDC-VAW,0.011808831247852671,0.045065700227406594,-0.8474553498432373,0.3876789511168559,-0.08148219350045471,0.02186658667866559,VDC,VAW,ewma,5
VDC-VDE,-0.03118586240082363,0.09560805632240901,-0.8491529430014666,-0.5252389102580323,-0.26399691019754357,-0.06912269528976545,VDC,VDE,adaptive,5
VAW-VDE,-0.010640023279894906,0.07137365307167101,-0.8496135572464282,-0.22447455273545722,-0.08991932064964314,-0.02607597069879186,VAW,VDE,ewma,15
VDE-VFH,-0.01839762355872825,0.08046715988577374,-0.850006681680095,-0.35395747420570783,-0.18300966475355052,-0.042422152187700846,VDE,VFH,standard,20
VPU-VHT,0.0019176860419601264,0.056345945640262754,-0.8533411483590753,0.054706331015983885,-0.06737306536422516,0.0006705103802182588,VPU,VHT,ewma,15
VNQ-VGT,-0.0393444923944557,0.10455614075235203,-0.8545121477472454,-0.5572355762598974,-0.23736786785185093,-0.0859037019233444,VNQ,VGT,standard,10
VCR-VAW,-0.005779861119732731,0.06520781022684212,-0.855416873004754,-0.14497567173081924,-0.16001981890664185,-0.015707684246337728,VCR,VAW,adaptive,20
VGT-VDE,-0.04132405107761034,0.10663368655262356,-0.8564277765314057,-0.6283936341723185,-0.13454202188408526,-0.0898824668652628,VGT,VDE,adaptive,15
VFH-VOX,0.003042483761963718,0.054779369956478384,-0.8572116889139748,0.08699673052433539,-0.071283121153219,0.0031015976028305747,VFH,VOX,ewma,20
VFH-VCR,-0.005050059157449216,0.06411376208327545,-0.8586309299077836,-0.12351093128481605,-0.08945033459583174,-0.014131851675950546,VFH,VCR,standard,20
VGT-VDC,-0.03477849915734532,0.09872571798229444,-0.85872760299955,-0.5823524083346904,-0.1519505612033113,-0.07633457178439051,VGT,VDC,ewma,15
VCR-VNQ,-0.018153130738887257,0.07935209778172234,-0.8588699309041499,-0.37346298507610376,-0.16390218276056434,-0.04177271310056996,VCR,VNQ,adaptive,15
VPU-VGT,-0.027815778645641578,0.09028484496196498,-0.8618919230400581,-0.4228514797942597,-0.1372741128614955,-0.061947132114914094,VPU,VGT,ewma,10
VCR-VAW,-0.006992009717506182,0.06593300201026803,-0.8643927620439691,-0.17340301356768667,-0.1575501308209566,-0.018189262826893038,VCR,VAW,adaptive,15
VFH-VOX,0.005957321638766552,0.0509149715919189,-0.8650241173506571,0.18374267559380897,-0.07608652642959846,0.009390432414082994,VFH,VOX,ewma,15
VPU-VGT,-0.0328670608697652,0.09578580047141892,-0.8651288652590156,-0.5339430371735997,-0.12532890829772259,-0.07227776578989886,VPU,VGT,ewma,15
VCR-VDC,-0.02449910802522343,0.08606851752113558,-0.8655790778193534,-0.4512492818450547,-0.16831683229390537,-0.054935330591905474,VCR,VDC,adaptive,10
VDE-VIS,-0.0185112937370434,0.07908181020138408,-0.8663344144826403,-0.38555786187221336,-0.1412980665780531,-0.04242170657923405,VDE,VIS,standard,10
VPU-VGT,-0.049510219305295956,0.11482965307808872,-0.8665899150424586,-0.6828624988825,-0.17679116950973972,-0.10631178353697424,VPU,VGT,standard,15
VDE-VOX,-0.02753211866954419,0.08945008658168022,-0.866764042746305,-0.47040851063348577,-0.16424688047000424,-0.061227979708352476,VDE,VOX,standard,20
VGT-VOX,-0.013031763310459323,0.07248380578085174,-0.8695978726755892,-0.3141722434043658,-0.13284349245160343,-0.03086568398477807,VGT,VOX,standard,15
VDE-VGT,-0.04388650375836294,0.10755169750857713,-0.8729430212003446,-0.6411234907390955,-0.19192830632416114,-0.09473789725281478,VDE,VGT,standard,15
VAW-VNQ,-8.936899886860803e-05,0.05737374563809166,-0.8730364113723331,-0.002536328239414492,-0.10668979683633428,-0.0034651417571882615,VAW,VNQ,standard,5
VIS-VHT,-0.005963062696511625,0.06404531595380962,-0.8738041473145816,-0.16382921661586408,-0.11084921288936878,-0.01591434399141467,VIS,VHT,adaptive,10
VIS-VDC,-0.002444190156308637,0.059616301353205614,-0.879695468620155,-0.07318751361417393,-0.07828532335845095,-0.008402585494852177,VIS,VDC,ewma,10
VGT-VNQ,-0.039940926258101174,0.10212744440382852,-0.8806734250830759,-0.6712180346903225,-0.18327336617636636,-0.08647463239577358,VGT,VNQ,adaptive,15
VFH-VGT,-0.014615600417164256,0.07335774508005306,-0.8808286070768833,-0.2850914476226345,-0.12215563264594498,-0.03409235327452653,VFH,VGT,ewma,10
VPU-VCR,-0.039513183758628265,0.10157153604599652,-0.8812821706082329,-0.6033043599147722,-0.15676241588405815,-0.08561855103690197,VPU,VCR,standard,15
VNQ-VPU,0.007558159793977245,0.047885793740072104,-0.886313808149457,0.24655156023761984,-0.07278868744774347,0.012936675596554537,VNQ,VPU,ewma,20
VAW-VDC,-0.0031612556011251505,0.05995195522838476,-0.8867309731368938,-0.08890657965155405,-0.05092215932629307,-0.009873301322903094,VAW,VDC,ewma,20
VAW-VDC,-0.009284892680007746,0.0663979882175869,-0.8928718214433016,-0.2425837341968334,-0.08162076028932597,-0.022744342600205192,VAW,VDC,adaptive,10
VOX-VDC,-0.011731298711102529,0.06895266916670217,-0.895270617615381,-0.26138363381793384,-0.08779228975998332,-0.02786975582276985,VOX,VDC,ewma,20
VAW-VPU,-0.0194933940661884,0.07756294847565592,-0.8959612215876462,-0.40566508616125135,-0.1357388114646627,-0.04407657805242782,VAW,VPU,standard,20
VGT-VHT,-0.04166674467090746,0.10216927523331472,-0.89720460932679,-0.6621047740284653,-0.19330327845314854,-0.08964456065871385,VGT,VHT,standard,15
VFH-VCR,-0.006525522376505865,0.06292216777887759,-0.8983403524040848,-0.16267164085274582,-0.06921118041260299,-0.016894051678276845,VFH,VCR,adaptive,5
VDE-VPU,-0.03413214876543743,0.09334104651880919,-0.9013413916297143,-0.551283040106828,-0.17942929751554293,-0.07423858618977808,VDE,VPU,standard,15
VPU-VDC,0.004222444279057332,0.05058499769167158,-0.9049630880675033,0.14385072632430265,-0.06237293837121183,0.005926042441999346,VPU,VDC,ewma,15
VFH-VGT,-0.021981604675432212,0.0791271360611714,-0.9096955641081821,-0.4002126404089867,-0.14322119007138823,-0.04908492772378692,VFH,VGT,ewma,20
VHT-VCR,-0.02467412220900342,0.08182415094133269,-0.9126171350380912,-0.44338009418788615,-0.16010338299153437,-0.05461055556590899,VHT,VCR,standard,20
VHT-VDE,-0.032138856031661334,0.0899715329012389,-0.9129427206917159,-0.5636379236495501,-0.15516295537170288,-0.06993349495195655,VHT,VDE,adaptive,15
VDC-VCR,-0.0063281399534348085,0.06166548194829072,-0.9134468453626694,-0.1474485820734844,-0.07289150425065494,-0.016355415232817028,VDC,VCR,ewma,5
VAW-VDC,-0.010316116628348757,0.06601184520858161,-0.9137165676518241,-0.2652481385031627,-0.0902991742686603,-0.024713014398027977,VAW,VDC,adaptive,20
VPU-VAW,-0.021618237287920252,0.07834087760296912,-0.9141873244116665,-0.43443372755775195,-0.12175939819754988,-0.04825968501163258,VPU,VAW,standard,15
VGT-VOX,-0.014101095533810028,0.07008027069771237,-0.9146810492543149,-0.36153708726203976,-0.12925909894782417,-0.03260940623477493,VGT,VOX,adaptive,20
VPU-VGT,-0.01312963185387697,0.06900911536577894,-0.9148013493472836,-0.2464171423493138,-0.112472909638479,-0.030639759840501046,VPU,VGT,ewma,5
VFH-VDC,-0.010194811790529166,0.06568999903446242,-0.9163466688277708,-0.24990517528665182,-0.11696335397635682,-0.024441242548699726,VFH,VDC,standard,5
VFH-VOX,-0.005743097745305475,0.06020873325934351,-0.9258307678588296,-0.15231665058634972,-0.09346598827191777,-0.015020121351847382,VFH,VOX,standard,20
VFH-VNQ,-0.004557460968776857,0.0589198370041654,-0.9259608264856508,-0.12870308868677077,-0.10908153088670391,-0.012522882344355057,VFH,VNQ,adaptive,5
VGT-VFH,-0.021946374870960968,0.07748703495745661,-0.928495649762083,-0.46507639450184424,-0.10905544026859493,-0.04874350428364105,VGT,VFH,ewma,10
VGT-VNQ,-0.03315027201621643,0.08949970373924336,-0.929056393957169,-0.6331954322861254,-0.11469669766538859,-0.07171257372768025,VGT,VNQ,ewma,10
VDE-VOX,-0.039923268912720876,0.09627669588545211,-0.9340086724591125,-0.6612751412301969,-0.18228354668687607,-0.08541330404859881,VDE,VOX,standard,10
VGT-VDC,-0.05366368954719941,0.11064515344041086,-0.9369022168967259,-0.8079111241871701,-0.22205182762455367,-0.11286809350269478,VGT,VDC,adaptive,15
VIS-VDC,-0.016068258460273866,0.07050709465762346,-0.9370441199016318,-0.3574912679723302,-0.09915327250806283,-0.03649467378040305,VIS,VDC,standard,10
VGT-VOX,-0.009641877903808849,0.06335948166477658,-0.9413252182106392,-0.26799755681216636,-0.08122623267819395,-0.02305091698083228,VGT,VOX,ewma,15
VGT-VDC,-0.05461603864470975,0.11109082874945679,-0.9417162498683874,-0.8158443495543831,-0.2409575042508154,-0.11464828969476537,VGT,VDC,adaptive,20
VPU-VCR,-0.0012953876177701092,0.054212382426294496,-0.9461932001883474,-0.031147088187112978,-0.0645467798117978,-0.005540741928403592,VPU,VCR,ewma,5
VDE-VNQ,-0.03697364529337371,0.09189632438956682,-0.9464322525531601,-0.6763748506732276,-0.1837920372480153,-0.07921666793737814,VDE,VNQ,standard,10
VFH-VPU,-0.00832940573258505,0.061381343753813614,-0.9502790614446434,-0.2029484924490835,-0.08693090258179148,-0.020254004056204034,VFH,VPU,ewma,15
VPU-VHT,-0.005756941174556602,0.058620299769651975,-0.951154146151641,-0.15304840447963886,-0.08672478237481163,-0.014861110754713192,VPU,VHT,ewma,20
VIS-VPU,-0.017497930246571976,0.07093978974804031,-0.9514819607769776,-0.3946433164723026,-0.09520072821617642,-0.039299803209359,VIS,VPU,adaptive,20
VDC-VNQ,-0.0005170582625496725,0.05305728753917424,-0.9521228959405617,-0.016418887705290507,-0.07565710922006463,-0.003841602851834214,VDC,VNQ,adaptive,5
VHT-VDE,-0.03689400806467197,0.09123911167286257,-0.9523767436078288,-0.6359212284141235,-0.16437761286419905,-0.07896758645062385,VHT,VDE,adaptive,20
VIS-VDC,-0.009103712277459635,0.061976944738393824,-0.9536403016789193,-0.24969750154303919,-0.0872891073274803,-0.02183461793891983,VIS,VDC,ewma,20
VIS-VNQ,-0.011822473163516489,0.06476785372710904,-0.9545240363220532,-0.3132347634876158,-0.11844396412791325,-0.02749110147374212,VIS,VNQ,adaptive,10
VIS-VNQ,-0.004008805126971709,0.05650246442306538,-0.955866362263028,-0.12081942336658616,-0.09537786696837447,-0.011152001771643105,VIS,VNQ,ewma,15
VCR-VPU,-0.0244781708935758,0.07782338278407436,-0.957015336897137,-0.4761046275402016,-0.14331752154364563,-0.05361738671311389,VCR,VPU,ewma,15
VDE-VCR,-0.03944045422209549,0.09305628907410742,-0.9611435735511393,-0.6541562928945167,-0.14691386434515463,-0.0839731804350956,VDE,VCR,adaptive,5
VGT-VDC,-0.05676035291354087,0.11081584117667394,-0.9634033526247621,-0.8405301762363053,-0.23448898445569244,-0.11839472207755397,VGT,VDC,adaptive,5
VCR-VNQ,-0.025857370184209517,0.07854501383957133,-0.9657821225819456,-0.5386359868748143,-0.18256520706712787,-0.056333804507195606,VCR,VNQ,adaptive,20
VDE-VPU,-0.032269881557113064,0.08491058647867156,-0.9689001686235929,-0.5763405824110756,-0.16614254919952043,-0.06936547114332225,VDE,VPU,adaptive,20
VGT-VNQ,-0.04960857420855494,0.10267951901841907,-0.9700919439512244,-0.8226820302481179,-0.19520645661128788,-0.10410813307671896,VGT,VNQ,adaptive,20
VGT-VNQ,-0.05177897797856591,0.10461392448332651,-0.9729008684191699,-0.8066570760543518,-0.23883631697463603,-0.10836129619645363,VGT,VNQ,standard,15
VDC-VNQ,0.005644699977674486,0.04537376113432599,-0.9775539632038568,0.19502867078992536,-0.09631986209628185,0.009295201309099665,VDC,VNQ,ewma,10
VDC-VGT,-0.058269135533441575,0.11072756902343783,-0.9777974581066082,-0.780399864645843,-0.22694567954573575,-0.12109414232350024,VDC,VGT,adaptive,5
VCR-VDE,-0.04667868471828561,0.09878897506064165,-0.9786384023008571,-0.7460674367375392,-0.20390648990118232,-0.09815503008857096,VCR,VDE,adaptive,20
VFH-VHT,-0.01272544118177051,0.06404885709812864,-0.9793373999737328,-0.32945501250445763,-0.11506818838455957,-0.029162826652981755,VFH,VHT,standard,15
VNQ-VFH,-0.008498961742895963,0.05971616281013959,-0.9796168908053654,-0.22072421317390956,-0.1346999673557585,-0.02038826748220013,VNQ,VFH,adaptive,10
VGT-VOX,-0.010884586845500307,0.0621188782228253,-0.98013017278101,-0.3131177990595788,-0.09154440754485316,-0.025328775762959665,VGT,VOX,ewma,10
VNQ-VCR,-0.026779862729034046,0.07809967443687266,-0.9831009320159788,-0.5187677548049333,-0.1395356495842197,-0.058024252724785064,VNQ,VCR,adaptive,20
VGT-VNQ,-0.04098231632152033,0.09254363161947776,-0.9831288736930345,-0.7398203975702701,-0.13967653877025576,-0.08667966642009317,VGT,VNQ,ewma,15
VDE-VHT,-0.036837261848571445,0.08827747333662064,-0.9836854020214489,-0.6787668760887029,-0.17134450474975726,-0.07836552495583349,VDE,VHT,standard,20
VDE-VCR,-0.04357701688475796,0.09510967676469746,-0.9838853423534246,-0.701554240964191,-0.2082538108097275,-0.09188584741001671,VDE,VCR,standard,20
VDC-VCR,-0.023802234111087908,0.0750010223585695,-0.9840163745801973,-0.4530548174578392,-0.18237793013533854,-0.051947034403216796,VDC,VCR,ewma,20
VFH-VGT,-0.035055935744941875,0.0862507153241336,-0.9861475980262686,-0.6070760048116057,-0.19400774678727495,-0.07476960161620794,VFH,VGT,standard,20
VHT-VDE,-0.026746237668189083,0.07779907583716897,-0.9864672149681636,-0.5420166088114655,-0.12903839035638986,-0.05790061411493952,VHT,VDE,ewma,20
VNQ-VPU,0.0030506087012778316,0.04758683742148466,-0.9866045705639872,0.10087248845996244,-0.07539650593845149,0.003856940536204334,VNQ,VPU,ewma,15
VDE-VHT,-0.04405117121369201,0.09442623616613635,-0.996027958248971,-0.7860472682582897,-0.18105133055669542,-0.09261302645699687,VDE,VHT,standard,5
VHT-VNQ,-0.004905021110642732,0.055052733688750195,-0.9973168893130244,-0.14231698395186487,-0.06518996148459699,-0.012777091584414979,VHT,VNQ,standard,20
VIS-VOX,-0.010189552986526455,0.06027193224120962,-0.9986332070066458,-0.2769020697971917,-0.10301296965780316,-0.023764929840556004,VIS,VOX,standard,5
VOX-VHT,0.002764768856439149,0.047138293207023375,-1.0020564583471812,0.09310426527916447,-0.05658573891322016,0.0033272965023605217,VOX,VHT,ewma,5
VGT-VAW,-0.03539658441103394,0.08519548760194502,-1.0023604161998398,-0.6496203692288536,-0.18651854968534376,-0.07521837496087158,VGT,VAW,standard,20
VFH-VCR,-0.006716590303857679,0.056579824224174124,-1.002417223481318,-0.18152593110044757,-0.0646416781719239,-0.01652440178337622,VFH,VCR,ewma,20
VGT-VPU,-0.055736125809219245,0.10534108111764365,-1.003750148445262,-0.8326124839783846,-0.17319065111230314,-0.11555102442211707,VGT,VPU,adaptive,5
VNQ-VOX,-0.024053833767845582,0.07374122583454708,-1.0042392559895852,-0.508028172533118,-0.16177867953746505,-0.05223372084143718,VNQ,VOX,standard,10
VGT-VOX,-0.02038399100743064,0.07006011519434664,-1.0046228272988926,-0.5198504033372732,-0.12825697016882587,-0.04471151998832257,VGT,VOX,adaptive,15
VDE-VPU,-0.036392152390556924,0.08564403893194192,-1.0087351492052992,-0.6478141446052437,-0.15522271729346437,-0.0771381008065728,VDE,VPU,adaptive,15
VIS-VGT,-0.02176421462933485,0.07112949893054628,-1.00892338211757,-0.49949309378674595,-0.10779620779591426,-0.04750960185418773,VIS,VGT,standard,10
VGT-VFH,-0.0368031045908642,0.08584713941993824,-1.0111356671565908,-0.7279496987624549,-0.1735396705234712,-0.07790692228147311,VGT,VFH,adaptive,5
VDC-VGT,-0.060430963345388944,0.10917894271606224,-1.0114676017021222,-0.8250492967066707,-0.15636729600997845,-0.12460221939734584,VDC,VGT,standard,10
VGT-VHT,-0.051265629481114086,0.10011563319464038,-1.011486680449175,-0.8534255673501744,-0.1781246048646612,-0.10661724261647765,VGT,VHT,adaptive,20
VFH-VNQ,-0.010887764291111109,0.06017755236738284,-1.0118019410193424,-0.2976941210784156,-0.12307653425661358,-0.025118190990055744,VFH,VNQ,standard,5
VPU-VIS,-0.0169538291877553,0.06615299210396183,-1.0121058331350286,-0.38252259514632286,-0.06971711000974679,-0.0376295055125031,VPU,VIS,ewma,15
VCR-VDE,-0.029126966944758696,0.07813894271024063,-1.0126444535880386,-0.566945497064291,-0.16553717011608526,-0.06244456845740576,VCR,VDE,ewma,15
VPU-VGT,-0.06428832808322918,0.11282515220134759,-1.012968525664121,-0.8906937024832772,-0.17495397507340393,-0.13200328570417064,VPU,VGT,standard,20
VPU-VIS,-0.018843662597027855,0.06784851382474508,-1.0146672154802572,-0.41060019134389114,-0.08285561979412148,-0.041486529187823806,VPU,VIS,ewma,20
VDC-VOX,-0.03279536138020564,0.08158002075184181,-1.0148975278157963,-0.5985309217545599,-0.1366222213941275,-0.06983306533412248,VDC,VOX,adaptive,5
VFH-VOX,-0.011940340845283167,0.061023844896672085,-1.0150186529571006,-0.3183730035619213,-0.08602352176825245,-0.027271838053710695,VFH,VOX,standard,15
VCR-VDC,-0.02241102349706445,0.07109217704275819,-1.018551217717148,-0.49721922761059967,-0.13356612642318044,-0.04873202482628569,VCR,VDC,ewma,20
VCR-VNQ,-0.030879104508249357,0.07938849672347431,-1.0187761180308916,-0.6308098147219645,-0.1924753811584624,-0.06590935461357794,VCR,VNQ,adaptive,10
VDC-VGT,-0.0603234212801784,0.1082447614940001,-1.0192033291725942,-0.8585667025002249,-0.1968591721594729,-0.12420047523814359,VDC,VGT,adaptive,15
VCR-VOX,0.004363236219637634,0.04459434095813902,-1.0233756750257137,0.158236260628714,-0.05187793187999634,0.0067790706191492855,VCR,VOX,ewma,15
VCR-VGT,-0.02120585745441629,0.06948611135317233,-1.024749494075199,-0.4647639215847886,-0.09821780253570278,-0.04623139718523961,VCR,VGT,standard,20
VGT-VNQ,-0.055607577756072744,0.10280351930550591,-1.0272758994002316,-0.8977929720736976,-0.21926322328308745,-0.11484486957917261,VGT,VNQ,adaptive,5
VPU-VGT,-0.06339156847253784,0.11026628350826907,-1.0283430697474654,-0.9110547683978526,-0.23031217339638854,-0.12993943355870097,VPU,VGT,standard,10
VOX-VGT,-0.02286228457519805,0.07072573095252643,-1.0302090002308455,-0.49592369215674076,-0.12045726985547589,-0.0495574614449491,VOX,VGT,adaptive,15
VAW-VOX,-0.009919939740271338,0.05812174529491916,-1.0309384110237543,-0.2648325643473016,-0.06848599869893202,-0.022989424399214142,VAW,VOX,ewma,15
VGT-VDE,-0.06056193270009019,0.10714923897863035,-1.0318499109652135,-0.9132493885210119,-0.15971742930803734,-0.12440597027559852,VGT,VDE,adaptive,20
VOX-VDC,-0.0016630317886064483,0.05003225183543213,-1.0325945743665168,-0.05165412657422478,-0.06906711444323266,-0.005815597609209466,VOX,VDC,ewma,5
VDE-VGT,-0.06579059266349238,0.11212436339441288,-1.032697882584028,-0.9109490849399696,-0.2244126585726436,-0.13449784943535115,VDE,VGT,standard,5
VFH-VPU,-0.021810746636874212,0.06952335209683774,-1.0329010968408192,-0.4744928471577074,-0.0956106012509248,-0.047388729032337484,VFH,VPU,standard,10
VAW-VOX,-0.020538805409194,0.06825013996612657,-1.0335334908353786,-0.4671338835610625,-0.09575507816443463,-0.04478744505526189,VAW,VOX,adaptive,15
VOX-VGT,-0.022501096625810457,0.07011817117780267,-1.0339844209850433,-0.4870549431899178,-0.10032591810305924,-0.04878834099944607,VOX,VGT,adaptive,20
VPU-VOX,-0.03721525328465342,0.08427857968420567,-1.0348448397143322,-0.6962006794687502,-0.16085217402440555,-0.0784362975184234,VPU,VOX,standard,10
VFH-VDC,-0.013295406343870343,0.06114927514902012,-1.035096592553552,-0.33816492031202966,-0.09913733696015314,-0.029927663285957418,VFH,VDC,standard,10
VHT-VGT,-0.050776358290833164,0.09713507336232274,-1.0374868191526254,-0.7460307498127382,-0.23776229488446654,-0.10528082443613063,VHT,VGT,standard,10
VGT-VDC,-0.06816121305594125,0.11364107948525165,-1.0397755247588627,-0.9777929526389775,-0.23078450273131323,-0.13885956553024004,VGT,VDC,standard,15
VGT-VDE,-0.0176083189987708,0.06491004165732316,-1.041569490213741,-0.41319156933584655,-0.09245052282252197,-0.038726416229673655,VGT,VDE,ewma,5
VDE-VNQ,-0.031786418694570294,0.0784278740327067,-1.0428233546208698,-0.6077629330273051,-0.15706186834711633,-0.06747281238593417,VDE,VNQ,ewma,20
VIS-VDC,-0.02245078796281526,0.06937158591790264,-1.044387078717742,-0.5597394489680697,-0.11236773712562753,-0.04857281305226113,VIS,VDC,adaptive,20
VGT-VDC,-0.06176942346204683,0.10685312564748688,-1.0460098643326443,-0.9421567322011974,-0.2682436430542312,-0.12645633927883948,VGT,VDC,standard,5
VGT-VHT,-0.0544427740033824,0.09984635751197016,-1.046034894070734,-0.9213682092105205,-0.1720516071583852,-0.1122381774791168,VGT,VHT,adaptive,15
VAW-VDE,-0.03243847462536259,0.07878791614354519,-1.046333989531673,-0.6702007633887296,-0.15378352543972118,-0.06873557221777382,VAW,VDE,adaptive,5
VGT-VFH,-0.007170917654561385,0.05463864811831229,-1.0463457575078685,-0.20470594326665809,-0.053516366297950535,-0.017201129843698038,VGT,VFH,ewma,5
VGT-VCR,-0.02129018649979919,0.06804193111669801,-1.0477390240075648,-0.5200339500724644,-0.12952593073287666,-0.046188317112983324,VGT,VCR,standard,20
VDE-VIS,-0.032325130831729464,0.07837728879216217,-1.0503697193460722,-0.6453489721310823,-0.14386507372416502,-0.0684698882844631,VDE,VIS,standard,15
VAW-VOX,-0.02270572282407263,0.06896630627504122,-1.054220919620059,-0.505131274664649,-0.13564422223523054,-0.0490213240457924,VAW,VOX,standard,20
VDE-VHT,-0.031040061000530476,0.07686945092959117,-1.0542557546659113,-0.6203580392389211,-0.1499426814357533,-0.06584807539411297,VDE,VHT,ewma,20
VOX-VGT,-0.019403441543014408,0.06575794494017329,-1.0554381163547275,-0.44159559857187825,-0.12151119330272386,-0.042296512454605084,VOX,VGT,ewma,20
VHT-VAW,-0.016001465601033674,0.06244083232604515,-1.0570241161488054,-0.39414528017605244,-0.09102643577200475,-0.03532909556243036,VHT,VAW,standard,20
VAW-VGT,-0.03950819564331109,0.08440335078764055,-1.060481542593188,-0.7295056922708106,-0.1798147075982669,-0.08268876645703271,VAW,VGT,standard,15
VNQ-VCR,-0.0330725985534583,0.07831652111870245,-1.0607289160296989,-0.6340187357223249,-0.1926436922630006,-0.06986255532535224,VNQ,VCR,adaptive,5
VDC-VGT,-0.06405532468926968,0.10722936258729562,-1.0636575834946047,-0.9741732606488219,-0.1979280871979141,-0.13051723266294635,VDC,VGT,standard,20
VDC-VGT,-0.06844350074627159,0.11124223159085067,-1.0647350296055473,-0.9303389043811763,-0.24608192400692552,-0.13892216713542616,VDC,VGT,standard,15
VCR-VDE,-0.03730606072807681,0.08194733480243509,-1.0653923149369156,-0.6850189840985916,-0.18768707201506551,-0.07825280230577703,VCR,VDE,ewma,20
VPU-VIS,0.00305977916490063,0.04404110389874254,-1.065827526553884,0.09317015736165161,-0.06691179762996302,0.004192410803208535,VPU,VIS,ewma,5
VIS-VDC,-0.025626106664338736,0.07082596409583597,-1.0677737695459755,-0.6172115960546128,-0.11051046507571394,-0.05480229120421143,VIS,VDC,adaptive,15
VIS-VPU,-0.026985826375307605,0.07201938459826104,-1.0689597919331075,-0.5909248474224446,-0.1179378408442262,-0.05754397780633014,VIS,VPU,standard,20
VOX-VHT,-0.027878505189942736,0.07278537012082438,-1.069974708662794,-0.5870252458858378,-0.16464139026511415,-0.05933861907040994,VOX,VHT,adaptive,5
VGT-VDE,-0.0488707435070363,0.0922366628682772,-1.0719245518263505,-0.8154063239102273,-0.11667936100465959,-0.1009795000837137,VGT,VDE,ewma,15
VPU-VDC,0.017230411769140093,0.030542047075780825,-1.0729335905203774,0.894607195235916,-0.028849071186196285,0.03416634479407166,VPU,VDC,ewma,5
VGT-VCR,-0.025359676498084453,0.07022281615962213,-1.0731508734538047,-0.6145364801464047,-0.1273953230132845,-0.05421922612457397,VGT,VCR,adaptive,15
VDC-VGT,-0.06964116772114601,0.11141648365114007,-1.0738192752138764,-0.9666194565224994,-0.20119476965422833,-0.14100385966504048,VDC,VGT,adaptive,20
VOX-VGT,-0.02581464876819396,0.07049662969114341,-1.07543650101217,-0.5603927991201408,-0.12168670347133892,-0.055134182562069256,VOX,VGT,adaptive,10
VOX-VHT,-0.028805138299995606,0.07318306979344406,-1.0768219824943057,-0.633520271738917,-0.13134590607792074,-0.06113321664003346,VOX,VHT,standard,5
VAW-VPU,-0.02038623597712572,0.06525051607583594,-1.078707728461808,-0.5090220193626853,-0.11928411249290871,-0.04410330681060337,VAW,VPU,ewma,15
VGT-VDE,-0.06313873308340207,0.10465747414469456,-1.081038253674856,-0.9265226168070039,-0.20941725581143744,-0.12847053875029069,VGT,VDE,standard,20
VFH-VDC,-0.019481740947594202,0.06425504918777335,-1.0813428956306113,-0.4698815771763562,-0.13264127780734958,-0.042253843322027085,VFH,VDC,adaptive,5
VAW-VGT,-0.03702717965742225,0.08045079784932627,-1.0817441465330477,-0.7323109874460279,-0.17235219181982953,-0.07750952562687374,VAW,VGT,adaptive,5
VPU-VHT,-0.002866412976654894,0.048790235802569755,-1.083544936953767,-0.09627978043622719,-0.04862138327606069,-0.008089359621142211,VPU,VHT,ewma,10
VGT-VAW,-0.036549330530565305,0.07971317732749282,-1.0857593867446391,-0.728351040918298,-0.1276239600866622,-0.07651300689259566,VGT,VAW,ewma,20
VIS-VDE,-0.004984329130307474,0.05055553594806778,-1.0876025364816437,-0.15096354998782072,-0.08624856402802428,-0.012463965085686923,VIS,VDE,ewma,5
VCR-VDC,-0.04403515900450967,0.08631465031911814,-1.0894460981634935,-0.8024063468243712,-0.17841703941786446,-0.09126306493453362,VCR,VDC,adaptive,15
VNQ-VCR,-0.03309945215681642,0.07612530098550521,-1.0916141030777546,-0.6527209830245367,-0.17607167666970702,-0.06959655642208817,VNQ,VCR,standard,20
VGT-VCR,-0.02614677610551253,0.06971567186069355,-1.0922476119525841,-0.6407344868610118,-0.14721187626996668,-0.05564281252235226,VGT,VCR,adaptive,20
VCR-VDE,-0.05763352862295329,0.09842995079237216,-1.0935038345187749,-0.9247820678423014,-0.21769762515184288,-0.11767914877229269,VCR,VDE,adaptive,15
VHT-VOX,-0.026280814300108802,0.06955385026361904,-1.0967159116424692,-0.5732097842424698,-0.15342228521416446,-0.055890076296510216,VHT,VOX,adaptive,20
VOX-VDE,-0.051666350852805396,0.09252740043624892,-1.098770206160208,-0.8704465168963873,-0.1924724486535273,-0.10606032184454639,VOX,VDE,standard,15
VDE-VHT,-0.053188892103809574,0.09387202058490068,-1.0992507827237228,-0.9455549033403448,-0.21289898298453624,-0.10898954073355016,VDE,VHT,standard,10
VAW-VDE,-0.03877381428244292,0.08053533371407805,-1.102296472721075,-0.7646751471435677,-0.1753165694606721,-0.08074906158089279,VAW,VDE,standard,5
VOX-VDE,-0.04005681864576683,0.08169420811586574,-1.102364790880162,-0.7242367584870443,-0.14352375488384017,-0.08328949698356602,VOX,VDE,ewma,20
VOX-VHT,-0.020503640102470994,0.06371650534724155,-1.1065208256203152,-0.4762045687488359,-0.15005174511615715,-0.04414881178611607,VOX,VHT,ewma,15
VAW-VOX,-0.025128718633337703,0.067888098478189,-1.1066552211279703,-0.5715438301124297,-0.12225187697205775,-0.053489438622293606,VAW,VOX,standard,15
VFH-VOX,-0.016318727974811206,0.05985883684451622,-1.1079187547040816,-0.4305680910748153,-0.09531354275400827,-0.03563662132842149,VFH,VOX,adaptive,5
VCR-VPU,-0.01887539905074352,0.061966830739229414,-1.1114881659929792,-0.4795581404032219,-0.05733845362594303,-0.04079873152317404,VCR,VPU,ewma,5
VCR-VNQ,-0.009602220254815469,0.05360681283675142,-1.1118404005162892,-0.26404452652205124,-0.05509868499161086,-0.021874709064492404,VCR,VNQ,ewma,5
VCR-VDC,-0.043215805910555904,0.0838275122307386,-1.1119953751457585,-0.8204228052435287,-0.15895034782480555,-0.08938538546498909,VCR,VDC,standard,10
VDC-VGT,-0.06902516939043651,0.10703438192234177,-1.1120274369108287,-0.9839723606088641,-0.1919187720291674,-0.13912147340717695,VDC,VGT,adaptive,10
VHT-VOX,-0.025797846832601244,0.06805485419413317,-1.1137757582490797,-0.571185823069974,-0.15246003246648998,-0.054781097094829256,VHT,VOX,adaptive,15
VDE-VOX,-0.05226596650863746,0.09167669508443241,-1.1155066880896234,-0.8753205494266479,-0.1780061977804478,-0.1069940112869644,VDE,VOX,standard,15
VCR-VPU,-0.03780147926559292,0.07864066326297334,-1.116489556706635,-0.731142088135991,-0.15369331668237263,-0.07867113457398955,VCR,VPU,ewma,20
VFH-VPU,-0.02093945379122757,0.06349862912448669,-1.1171808709783861,-0.4763064460098753,-0.11312788552512765,-0.04495969809096945,VFH,VPU,ewma,20
VDE-VFH,-0.03340561169703182,0.07455106792345961,-1.1187715215919238,-0.6615871851754777,-0.17932756579672016,-0.06994667292285939,VDE,VFH,ewma,20
VDC-VNQ,-0.0046116185043896,0.048741171123875646,-1.1204412459765114,-0.145726718470183,-0.08594339447231192,-0.01155148626600977,VDC,VNQ,ewma,20
VDE-VPU,-0.04112863406222515,0.08123457830283545,-1.1217961115340005,-0.7646369543833902,-0.1343819508370131,-0.08518404036388261,VDE,VPU,ewma,15
VDC-VNQ,-0.00824154558062891,0.05179793210326219,-1.1243990486825033,-0.2546806111979903,-0.08149390801133394,-0.019016632840886283,VDC,VNQ,adaptive,15
VAW-VPU,-0.001031187391978417,0.045341294766234566,-1.1254902987459694,-0.03769145503984548,-0.057991091028100517,-0.004107345540796836,VAW,VPU,ewma,5
VOX-VPU,-0.03746377860357961,0.07766043216733205,-1.1262334777525393,-0.7597590503976956,-0.13776219727637884,-0.07790772430431658,VOX,VPU,ewma,20
VIS-VNQ,-0.021282998284850606,0.06309654772881348,-1.129744825203784,-0.5522521276551124,-0.09924599623262453,-0.04555700853137057,VIS,VNQ,standard,5
VDC-VGT,-0.05063936121101427,0.08878301135868556,-1.13354300187486,-0.8221921193646219,-0.1372300909834201,-0.10363252294595515,VDC,VGT,ewma,15
VDE-VDC,-0.05387329927808542,0.09144610075714502,-1.13589642880393,-0.8597126544500566,-0.20249090247567958,-0.10985153394293545,VDE,VDC,standard,15
VPU-VAW,-0.038005671663380994,0.077474330523419,-1.1359332964713844,-0.7557088476630871,-0.08303535859405109,-0.07888676795187155,VPU,VAW,adaptive,15
VAW-VNQ,-0.01587249692337422,0.057981559173746124,-1.136093921275595,-0.45531196094907067,-0.0940218451110556,-0.034557022878296983,VAW,VNQ,adaptive,15
VHT-VGT,-0.0455035854163287,0.08393244282904096,-1.1378625737232093,-0.7349588936427526,-0.18769765056498522,-0.0936093550279421,VHT,VGT,ewma,15
VPU-VAW,-0.0013831201352585486,0.045105414579765676,-1.1391785357474362,-0.042797782074374804,-0.05177094523007253,-0.004799851306115821,VPU,VAW,ewma,5
VGT-VOX,-0.030701456506594175,0.07082530032067051,-1.1394439012783293,-0.7454679672075617,-0.13478004443608949,-0.06436613329204333,VGT,VOX,adaptive,5
VHT-VOX,-0.020256836161618698,0.061531878116051916,-1.141795737635557,-0.4735689598265759,-0.09084615765766524,-0.043418443565009124,VHT,VOX,ewma,20
VCR-VFH,-0.022492082517523465,0.06306196579987919,-1.1495373098195163,-0.5744959986814017,-0.13526266472135795,-0.04786825309576037,VCR,VFH,adaptive,10
VFH-VGT,-0.049611238530975287,0.08658083969433715,-1.1504997974452582,-0.8383498294207098,-0.2110952275991812,-0.10142630150115672,VFH,VGT,standard,15
VGT-VAW,-0.04847532722612799,0.08554732168084919,-1.1511211022305194,-0.9336401653459299,-0.15237445360757096,-0.09919314919666777,VGT,VAW,adaptive,15
VDE-VPU,-0.0615388844343118,0.09657421756038063,-1.1549550931083112,-1.0483590105057885,-0.18423078954466354,-0.12422978075271529,VDE,VPU,standard,5
VDE-VAW,-0.03947582734243667,0.07738276314747941,-1.1562759418645954,-0.8008254351723806,-0.1648298391061822,-0.08158082681756262,VDE,VAW,standard,20
VDE-VNQ,-0.05738504506818374,0.09277800367796159,-1.1574407813399834,-1.0171532276973827,-0.21208002695171646,-0.11628001948182864,VDE,VNQ,standard,5
VCR-VGT,-0.01797854742698447,0.058717502395218224,-1.1577220531185333,-0.4468259647967068,-0.1215952868239174,-0.038715159158006385,VCR,VGT,ewma,15
VDE-VPU,-0.038483702495343344,0.07636955797376245,-1.158625306247586,-0.8034327469448487,-0.10957319412236488,-0.07960544498538791,VDE,VPU,ewma,10
VNQ-VCR,-0.04053290506267052,0.07809195876004603,-1.1593114899429262,-0.7872004944454788,-0.18808008829633327,-0.0836335656808489,VNQ,VCR,standard,15
VNQ-VHT,-0.010787940571664352,0.052429760537964214,-1.159416711957858,-0.3279709522485104,-0.0796171877728824,-0.02407344213429996,VNQ,VHT,adaptive,10
VFH-VAW,-0.013509597282820952,0.054768607975550006,-1.1595985297120044,-0.41194837442970633,-0.08902914952042151,-0.02962320281461528,VFH,VAW,standard,5
VGT-VNQ,-0.06985768519043911,0.10333997665742754,-1.1598385161994742,-1.1041698972115825,-0.23220167635165778,-0.1398737680010933,VGT,VNQ,standard,5
VOX-VDE,-0.03338166365406728,0.07182630004567628,-1.1608792823943679,-0.707941109227962,-0.13122368624933256,-0.06952414460034462,VOX,VDE,ewma,10
VIS-VOX,-0.016990387643526745,0.05762934107856725,-1.1624354259438325,-0.4725618938842682,-0.11192503755600147,-0.03668053996460208,VIS,VOX,adaptive,5
VPU-VOX,-0.04433284302025375,0.08105940202487127,-1.1637495548179562,-0.8390341403856625,-0.13816097275804584,-0.0910111350485755,VPU,VOX,adaptive,10
VPU-VCR,-0.046029603247600345,0.08245522366519327,-1.1646272847130386,-0.8677209798006645,-0.13387184064276925,-0.09429278935011676,VPU,VCR,ewma,15
VAW-VNQ,-0.016845308137471045,0.05738069630201978,-1.164944178886133,-0.48950813706169255,-0.10508006930721991,-0.03637039766640926,VAW,VNQ,adaptive,20
VFH-VDC,-0.0324612896998751,0.07077655113339161,-1.1650933590202968,-0.7326519076701972,-0.14975265781250813,-0.06765592677905063,VFH,VDC,standard,15
VCR-VFH,-0.014501517372123443,0.05535753821242162,-1.1651803793119182,-0.41662007057526107,-0.0893882084655292,-0.03161313284451828,VCR,VFH,ewma,15
VHT-VGT,-0.05244261218828292,0.08771198691981631,-1.1679431259712867,-0.809449278787897,-0.1896403971594014,-0.106710942211798,VHT,VGT,ewma,20
VDE-VAW,-0.04469169088995567,0.08089251511311812,-1.1705865586889104,-0.8744784144924275,-0.19571223587245845,-0.09163938956439588,VDE,VAW,standard,10
VNQ-VDE,-0.04947426759166285,0.08472112811550965,-1.1741376655896105,-0.8754177818029326,-0.2115534306013146,-0.10088299956673541,VNQ,VDE,adaptive,5
VGT-VAW,-0.03967825095889349,0.07627610913159374,-1.1757056302410225,-0.8251756507058358,-0.10723663038474318,-0.08179371514263123,VGT,VAW,ewma,15
VNQ-VOX,-0.03923423991767583,0.0758827716393968,-1.1759486111251525,-0.8247575870151325,-0.15676201148617697,-0.08092913903169174,VNQ,VOX,standard,5
VPU-VIS,-0.03551517599676823,0.07253210989172253,-1.178997496755948,-0.747052910668138,-0.09162717141180055,-0.07359185067042462,VPU,VIS,adaptive,15
VFH-VAW,-0.00681384173424973,0.048019806809989865,-1.18313349237445,-0.22886572482015505,-0.08830504145990015,-0.015832944276383043,VFH,VAW,ewma,20
VOX-VDE,-0.06133744528429628,0.09410212561894464,-1.1831554765844927,-1.0424645638749686,-0.16583449879053613,-0.12347483106437362,VOX,VDE,standard,10
VFH-VAW,-0.015099927692329785,0.05498092138438272,-1.1840457753918496,-0.44332163527509433,-0.11868205733138126,-0.03273554784655053,VFH,VAW,standard,20
VPU-VDC,-0.011088686026887137,0.051449391733893485,-1.1873548737534152,-0.35191133908459726,-0.07379003866262879,-0.02455795914354708,VPU,VDC,ewma,20
VOX-VNQ,-0.028863992820153207,0.06639172956082158,-1.1878586887528777,-0.6812354938314789,-0.132805331033662,-0.06035303915927526,VOX,VNQ,ewma,15
VOX-VGT,-0.03299435883564364,0.06976954432359232,-1.1895499625268349,-0.7044542088393908,-0.09699455969206472,-0.06854247794932122,VOX,VGT,standard,15
VGT-VFH,-0.05552689469114544,0.08856320300177847,-1.19154333983411,-1.030807197016506,-0.1951915486082041,-0.1122951595256374,VGT,VFH,standard,15
VNQ-VGT,-0.047742211964016776,0.08182757431904834,-1.1944899109793565,-0.8310691803597545,-0.15567515063258774,-0.09733209640325613,VNQ,VGT,ewma,10
VGT-VAW,-0.052629498767557216,0.08589745226816663,-1.1947909519732214,-1.001822070178083,-0.16938931077216446,-0.10671699601768847,VGT,VAW,adaptive,20
VOX-VCR,-0.006478473109449746,0.04720439973449794,-1.1964662918523268,-0.21674472043408965,-0.04916675470969989,-0.015095994180647554,VOX,VCR,ewma,15
VHT-VGT,-0.0691814169570345,0.0993792748490911,-1.199258267259579,-0.9738131998015683,-0.22274344245238276,-0.13807365109396064,VHT,VGT,adaptive,15
VPU-VIS,-0.037966001954983584,0.07334722170501294,-1.199309256849077,-0.7765774213523355,-0.11712043927772842,-0.07824379016087568,VPU,VIS,adaptive,5
VDC-VGT,-0.08580263827713008,0.11317647589008113,-1.1999193048652954,-1.1779067818431732,-0.2573551545291871,-0.16871035160509518,VDC,VGT,standard,5
VCR-VGT,-0.03224399485952357,0.06850863923762132,-1.20049085450758,-0.7425570211569218,-0.1170327323236029,-0.06696408068262294,VCR,VGT,standard,10
VPU-VCR,-0.06938849413327501,0.0990720402233549,-1.2050674828550747,-1.0794000756074957,-0.16664839680164412,-0.1383339460172337,VPU,VCR,standard,20
VDC-VOX,-0.04628785337253947,0.0798770686468115,-1.205450512941213,-0.8713147697828242,-0.13042751433759547,-0.09439944090434826,VDC,VOX,adaptive,20
VPU-VAW,-0.044012323158815266,0.07797739971183656,-1.2056355239625238,-0.8629302444485659,-0.10047201527139393,-0.08998168764919079,VPU,VAW,adaptive,20
VOX-VPU,-0.041253798155773486,0.07554125447779561,-1.2079995068469023,-0.8514949047832762,-0.1602406171402445,-0.08458867988200125,VOX,VPU,ewma,15
VGT-VDC,-0.08423085655152997,0.11101742416374477,-1.2090971985942185,-1.226862353513936,-0.22903311748597743,-0.1656689006620199,VGT,VDC,standard,10
VDE-VIS,-0.0469184827886448,0.08003558972190301,-1.2109423211024515,-0.9940390068571497,-0.15007251906489183,-0.0955519339781864,VDE,VIS,standard,5
VPU-VOX,-0.05548918270438521,0.0870597903340952,-1.2116866155956325,-0.9832785616932033,-0.13293643584390458,-0.11200668906551015,VPU,VOX,standard,20
VNQ-VCR,-0.04521328565702669,0.07852145226465362,-1.2125767278999606,-0.8669452470743885,-0.1548765359130292,-0.09225138976149672,VNQ,VCR,adaptive,15
VDE-VDC,-0.049927465317612614,0.08231525837858635,-1.2139604161603155,-0.889810797707333,-0.1958934536393021,-0.10134244957581684,VDE,VDC,adaptive,15
VDE-VIS,-0.03578225658798815,0.07064933061552896,-1.214197726158397,-0.7807245461520553,-0.12628024858505926,-0.07383450520053336,VDE,VIS,ewma,20
VDE-VCR,-0.06724686537991147,0.09655113727588883,-1.2143499153706063,-1.0422313224841082,-0.19326166390245103,-0.13421253359532093,VDE,VCR,standard,15
VPU-VOX,-0.04950319766657351,0.08186932408434361,-1.2153904869675372,-0.9044714186396999,-0.13395998119048158,-0.10050435938988622,VPU,VOX,adaptive,20
VHT-VDE,-0.04026356621599219,0.07425179098714157,-1.2156416029294617,-0.8639912253619204,-0.11912769166928427,-0.0825848661612123,VHT,VDE,ewma,15
VAW-VDC,-0.03198999585311157,0.06743637897969311,-1.215812549451994,-0.7876094081555333,-0.1089813981526121,-0.06634942562124035,VAW,VDC,standard,15
VOX-VGT,-0.03497797806882555,0.06988556071951649,-1.2159590220629692,-0.7818598812525762,-0.10811359056121295,-0.07224706553830207,VOX,VGT,adaptive,5
VIS-VGT,-0.03345928655479403,0.06859824455813301,-1.216638808943094,-0.8052185306382039,-0.17517859109651068,-0.06924484890529825,VIS,VGT,standard,5
VHT-VCR,-0.04824372711820807,0.0807362218248712,-1.2168482113432701,-0.8725210244315129,-0.16319811882175506,-0.09807191064622378,VHT,VCR,standard,15
VDE-VNQ,-0.056441726985217336,0.08728355274681926,-1.2194935200904293,-0.9630988738415,-0.19361330572623214,-0.1137452238179576,VDE,VNQ,standard,15
VFH-VIS,-0.0060668528552147325,0.04590761679731211,-1.2212973960891265,-0.22040549119348996,-0.08246094171082174,-0.014162927848850426,VFH,VIS,adaptive,5
VAW-VOX,-0.03315745280414517,0.06802474806475771,-1.222458813445094,-0.779856023031719,-0.12264385930585142,-0.0686102316835675,VAW,VOX,standard,5
VPU-VDC,-0.005331580098060423,0.04525759691538943,-1.2225920921410087,-0.18883649569275537,-0.057345473769206734,-0.012650785476120863,VPU,VDC,ewma,10
VAW-VOX,-0.03427207322169246,0.06890067466895276,-1.223095036827936,-0.7549648944455164,-0.09635318450433206,-0.07080580314755014,VAW,VOX,adaptive,10
VOX-VDE,-0.062243283728024325,0.09172574320297094,-1.2236835571847269,-1.057263766198881,-0.1883886334788789,-0.12468312024424666,VOX,VDE,adaptive,5
VIS-VGT,-0.025608644193788648,0.061769455012352696,-1.2240458359017146,-0.6236229605084715,-0.11582349133990355,-0.053648225060304644,VIS,VGT,ewma,20
VNQ-VIS,-0.023536047589761747,0.06006315449325757,-1.2243121129779586,-0.5924008631600759,-0.12107218770459949,-0.049511256591358355,VNQ,VIS,standard,15
VPU-VAW,-0.03241426971330743,0.06720041372951484,-1.2263952725801528,-0.7344553178138149,-0.07974154544237166,-0.06711853736274187,VPU,VAW,ewma,20
VCR-VHT,-0.02990231249947801,0.06508140760670018,-1.2277287083638917,-0.7102815310271993,-0.14358600649878805,-0.06214133941761735,VCR,VHT,ewma,15
VPU-VOX,-0.049329405511978924,0.08087910743441011,-1.2281219299128796,-0.9181054804424373,-0.11258455749524188,-0.1000448715970097,VPU,VOX,adaptive,15
VHT-VGT,-0.06779687850955873,0.09570804408378028,-1.2307939174521472,-1.0480025251351412,-0.18421911656201917,-0.13502226355214264,VHT,VGT,adaptive,5
VIS-VNQ,-0.00699878878800747,0.04628775941786461,-1.2314009039290192,-0.21332548837652518,-0.07424869249976285,-0.016045945521226512,VIS,VNQ,ewma,5
VIS-VNQ,-0.0195465526023298,0.05645139437321714,-1.2319722723328426,-0.5439212632201085,-0.09345356220280943,-0.04147327142835677,VIS,VNQ,ewma,20
VHT-VPU,-0.031636085382534554,0.06618937118139,-1.2333715206148925,-0.7267666742765717,-0.1192380510368376,-0.06553929802283831,VHT,VPU,standard,15
VCR-VHT,-0.012895535604846521,0.05095818952121705,-1.2342576570280073,-0.4012674199727563,-0.05263507702555137,-0.028030754041553307,VCR,VHT,ewma,5
VDE-VDC,-0.05116929811847241,0.08183763288516263,-1.2362197506425507,-0.9152079697513543,-0.2029388165202698,-0.10350615536651342,VDE,VDC,adaptive,20
VCR-VDC,-0.05754902992458633,0.08666818529410457,-1.2409286009580505,-1.0245350520591152,-0.20163103437409458,-0.11560459601012307,VCR,VDC,adaptive,20
VCR-VOX,-0.006346007967363266,0.04526315615088515,-1.2448537123556587,-0.22215851715772278,-0.05778480418954257,-0.014657034539485525,VCR,VOX,ewma,20
VIS-VHT,-0.01636853108502943,0.05327547070269674,-1.2457615148141699,-0.5161965207323306,-0.10171806572194364,-0.03500702412462531,VIS,VHT,ewma,10
VPU-VIS,-0.043326755845997975,0.07484884371704761,-1.246869707150089,-0.857287008152479,-0.12438618707635207,-0.0882994480752497,VPU,VIS,adaptive,10
VFH-VGT,-0.05649684595675008,0.08537233593999466,-1.247439756499144,-1.0100960092340656,-0.14874703919796295,-0.11354527096020117,VFH,VGT,standard,5
VDE-VPU,-0.05421274114478174,0.08334413261906277,-1.2503908538001365,-1.0135678307523242,-0.15230555430596815,-0.10916688662231133,VDE,VPU,adaptive,10
VNQ-VFH,-0.026172803097316694,0.060731857537435326,-1.2542478723026624,-0.6442576666827784,-0.14098464843559178,-0.054597092734202324,VNQ,VFH,adaptive,5
VDC-VAW,-0.01581630679359797,0.05246027933051465,-1.2545931442517972,-0.4338156357428788,-0.13516164329149016,-0.03386607593808,VDC,VAW,ewma,10
VNQ-VDE,-0.06272363759421172,0.08976586287579051,-1.255751729921963,-1.1359714479193814,-0.17991224250655302,-0.12520416046395444,VNQ,VDE,standard,5
VGT-VIS,-0.03303651595933297,0.06606955264818731,-1.2568045738328624,-0.8146923507444863,-0.07804712582236961,-0.06813619405085936,VGT,VIS,ewma,20
VPU-VIS,-0.0473392578872578,0.07739424613779235,-1.2577066480362817,-0.9194138675912621,-0.13173753098374197,-0.09595192017779997,VPU,VIS,standard,20
VNQ-VDE,-0.019963567347105974,0.05558730295543123,-1.2586249669857401,-0.5200552273399954,-0.09481887759866336,-0.042183328907810846,VNQ,VDE,ewma,5
VNQ-VDE,-0.05584664351815257,0.08398399908701623,-1.2603191639931828,-1.0308437925258622,-0.19365129676309356,-0.11217772986709673,VNQ,VDE,adaptive,15
VDE-VDC,-0.04815896577142522,0.07784058987811089,-1.2610254614607932,-0.8992663075397341,-0.1641283204034626,-0.09750444810558545,VDE,VDC,ewma,15
VHT-VOX,-0.03610647088700052,0.06823587409171451,-1.2618944511689918,-0.8131326621660246,-0.13958210440903562,-0.07412874078657006,VHT,VOX,adaptive,5
VPU-VIS,-0.04378059260798622,0.07426816053562625,-1.2627294379130325,-0.8890301017194446,-0.1421970461356652,-0.08904680130220188,VPU,VIS,standard,10
VFH-VHT,-0.02474878169810825,0.05914580042833161,-1.2638053954258868,-0.7048510085898053,-0.08929511031870485,-0.05170871081294792,VFH,VHT,standard,5
VAW-VHT,-0.027010513891163053,0.06080635105049364,-1.266487999373839,-0.7207018566711482,-0.11033189135696098,-0.05618607188869651,VAW,VHT,adaptive,5
VNQ-VIS,-0.014656537154272582,0.05098644127501636,-1.2681123753179977,-0.4127411223784503,-0.0799121057227905,-0.03146976156441805,VNQ,VIS,ewma,20
VAW-VHT,-0.029553971623590455,0.06268549061337102,-1.2690970565144033,-0.7709978034481039,-0.09000450504689539,-0.06120378571424767,VAW,VHT,standard,5
VFH-VOX,-0.010623907717403794,0.04772418530151229,-1.2702973834837308,-0.34465743325001236,-0.08415151397111453,-0.023291888296537056,VFH,VOX,ewma,10
VFH-VHT,-0.024174190262706917,0.058355285405065495,-1.271079213268114,-0.646832172199782,-0.12393181839659173,-0.050531310678680774,VFH,VHT,standard,10
VGT-VIS,-0.039323756259644536,0.0702339236536368,-1.2718035902443734,-0.8967592021665775,-0.14662993983151684,-0.08033068734151072,VGT,VIS,standard,20
VFH-VHT,-0.026236016485974404,0.059941137668424425,-1.2718480070846854,-0.6532069422485035,-0.1202698918827364,-0.054628276710131596,VFH,VHT,standard,20
VFH-VCR,-0.018696557405395123,0.05400590916874238,-1.2720192746084789,-0.5202143821934958,-0.06497852812071103,-0.03958229301950167,VFH,VCR,ewma,15
VAW-VPU,-0.027066386966575973,0.0605346337810113,-1.273095782579102,-0.7178388872714676,-0.09244203329982803,-0.05625647746129259,VAW,VPU,ewma,10
VIS-VDE,-0.03735212362256837,0.06824178917541177,-1.2800385904014695,-0.8348489967703515,-0.1079349622386575,-0.07643827228004296,VIS,VDE,ewma,20
VPU-VDC,-0.02844750737121159,0.06105019778522643,-1.2849672927709188,-0.7764881614237548,-0.0991191222892106,-0.05892652464989223,VPU,VDC,standard,15
VCR-VPU,-0.06899876658571168,0.09253129148491153,-1.2860381031763293,-1.1312343554033402,-0.1647404398247312,-0.13658043396035802,VCR,VPU,adaptive,5
VNQ-VPU,-0.01752484508723705,0.05248787893674117,-1.2864845456723166,-0.5351314889664005,-0.05657896556023323,-0.037166974935649244,VNQ,VPU,adaptive,5
VPU-VAW,-0.04752174017516866,0.07573001843127582,-1.2877553999761477,-0.9507849272793005,-0.14375734154669317,-0.09604958789736695,VPU,VAW,adaptive,5
VPU-VDE,-0.06921419585481767,0.0924930848287946,-1.2888984736046376,-1.0758614725311022,-0.1953482643116825,-0.1369719063755388,VPU,VDE,adaptive,15
VOX-VPU,-0.06026340515175027,0.08543501537196814,-1.2906114041377987,-1.0839961310990494,-0.22190501052876632,-0.120220661909196,VOX,VPU,adaptive,5
VNQ-VDC,-0.018151054666406787,0.052741354257761254,-1.2921749095279984,-0.540088164893574,-0.09533708342737746,-0.03840030082284829,VNQ,VDC,standard,15
VCR-VGT,-0.02736096681905768,0.05972167503460591,-1.2953582895026068,-0.6665220760230554,-0.12592830087996465,-0.056734640549177984,VCR,VGT,ewma,20
VNQ-VIS,-0.02702719369713711,0.05938461020733309,-1.2970901623873152,-0.6760331981973863,-0.11313003768417695,-0.056063088235414504,VNQ,VIS,adaptive,10
VFH-VPU,-0.04497215352691773,0.07321561070901356,-1.2971571582510304,-0.9214818105436963,-0.15586455287499412,-0.09107932254452111,VFH,VPU,adaptive,15
VPU-VNQ,-0.01748482857201213,0.052023839723353525,-1.2971904598137172,-0.5244793619013433,-0.08184713079744932,-0.03704205634235325,VPU,VNQ,ewma,15
VPU-VFH,-0.009728675485109807,0.046029128590771066,-1.297627769931007,-0.29812439608339725,-0.0872137426424594,-0.02138618371001655,VPU,VFH,ewma,5
VCR-VOX,-0.022053102637295,0.05550847502443189,-1.2980558843596588,-0.6284226609899959,-0.0959319798511642,-0.046176850104251765,VCR,VOX,standard,20
VCR-VPU,-0.06992001944990234,0.09228192713245087,-1.2994962629874742,-1.1436928233934471,-0.17378871531541484,-0.13813798281508716,VCR,VPU,standard,10
VFH-VAW,-0.022518523735515123,0.05577852115867096,-1.3001155683067414,-0.648326590887466,-0.1127483198541529,-0.047094458412610396,VFH,VAW,adaptive,20
VIS-VAW,-0.008181964632150636,0.04460233935870609,-1.3044599334629712,-0.29815674504809264,-0.08631482920381295,-0.01821794426749712,VIS,VAW,adaptive,10
VNQ-VFH,-0.028481248486032975,0.06011547129752538,-1.3055083290890475,-0.7375362276182026,-0.12587050128062405,-0.05888866521546987,VNQ,VFH,standard,10
VAW-VGT,-0.05440601713016074,0.07996270099557441,-1.305683973030615,-1.0986272481076207,-0.19660689628839867,-0.10901695036180947,VAW,VGT,standard,5
VDE-VHT,-0.06837956982919888,0.0901300499349293,-1.313430647322005,-1.1278200687726825,-0.19767355062685465,-0.13514312773818826,VDE,VHT,standard,15
VDC-VCR,-0.066360483296542,0.08859055843442208,-1.3134637071136213,-1.132419167414532,-0.21858933400696934,-0.13139121615844318,VDC,VCR,standard,5
VIS-VHT,-0.020544952317363068,0.05370576520041286,-1.3135452414486914,-0.6584283424871948,-0.10357354446839151,-0.043093104335542365,VIS,VHT,ewma,15
VNQ-VFH,-0.03183547735059573,0.06228804512095201,-1.3138231773317999,-0.8110230913885029,-0.14517425228211167,-0.0654427924736043,VNQ,VFH,standard,5
VCR-VDC,-0.06288815749947516,0.08584061531058608,-1.3150902645679599,-1.1383878664078806,-0.16276679439001107,-0.1248928487539388,VCR,VDC,adaptive,5
VGT-VCR,-0.005784861991753672,0.042393436216911856,-1.3158844144249764,-0.21915932994275572,-0.04815020001288306,-0.013297887277089138,VGT,VCR,ewma,5
VDC-VCR,-0.06501744060782358,0.08739517949514296,-1.3160616097163085,-1.0961508731860663,-0.15450019301508156,-0.12887007402450223,VDC,VCR,standard,10
VCR-VDC,-0.04269322100952066,0.07028943320785502,-1.3187362136697658,-0.931761174818873,-0.13675117755602917,-0.08652433166854234,VCR,VDC,ewma,10
VDE-VGT,-0.08413116917745801,0.10167534723920008,-1.319210337800989,-1.2602997210060067,-0.19389845302687947,-0.16387125476571218,VDE,VGT,adaptive,15
VAW-VGT,-0.05952461986536027,0.08296504137351488,-1.3201297564870982,-1.0745488350204184,-0.18169650478651134,-0.11855656871522813,VAW,VGT,adaptive,20
VPU-VAW,-0.05395205759723923,0.07865719256446636,-1.3215836239265912,-1.0628049692659574,-0.11797153306672314,-0.10802717332008283,VPU,VAW,standard,20
VDE-VDC,-0.07665564031313846,0.09567931950367183,-1.3237514749284751,-1.3510532572357994,-0.22017503387669657,-0.1502142074681464,VDE,VDC,standard,5
VOX-VNQ,-0.05177865222867529,0.07676137509590338,-1.3259097052588755,-1.0342349822448096,-0.19954325414727592,-0.10386971382025978,VOX,VNQ,adaptive,5
VNQ-VCR,-0.03808438868014503,0.06634720406023624,-1.3276277414821231,-0.8076621719907123,-0.12039751716804536,-0.07756644443933258,VNQ,VCR,ewma,15
VPU-VAW,-0.053981758419552245,0.0783077631506173,-1.3278601537826267,-1.0652368470806401,-0.1133822027518191,-0.1080307077018785,VPU,VAW,adaptive,10
VGT-VPU,-0.09089495809174837,0.10608228921539922,-1.3281666443459026,-1.328756327109431,-0.21958776046648754,-0.1758706997564412,VGT,VPU,standard,10
VGT-VAW,-0.05032100821250989,0.0755046360485184,-1.328673488976819,-1.0485560892721655,-0.1378145601299271,-0.10106856701777889,VGT,VAW,ewma,10
VIS-VDE,-0.05276779078361599,0.0771738225778893,-1.331640540157194,-1.0720679408533802,-0.11395453283159385,-0.10569994984749653,VIS,VDE,adaptive,10
VIS-VGT,-0.04565124029185537,0.07180601676377273,-1.3320783494582153,-0.9805822782373883,-0.16320462151784632,-0.09212825729589269,VIS,VGT,standard,15
VDC-VAW,-0.03777119887561508,0.06588282324529014,-1.33223190130805,-0.8509494887800371,-0.1168337279230367,-0.07692390658082615,VDC,VAW,standard,10
VPU-VFH,-0.04796783271481651,0.07347509642841152,-1.3333474534500105,-0.8909438262371114,-0.11556773113335872,-0.0965730794402464,VPU,VFH,ewma,20
VPU-VIS,-0.049419665002158386,0.07456241969823997,-1.3333749817202498,-0.9808751372948782,-0.11044031708714008,-0.09932705584382095,VPU,VIS,adaptive,20
VNQ-VCR,-0.03882595108171576,0.06661606894795301,-1.3334012721632558,-0.8143914016714828,-0.12831309939816438,-0.0789697079284668,VNQ,VCR,ewma,20
VHT-VAW,-0.03212905091950349,0.061581450537805275,-1.3336654171386215,-0.7981724981438812,-0.10156596271555596,-0.06591143524188925,VHT,VAW,standard,15
VGT-VAW,-0.022750800324739612,0.05453160990042729,-1.3341032927063747,-0.628390379603604,-0.07653281248282906,-0.04740470942192476,VGT,VAW,ewma,5
VHT-VDE,-0.07043104026268919,0.0902038826655602,-1.335098187615705,-1.2167350839885547,-0.17675357361250665,-0.13868573743022894,VHT,VDE,adaptive,10
VCR-VGT,-0.0332766442416798,0.06237230959347803,-1.3351540897627365,-0.8389907087202094,-0.10414088689687828,-0.06814861099844316,VCR,VGT,standard,5
VHT-VPU,-0.03929050247163207,0.06673478016144697,-1.3379905089312878,-0.8688952007221814,-0.11792976508959818,-0.07983589523586632,VHT,VPU,adaptive,15
VCR-VOX,-0.008118707591348804,0.043421310832306666,-1.3384834883452403,-0.2929419860062954,-0.07342719191955849,-0.017991014559752605,VCR,VOX,ewma,10
VDC-VOX,-0.05684582785166755,0.07980176714572088,-1.338890499211167,-1.0602583817220543,-0.12573035028667523,-0.113352860466436,VDC,VOX,standard,10
VHT-VGT,-0.0600216311508752,0.08203372004518215,-1.3411756908046835,-0.9817234439625003,-0.19344926709102117,-0.11932805737630703,VHT,VGT,ewma,10
VPU-VCR,-0.07798148973700839,0.09533519920524171,-1.3424369047730664,-1.2442485430074655,-0.1648673387044176,-0.15243564283582056,VPU,VCR,adaptive,10
VAW-VDC,-0.03933270596294212,0.06650320372947946,-1.3432842472721778,-0.9826279500064091,-0.12080649122422615,-0.07987531732114739,VAW,VDC,standard,5
VCR-VGT,-0.043675931561952964,0.06972785868553798,-1.3434505709463578,-0.951099906893795,-0.14648390419936252,-0.08826266441123254,VCR,VGT,standard,15
VIS-VDE,-0.05125347081642594,0.07524546528622765,-1.3456421650296921,-1.026959621223361,-0.14479913909643982,-0.10272135602587873,VIS,VDE,adaptive,20
VAW-VNQ,-0.0239593889710531,0.054918639953759195,-1.346708313121482,-0.6962086098166199,-0.09864117203226885,-0.04975038262552067,VAW,VNQ,ewma,20
VNQ-VPU,-0.02647459383266427,0.05677483252121223,-1.3469805270511679,-0.7354464396197934,-0.1393078218319984,-0.05472673907913528,VNQ,VPU,standard,15
VFH-VDC,-0.007956253745302181,0.04301600837777151,-1.3473182643150827,-0.2678949736332521,-0.05256558290907454,-0.017638325082334205,VFH,VDC,ewma,5
VIS-VHT,-0.03529287651598321,0.06316729706159911,-1.350269530019747,-0.93820541846652,-0.11772502832129772,-0.07199079911056794,VIS,VHT,adaptive,15
VIS-VGT,-0.041108093247986394,0.06745368479229476,-1.3506762977964646,-0.92877896761644,-0.13499683543294516,-0.08326813726317017,VIS,VGT,adaptive,10
VPU-VDE,-0.08093808854101338,0.09693295750589016,-1.3508108275047406,-1.1973497350858937,-0.22875777174835354,-0.15773121134128942,VPU,VDE,adaptive,10
VNQ-VOX,-0.030774770534898233,0.05976375542202509,-1.3515678518610932,-0.7495889947694603,-0.10113634852202724,-0.06316836941424064,VNQ,VOX,ewma,10
VAW-VGT,-0.064969499575055,0.08500461872790045,-1.352508855349049,-1.1630843543553677,-0.24906406292489225,-0.1284233708717073,VAW,VGT,standard,20
VCR-VPU,-0.05336777140520629,0.0763469105563832,-1.3539221253604987,-1.036965958615656,-0.16288194606447937,-0.10665689108134302,VCR,VPU,ewma,10
VNQ-VIS,-0.019075558643863736,0.05100622298224279,-1.3542574730128822,-0.538639095830915,-0.08236764129497187,-0.04001116930902793,VNQ,VIS,ewma,15
VDE-VGT,-0.07939565274635758,0.09552738990380309,-1.354539811845169,-1.2365859940576815,-0.183101635112905,-0.154873163435444,VDE,VGT,ewma,20
VNQ-VCR,-0.05568215976497404,0.0779934387146595,-1.3550134666021614,-1.0538660526659265,-0.22220172113399095,-0.11103264657821488,VNQ,VCR,standard,10
VOX-VGT,-0.03571852387930334,0.06322931921886767,-1.3556768432471884,-0.8227129544940864,-0.1262500304614782,-0.0728060022468423,VOX,VGT,ewma,15
VHT-VGT,-0.08570075590577024,0.0999185656862677,-1.3581135294901476,-1.1941959026129143,-0.22852184889385185,-0.16623951955152994,VHT,VGT,adaptive,20
VNQ-VGT,-0.0396999148102031,0.06604739837782161,-1.3581142787347675,-0.8070853703927298,-0.13851791421646886,-0.08052133690616348,VNQ,VGT,ewma,5
VDE-VOX,-0.05990329448905079,0.08091828743241036,-1.358200945377781,-1.08943048007891,-0.16712746433086278,-0.11892572092343245,VDE,VOX,ewma,20
VFH-VPU,-0.047970045944980444,0.07194312299810345,-1.3617708248161966,-1.003524957914474,-0.14463272904051072,-0.09635675779478081,VFH,VPU,adaptive,20
VFH-VCR,-0.018095511239792077,0.04998967587060694,-1.3621914936206068,-0.539854040535186,-0.06185540108182175,-0.03802282642541954,VFH,VCR,ewma,10
VNQ-VDE,-0.06443461964088182,0.08388346169783509,-1.3642095512593175,-1.1773794740509804,-0.198160865505409,-0.12731638679478174,VNQ,VDE,adaptive,20
VCR-VGT,-0.029221697380481557,0.05805215533113124,-1.364664187377688,-0.7277195855512473,-0.11755283381184911,-0.06006090268199604,VCR,VGT,ewma,10
VHT-VDE,-0.028200798622241507,0.057296165848525184,-1.3648522106868752,-0.7080138526654102,-0.11930088873937184,-0.05804912528544748,VHT,VDE,ewma,5
VGT-VDE,-0.0920730462987688,0.10396976943035312,-1.3664841912912011,-1.4045873191261846,-0.23918958144993152,-0.17745643179991588,VGT,VDE,standard,10
VCR-VPU,-0.07769866362587727,0.0934355547116531,-1.366703114461747,-1.254744538150853,-0.18060419817284978,-0.15165440423915144,VCR,VPU,standard,15
VAW-VDC,-0.03040339356632189,0.05855199592963739,-1.3731964605091094,-0.8703606844232629,-0.08348115275706747,-0.06232507014897126,VAW,VDC,ewma,15
VNQ-VIS,-0.03106288814242235,0.059003340542197684,-1.3738694690421502,-0.7899288174039311,-0.10070863509956085,-0.06362402231594022,VNQ,VIS,adaptive,15
VCR-VDE,-0.025460902058119902,0.05492559947436258,-1.373874892222933,-0.6902345630656708,-0.09587527949901664,-0.05260629698387176,VCR,VDE,ewma,5
VDE-VOX,-0.06873284588996902,0.08619086076175049,-1.377557258862646,-1.197034170622032,-0.18842136469163417,-0.13514439771254527,VDE,VOX,adaptive,15
VOX-VDC,-0.059290772041938625,0.07925471540602703,-1.378981319685963,-1.1572504239008374,-0.21117128603123347,-0.11760475210285004,VOX,VDC,adaptive,5
VOX-VCR,-0.01934045318507717,0.05023270538028609,-1.3803846052116064,-0.6163475651038934,-0.07393431166215203,-0.040441152795359425,VOX,VCR,ewma,20
VGT-VHT,-0.08814652575963748,0.0999997203512199,-1.3814691208579182,-1.4195985988265438,-0.21285574987320377,-0.17026835791256523,VGT,VHT,standard,10
VFH-VCR,-0.0394388874729983,0.06472469336246454,-1.3818356306785704,-0.9560000786537688,-0.13323587040086637,-0.0798618948455262,VFH,VCR,standard,15
VFH-VPU,-0.015921365464759293,0.047682733883954304,-1.3824997036703561,-0.4670063278809959,-0.07612359374262101,-0.033607244269627246,VFH,VPU,ewma,5
VHT-VDE,-0.07501243865363338,0.09037038950633572,-1.3833340692292677,-1.3294072937740857,-0.24040747698039122,-0.14658117738092202,VHT,VDE,standard,10
VDC-VOX,-0.05753006235798565,0.07751653766289857,-1.387188664509358,-1.084597791730586,-0.14556677253253247,-0.11425130209734013,VDC,VOX,adaptive,15
VPU-VFH,-0.05016176806277176,0.07219159600550945,-1.387443602924746,-0.9570350468479369,-0.11374830366655975,-0.10036727733062123,VPU,VFH,ewma,15
VDC-VNQ,-0.02318974072357831,0.052689760811969695,-1.3890695193087987,-0.6917311699740638,-0.08993157440938093,-0.048058222330919054,VDC,VNQ,standard,15
VOX-VCR,-0.028933417309662826,0.056766036959939474,-1.390504279264151,-0.8197126154613812,-0.09473323901358488,-0.05937310578746735,VOX,VCR,standard,15
VNQ-VHT,-0.013762687575188491,0.04585469673710739,-1.3905377663001584,-0.47299870616044953,-0.07041811506664886,-0.02924627974446492,VNQ,VHT,ewma,20
VNQ-VPU,-0.015971640792303076,0.0474137668637399,-1.3914026485576594,-0.5250791731964514,-0.08251197094174945,-0.03367503094043145,VNQ,VPU,ewma,10
VIS-VOX,-0.029416068683792734,0.057007042135164415,-1.393092251576502,-0.7907642961987457,-0.11626646931104734,-0.060309349200534434,VIS,VOX,adaptive,15
VCR-VHT,-0.04132328842609524,0.06555105596883627,-1.393162735158856,-0.9707471927657743,-0.16163001650389963,-0.08342225966810657,VCR,VHT,ewma,20
VNQ-VHT,-0.014472355945178528,0.04622743061877233,-1.394677469246953,-0.4907479377075088,-0.07155755839429123,-0.03065945453285257,VNQ,VHT,ewma,15
VFH-VDC,-0.023110124182411595,0.05230983871789437,-1.397636199505271,-0.644839519487286,-0.09201247416901503,-0.0478691729977887,VFH,VDC,ewma,15
VGT-VOX,-0.04786149983766799,0.06998855472147326,-1.3982500456984426,-1.1934519890288737,-0.160900884886094,-0.09589079809539047,VGT,VOX,standard,10
VPU-VDE,-0.08173835339856805,0.0941214600590337,-1.3996633001224235,-1.2298598258471989,-0.20677401461592915,-0.1586290545920176,VPU,VDE,adaptive,20
VDC-VIS,-0.0273513422062256,0.05524357905974374,-1.40018701761834,-0.7187305105004117,-0.139737341335195,-0.056229313111117674,VDC,VIS,ewma,10
VAW-VNQ,-0.030884960278697558,0.05774936006962854,-1.4006208931349946,-0.8556840686420748,-0.09981738985667532,-0.06314931594123774,VAW,VNQ,adaptive,5
VPU-VHT,-0.04617109379265452,0.06855000860238268,-1.4029333584840975,-1.049011096454516,-0.14559034593039055,-0.09265724380588602,VPU,VHT,standard,15
VDE-VGT,-0.08518017079655023,0.09623849256740923,-1.4046372422330349,-1.3165695646883586,-0.20303788955578495,-0.1647304446810075,VDE,VGT,ewma,15
VGT-VDE,-0.07722118688350739,0.09054197424158437,-1.4051072770299373,-1.2893036770428281,-0.17576037372519016,-0.15038507269298595,VGT,VDE,ewma,10
VFH-VHT,-0.009985364462053474,0.04267140765912122,-1.405750776755341,-0.35357534775422783,-0.05216357983999731,-0.021594680979408754,VFH,VHT,ewma,5
VDC-VOX,-0.06317615239645345,0.08038460416850046,-1.407933192769302,-1.1659167237967347,-0.1725986651875644,-0.12461452965920239,VDC,VOX,standard,15
VAW-VNQ,-0.03267681627258098,0.05846429817818391,-1.4141419438680956,-0.8996676884104234,-0.09876914369446421,-0.0665849311079495,VAW,VNQ,adaptive,10
VAW-VGT,-0.07088217030689639,0.08543219217983763,-1.4149487122188713,-1.2501219010802747,-0.1978311761676944,-0.1387554120190091,VAW,VGT,adaptive,10
VIS-VOX,-0.03471691139048158,0.059761087202050325,-1.4175932091739964,-0.9271419460583865,-0.11966699419009996,-0.07053702071027346,VIS,VOX,standard,10
VFH-VNQ,-0.021962120982380248,0.05070493608985566,-1.4192330477422181,-0.6625201981082464,-0.09373079673676266,-0.04551572737666176,VFH,VNQ,ewma,20
VGT-VNQ,-0.09425707867740891,0.10158849441723547,-1.4200139445410882,-1.5489844924375102,-0.23669099134009586,-0.1806292354089536,VGT,VNQ,standard,10
VHT-VPU,-0.047193565343375814,0.06842829450467376,-1.420371003645828,-1.0192118459515798,-0.11308212948149832,-0.0945036083844224,VHT,VPU,standard,20
VDE-VGT,-0.09133032748047948,0.09935276856696484,-1.4225102080091634,-1.3870002016660974,-0.21504820343569298,-0.17546708886490436,VDE,VGT,adaptive,20
VOX-VHT,-0.03652725002620472,0.06077826597352243,-1.4236544699037583,-0.9325081989392083,-0.1279048143837993,-0.07401474811081399,VOX,VHT,ewma,10
VCR-VNQ,-0.0420950475379458,0.06467617177428299,-1.4239409199937414,-0.9562407972224878,-0.16155785246545207,-0.08474354359736891,VCR,VNQ,ewma,15
VDC-VOX,-0.061087298523769075,0.0779668127515228,-1.424802356328197,-1.1616680638211936,-0.15846638001367586,-0.12060445017426602,VDC,VOX,adaptive,10
VAW-VDE,-0.04490985800259251,0.06661001188409528,-1.4248587459756101,-0.9712794590122099,-0.114317573318788,-0.09012627181995458,VAW,VDE,ewma,10
VDE-VDC,-0.0639240449911974,0.07961113809276348,-1.4310063606734558,-1.230713389778503,-0.1975998986067643,-0.12581039283565287,VDE,VDC,adaptive,10
VDC-VOX,-0.06484076232672006,0.08017097188153186,-1.4324481745889213,-1.2523219053376302,-0.16665098311059612,-0.1274935205833102,VDC,VOX,standard,20
VPU-VCR,-0.08072790230515174,0.09123029472556575,-1.432943987503281,-1.352551445744135,-0.16571701013936668,-0.15644049595174014,VPU,VCR,adaptive,5
VOX-VDE,-0.06328401813172875,0.07891176415312402,-1.435578324062141,-1.2055980209335626,-0.17981324838911472,-0.12459216667481399,VOX,VDE,ewma,15
VDE-VOX,-0.08921163413017828,0.09691065007871771,-1.4364946888407066,-1.4722027541455818,-0.2490139584041695,-0.17155275557289174,VDE,VOX,standard,5
VCR-VHT,-0.044236014151242765,0.06550720561483073,-1.4385595182510398,-1.0306503212495313,-0.1578765085974615,-0.08875275270773864,VCR,VHT,ewma,10
VGT-VCR,-0.04242691572566261,0.06416760516124081,-1.4403983987467124,-1.0959708266820976,-0.11229561250869269,-0.08528053844291572,VGT,VCR,ewma,20
VHT-VOX,-0.036037029631366964,0.05969955787649595,-1.4411669481599327,-0.8603809961532143,-0.1251906336000892,-0.07299270362619215,VHT,VOX,ewma,15
VFH-VDC,-0.04167212438853961,0.06357478709959302,-1.4419572376220573,-0.9668599913407239,-0.1323551642402261,-0.08384042732968411,VFH,VDC,adaptive,20
VGT-VIS,-0.052599642136037565,0.07104321479963698,-1.444186364952643,-1.2321691422320895,-0.11555224514866513,-0.10457861469161678,VGT,VIS,adaptive,20
VIS-VGT,-0.04956293998438666,0.06888415110814443,-1.4453678877174245,-1.103663138217418,-0.1500541698504141,-0.09884749532379888,VIS,VGT,adaptive,5
VGT-VDE,-0.10203742831288569,0.1051726582291051,-1.4455984176200212,-1.5040765591127196,-0.21440620424688805,-0.19393218405081614,VGT,VDE,standard,15
VGT-VFH,-0.07319367010431138,0.08519536252730985,-1.4460138022749875,-1.4160337477160896,-0.18229151826015988,-0.142680499374936,VGT,VFH,standard,10
VOX-VFH,-0.029219069876732243,0.05457122370466525,-1.4516637982219163,-0.8333915620648099,-0.1336348065613282,-0.05967958433460385,VOX,VFH,ewma,15
VOX-VGT,-0.0490590070861985,0.06818958111221857,-1.4527000381946702,-1.1027519897492113,-0.10205187506743552,-0.09785267537652309,VOX,VGT,standard,5
VCR-VNQ,-0.06333768951449066,0.07795121516346336,-1.4539566737583498,-1.220730462547196,-0.20249374556123645,-0.12455984706136192,VCR,VNQ,standard,10
VDC-VCR,-0.05382215938893433,0.07133340744495582,-1.4554493204190238,-1.0582457134436092,-0.14806842520672514,-0.10682830880864469,VDC,VCR,ewma,15
VCR-VHT,-0.06645632125611824,0.08001147454656989,-1.455495251350929,-1.2503428196182342,-0.170301311763148,-0.13029887302150034,VCR,VHT,standard,5
VNQ-VDC,-0.030275816624822278,0.055071881923651346,-1.457655228417875,-0.8590739456783277,-0.13606246326020577,-0.06172174799434593,VNQ,VDC,standard,10
VGT-VAW,-0.0748969647930713,0.0856202215725041,-1.4587320903778227,-1.4109086186822724,-0.19152786722426762,-0.14567214844553666,VGT,VAW,adaptive,5
VGT-VIS,-0.05347289769707918,0.07089675621155468,-1.4594870516828418,-1.2601147977875933,-0.11321142385243432,-0.10612567625458957,VGT,VIS,adaptive,15
VDC-VNQ,-0.01979530618861042,0.047755254588421864,-1.4615209737680275,-0.6370559377852917,-0.10216662499407003,-0.04108471980530504,VDC,VNQ,ewma,15
VPU-VDC,-0.040704961157743635,0.061897812002351026,-1.4653985047855715,-1.0611861086999712,-0.09453470904229577,-0.08186151932069707,VPU,VDC,standard,20
VNQ-VHT,-0.018531040655071215,0.046673856089811235,-1.4682960954244215,-0.6126570842448721,-0.08143195030606387,-0.038552194758144975,VNQ,VHT,ewma,10
VIS-VDE,-0.06169814359974616,0.07591844010012679,-1.4712913417666438,-1.286367595898081,-0.1374525709800647,-0.12139558781333748,VIS,VDE,standard,15
VDC-VIS,-0.01867785594993086,0.04665492028945429,-1.4720388658654413,-0.5560576941901547,-0.09299239942305715,-0.03883971846477541,VDC,VIS,ewma,5
VDE-VCR,-0.09702292970126478,0.09984874643052169,-1.4724564399370654,-1.502065136645909,-0.22521467995794653,-0.18490188271890828,VDE,VCR,standard,10
VDC-VPU,-0.024915095126135555,0.05086914838853862,-1.4727019716141885,-0.744657972278124,-0.13409837886338416,-0.051163971926031726,VDC,VPU,ewma,20
VIS-VOX,-0.031831779346204396,0.05547595421440875,-1.4750855664407883,-0.8696174267533209,-0.11626646931104767,-0.06468709964783881,VIS,VOX,adaptive,20
VNQ-VIS,-0.02144498575780562,0.04835049308959214,-1.4776475107589906,-0.6556027356424716,-0.06848158137576765,-0.04430477910105324,VNQ,VIS,ewma,10
VFH-VNQ,-0.010229637332532182,0.04076033224713076,-1.4776532479509392,-0.37248801346849947,-0.06300051642780446,-0.02191803873042253,VFH,VNQ,ewma,5
VPU-VOX,-0.05494706789291731,0.07088824623984277,-1.480457952617986,-1.1094031927069692,-0.14042520057924734,-0.10877475700937422,VPU,VOX,ewma,10
VPU-VFH,-0.07347467776749762,0.0833947094144886,-1.480605647941087,-1.2651978412574312,-0.19634915140491038,-0.1429364620974083,VPU,VFH,standard,15
VHT-VPU,-0.04912624258322678,0.06687730657821507,-1.482210448581621,-1.1091013914367933,-0.14138068729958886,-0.09781410366554366,VHT,VPU,adaptive,5
VHT-VOX,-0.05494851891436831,0.07078098207041486,-1.4827219945883572,-1.1463365212603625,-0.19114817148750862,-0.10876450488733569,VHT,VOX,adaptive,10
VPU-VAW,-0.04666809728635454,0.0650819483719443,-1.4853288769705373,-1.0919515651843563,-0.11002318677705059,-0.09313761199910775,VPU,VAW,ewma,15
VCR-VHT,-0.06877468525391031,0.07993462759920691,-1.485897774484518,-1.3851679898105513,-0.17699466049152512,-0.13430433075327652,VCR,VHT,adaptive,5
VPU-VCR,-0.09029398076629339,0.09424221069047253,-1.4886533299507632,-1.4400428760141548,-0.1729294541707702,-0.1729294541707702,VPU,VCR,adaptive,15
VNQ-VDC,-0.02427247356192807,0.049871255664756205,-1.4892842093489953,-0.7460898945047234,-0.07224737211494026,-0.04984689268509157,VNQ,VDC,adaptive,10
VPU-VNQ,-0.028269240599008864,0.05249664910626979,-1.4909378394908057,-0.8247230733077012,-0.09293858566532354,-0.05767910017817257,VPU,VNQ,ewma,20
VDE-VAW,-0.06827810503070932,0.07932843959076155,-1.4909924566886819,-1.2931622083062135,-0.1982397107864574,-0.13337157902006236,VDE,VAW,standard,15
VNQ-VDC,-0.02061033724826989,0.047278229430494534,-1.493506379126924,-0.6533934489182172,-0.09117106961034738,-0.042605540997900926,VNQ,VDC,ewma,20
VNQ-VOX,-0.02297133083722374,0.04885745458876627,-1.4935557214640875,-0.6591783560603938,-0.10266691500822067,-0.04727319589697032,VNQ,VOX,ewma,5
VPU-VOX,-0.07169894080935808,0.0813891488151485,-1.4952723130912864,-1.3336555175749998,-0.1527978541591154,-0.13957599343431526,VPU,VOX,adaptive,5
VPU-VFH,-0.06831732728563664,0.07906607534987323,-1.4964360727666535,-1.2294436678252654,-0.15472725679652344,-0.13341998738760907,VPU,VFH,standard,10
VIS-VAW,-0.007801918089581463,0.038596808045972306,-1.4975828576480759,-0.322132542564567,-0.07514185469927681,-0.016978489051762247,VIS,VAW,ewma,15
VNQ-VIS,-0.037260857976588416,0.058246539380768035,-1.4981294838161725,-0.9324132360441112,-0.10678282048959142,-0.07510322746938924,VNQ,VIS,standard,20
VOX-VPU,-0.0524463009277579,0.06837501924433496,-1.4983001403139757,-1.223855111003395,-0.13472332864451475,-0.10396810926541877,VOX,VPU,ewma,10
VAW-VHT,-0.037726584763968105,0.0585450818770591,-1.4984449923255423,-1.052667748265556,-0.12336781799305785,-0.07599048128621677,VAW,VHT,adaptive,20
VIS-VOX,-0.03576088952051073,0.05713952262791627,-1.50090315032858,-0.959584938230818,-0.09531430082209236,-0.07219742960568831,VIS,VOX,standard,15
VPU-VCR,-0.09274464431964691,0.09505031373460396,-1.5017798333439834,-1.4495161750687162,-0.1797456580500879,-0.17711093077227635,VPU,VCR,adaptive,20
VDE-VFH,-0.07453127385679516,0.08280227945948253,-1.503959488430892,-1.3480704968775035,-0.19197531443493032,-0.1446519352148785,VDE,VFH,standard,15
VFH-VPU,-0.06132768756276608,0.07395831550719069,-1.5052761383125617,-1.2315500275306333,-0.1839935305651058,-0.1204904364126711,VFH,VPU,adaptive,10
VIS-VDC,-0.02344159129820291,0.04872063303568344,-1.5074022384810475,-0.7023192926218562,-0.1016486052951997,-0.04815528561236915,VIS,VDC,ewma,5
VGT-VIS,-0.05647662406791799,0.07049795086594454,-1.5103506238130053,-1.325045161703357,-0.13512689322712268,-0.11144187824968088,VGT,VIS,adaptive,5
VAW-VDC,-0.029148178294823697,0.05240270374975159,-1.5103834846536683,-0.9015163495820023,-0.0803310577641898,-0.05932395737801843,VAW,VDC,ewma,10
VOX-VFH,-0.04630938164282394,0.06369077167282652,-1.5121402852136272,-1.1655840548775311,-0.17103932492146068,-0.09232190327069834,VOX,VFH,adaptive,5
VCR-VNQ,-0.04989813199815794,0.06596257330034623,-1.514466871134537,-1.1178868100758363,-0.176509597132519,-0.09909801468531254,VCR,VNQ,ewma,20
VAW-VGT,-0.08171901692951299,0.08690662449629208,-1.5156383957258954,-1.4212909203426447,-0.20340136612379434,-0.15747657166740425,VAW,VGT,standard,10
VPU-VNQ,-0.04281301100981461,0.06116765484672319,-1.5173544129228071,-1.104341644189584,-0.12958712374012482,-0.08565281225172172,VPU,VNQ,standard,15
VDC-VPU,-0.03654363897860268,0.0568479994018251,-1.5223691227351126,-0.9994393655249191,-0.18885832849058293,-0.0736199458696809,VDC,VPU,adaptive,5
VOX-VDE,-0.09730058341239682,0.09663787558696979,-1.5242531204013563,-1.5281439960705798,-0.23265286763020354,-0.1848453102785419,VOX,VDE,standard,20
VPU-VHT,-0.05008346034915842,0.0656407355445304,-1.524715704644446,-1.1919959307154129,-0.12509278712720917,-0.09939232787658614,VPU,VHT,standard,10
VIS-VOX,-0.036731437277001254,0.05687956669063381,-1.5248259141763656,-1.0010779406067063,-0.1103810639993541,-0.07397209940624727,VIS,VOX,adaptive,10
VPU-VAW,-0.06368743620751002,0.07452082725713087,-1.525579363407178,-1.3061644598702769,-0.12890921838309322,-0.12470983202466024,VPU,VAW,standard,10
VDC-VOX,-0.05392593051325281,0.06780762370966871,-1.532658495130747,-1.1143284139671783,-0.13636812850508362,-0.10657095404893069,VDC,VOX,ewma,15
VDC-VAW,-0.0547907890095075,0.06833753850740477,-1.533429375688631,-1.1813271496970563,-0.16426702821919437,-0.10817683138056566,VDC,VAW,adaptive,5
VFH-VHT,-0.026661064320581095,0.049936791926363466,-1.535161979039925,-0.8234250317927426,-0.11367645926342484,-0.05438931678080594,VFH,VHT,ewma,15
VCR-VFH,-0.03483700680699755,0.05508998878094255,-1.539971393792432,-0.980928654777701,-0.10788841486920464,-0.07026041887223355,VCR,VFH,ewma,20
VHT-VDC,-0.028248344363549262,0.05074295070731955,-1.5420534926098042,-0.8791961057708498,-0.09657783903786787,-0.057469183760524345,VHT,VDC,standard,15
VDC-VAW,-0.051391819011163686,0.06571500955939585,-1.5429019898341747,-1.1328118075082083,-0.14339853688237403,-0.10176623585184896,VDC,VAW,standard,15
VIS-VHT,-0.04597014439693753,0.062117640459755846,-1.544974079611309,-1.2288519075606443,-0.1266121390611198,-0.09152038948655083,VIS,VHT,adaptive,20
VDC-VCR,-0.0844729441935997,0.08691640339917259,-1.547152653981996,-1.415955094815261,-0.17870561203430546,-0.16211864391409558,VDC,VCR,adaptive,15
VFH-VHT,-0.03231272486891317,0.053181931574753025,-1.547757338471499,-0.8884628071456914,-0.12241307666857648,-0.06535631311820111,VFH,VHT,ewma,20
VNQ-VCR,-0.07568181772469386,0.08101659486527005,-1.5513095549584837,-1.4117454933261386,-0.20284470063104731,-0.14637475831149993,VNQ,VCR,standard,5
VFH-VDE,-0.07363509268551459,0.07965047368113733,-1.5522204322407385,-1.3820808223195418,-0.17972144147707692,-0.14267186113738795,VFH,VDE,adaptive,5
VPU-VDE,-0.10017624988215351,0.09667788021535413,-1.55336721851606,-1.5092206807101336,-0.2878196011712859,-0.18955166166585824,VPU,VDE,standard,15
VNQ-VIS,-0.0412930747521713,0.05876347322498884,-1.5535683944792669,-1.0478234945916136,-0.11430107223088048,-0.0826021406054529,VNQ,VIS,adaptive,20
VIS-VHT,-0.049786744776495716,0.06422355881563606,-1.5537405060804776,-1.1935250718197872,-0.141804686678215,-0.09869175731863256,VIS,VHT,standard,5
VHT-VNQ,-0.02522991433103092,0.04840520557183405,-1.5541699171050636,-0.8100028075028488,-0.10095372189495189,-0.051529802273604486,VHT,VNQ,ewma,20
VDE-VCR,-0.08421446672306958,0.08615540151731717,-1.5578183649471185,-1.4060311466990876,-0.2174159151905808,-0.16157203740919301,VDE,VCR,ewma,20
VFH-VPU,-0.03743167554646802,0.056117935302058886,-1.5579987944292788,-0.9306371983939881,-0.08743368162451526,-0.07519623302673173,VFH,VPU,ewma,10
VPU-VCR,-0.09853363637820922,0.09511889382419494,-1.5615576507096358,-1.5980521464670883,-0.22502769794080324,-0.1866080186123532,VPU,VCR,standard,10
VDE-VNQ,-0.07229969141302266,0.07822843692243397,-1.5633661648421622,-1.3461322100729618,-0.19853404018172216,-0.14018196780039083,VDE,VNQ,ewma,15
VPU-VGT,-0.12128086142804896,0.10950638560656921,-1.5641175670195246,-1.564435672753828,-0.29047311288945177,-0.22521098413510632,VPU,VGT,standard,5
VDE-VOX,-0.08239809410899379,0.08464700417275167,-1.5641202592213348,-1.4449543649575145,-0.20509462261642664,-0.15829239537190465,VDE,VOX,adaptive,20
VAW-VNQ,-0.032403873283609004,0.0526255166375248,-1.5658539535334581,-0.9900674958343848,-0.1183261657086706,-0.06546656365053871,VAW,VNQ,ewma,15
VCR-VDC,-0.08406348301677777,0.08548434524790223,-1.568281100217792,-1.5076848154995703,-0.19152391893823195,-0.1612141994616053,VCR,VDC,standard,15
VIS-VOX,-0.027639370447745042,0.04948209637082542,-1.569039635384589,-0.8421920411760527,-0.11417958859272137,-0.05620063378160456,VIS,VOX,ewma,20
VCR-VDC,-0.08970748206272772,0.08900005390734989,-1.5697460386727948,-1.5160043966063057,-0.2213916918705906,-0.17116534419326013,VCR,VDC,standard,5
VGT-VAW,-0.08618916994467718,0.08673664015294014,-1.5701457850400797,-1.561224040362871,-0.2414086516924181,-0.164957404998883,VGT,VAW,standard,15
VOX-VHT,-0.0536479296381746,0.06591916788525787,-1.5723488776221997,-1.2200157207750697,-0.1670437622325872,-0.10583744222603353,VOX,VHT,ewma,20
VAW-VDC,-0.05690005533957422,0.0679760721075503,-1.5726130096254924,-1.3869642139543286,-0.12158106511320022,-0.1118843623076956,VAW,VDC,standard,20
VNQ-VDC,-0.0212649533619853,0.0453159571164763,-1.5726238150241842,-0.7164282464625391,-0.08978210421115707,-0.04368622702722602,VNQ,VDC,ewma,10
VDC-VFH,-0.03599861732388035,0.05465624554483532,-1.573445385181725,-0.9415181510417806,-0.13696807235887387,-0.0723872711447121,VDC,VFH,ewma,10
VGT-VCR,-0.05832212054304188,0.06880867132649084,-1.5742510130600156,-1.3972373120222141,-0.16175974403395255,-0.11451213782365388,VGT,VCR,adaptive,5
VIS-VDE,-0.07207187223413626,0.07752595329059209,-1.5745936302978665,-1.4159049908477608,-0.14572798074451998,-0.13969408414461948,VIS,VDE,standard,20
VAW-VDC,-0.05776828357158549,0.06842839928581752,-1.5749058095228823,-1.3131342204231797,-0.14652087987162776,-0.11349047623940944,VAW,VDC,standard,10
VCR-VFH,-0.035438607530846336,0.05424704368089287,-1.5749910360726231,-1.019973446123841,-0.09349688832760228,-0.07129465666930002,VCR,VFH,ewma,10
VFH-VHT,-0.04339554274080382,0.05929368515449777,-1.575134729734693,-1.1696351789507011,-0.14082915479119706,-0.08651325020124279,VFH,VHT,adaptive,5
VOX-VDC,-0.07548220216269504,0.07965667704438799,-1.5752879333991194,-1.4351048892587717,-0.18961102790287,-0.14584264142024006,VOX,VDC,adaptive,10
VOX-VDC,-0.0711437908520963,0.07689549668925609,-1.5754341420233335,-1.3960554744223435,-0.197420884746084,-0.13800842016613302,VOX,VDC,adaptive,20
VIS-VDE,-0.07002740480106748,0.07618663962980811,-1.5754390190233114,-1.3831486785569627,-0.14666721150907192,-0.13598359319612674,VIS,VDE,adaptive,15
VHT-VDC,-0.03249742238165493,0.052348064212322326,-1.5759402687183925,-1.0192021458931788,-0.1335338063082272,-0.0656152641013037,VHT,VDC,adaptive,5
VFH-VHT,-0.04709040191399801,0.0615938308235141,-1.576300753109396,-1.172392397535307,-0.1573278696597762,-0.0935086056086909,VFH,VHT,adaptive,10
VHT-VFH,-0.05453443570555914,0.06628281722261138,-1.57709705298855,-1.191180448531161,-0.1299588484533073,-0.10747534747544052,VHT,VFH,standard,20
VHT-VIS,-0.04905381525697952,0.06278225866772419,-1.577735770565741,-1.1249359849338567,-0.10444248245438181,-0.09720609046330841,VHT,VIS,standard,15
VHT-VDE,-0.09081062308783563,0.08904749965736966,-1.5812978874155503,-1.4648742653928684,-0.20758212272759458,-0.17301430845580423,VHT,VDE,adaptive,5
VAW-VNQ,-0.048088200074750446,0.062028412954693996,-1.5813430555831687,-1.2463829555662733,-0.12492140015799225,-0.09536365393386892,VAW,VNQ,standard,20
VPU-VDE,-0.10001925279035306,0.09484307156546201,-1.5817629091315089,-1.5801127046583725,-0.2413965356626533,-0.18900703239658134,VPU,VDE,standard,5
VCR-VDE,-0.09674497500752051,0.09263310549126041,-1.5841526010521725,-1.6192724099446996,-0.19836726438738772,-0.18331112803686822,VCR,VDE,standard,10
VDE-VGT,-0.11285217988886143,0.10276704065046172,-1.5846732459949429,-1.6604332730151437,-0.21196378234432,-0.21083288693520363,VDE,VGT,adaptive,10
VCR-VHT,-0.07397467549082136,0.07819940812196936,-1.5853659058065401,-1.4700293372870599,-0.22440345272053142,-0.14305155446832885,VCR,VHT,standard,10
VIS-VGT,-0.04212914200276316,0.0580728335804748,-1.586441306933897,-1.0520458295936694,-0.1316678326159435,-0.0840654249601398,VIS,VGT,ewma,15
VOX-VGT,-0.04521740096892522,0.05999584228024383,-1.5870666591221365,-1.073976421318152,-0.15387367103072813,-0.08992959907932652,VOX,VGT,ewma,10
VDC-VDE,-0.06900351606843383,0.07497154801813827,-1.587315711283468,-1.2371149536494925,-0.20295737784662093,-0.13407137454013263,VDC,VDE,ewma,10
VAW-VGT,-0.08276912468676378,0.08354220462058717,-1.5892461216428764,-1.465582798156924,-0.21400996459560073,-0.1587677613504197,VAW,VGT,adaptive,15
VNQ-VDE,-0.08279835784312743,0.08355526957305977,-1.5893474884550516,-1.5048354543496278,-0.20864658184044071,-0.1588097000571631,VNQ,VDE,standard,20
VDC-VCR,-0.09189895920337418,0.08911033066986446,-1.5923962815162331,-1.507304832803483,-0.20964343943641062,-0.17482089399826106,VDC,VCR,adaptive,5
VDE-VIS,-0.07116337710466114,0.07607968234341576,-1.5925852129316505,-1.4108800321693191,-0.18115911482281744,-0.13793158818494833,VDE,VIS,adaptive,15
VGT-VFH,-0.08239337895399852,0.08297823064316286,-1.5955194263341077,-1.6085734723926015,-0.1980570595143315,-0.158037933764123,VGT,VFH,standard,5
VFH-VCR,-0.04821842665728324,0.06155365836996751,-1.595655388457052,-1.2032493287295516,-0.13208429146801604,-0.09555055214378716,VFH,VCR,standard,10
VPU-VDE,-0.10041302188910575,0.09416723404274259,-1.5972968030560724,-1.5273192716391066,-0.2671806740650541,-0.1895501172435512,VPU,VDE,adaptive,5
VAW-VOX,-0.06224566623107135,0.0702574060428859,-1.5976346488305493,-1.3464207237542114,-0.15107186921954296,-0.12163722246397535,VAW,VOX,standard,10
VDE-VFH,-0.08253260905442297,0.08293473913899459,-1.5980349179407765,-1.5421829493622194,-0.19569552579446026,-0.15827794337716028,VDE,VFH,standard,10
VHT-VIS,-0.04966452336951079,0.062289038626066696,-1.6000330967992047,-1.1328230447791519,-0.13197519717722161,-0.09825633168759862,VHT,VIS,adaptive,5
VNQ-VAW,-0.04416678091096188,0.058852458868729855,-1.6000483704682664,-1.1578744015756954,-0.10040599582568333,-0.08787858071943899,VNQ,VAW,adaptive,10
VIS-VDC,-0.05908049751240976,0.0681694214922218,-1.600138230964098,-1.439696174154133,-0.13925499933578123,-0.11578014087872968,VIS,VDC,standard,20
VNQ-VAW,-0.034739218751926086,0.052926817380445024,-1.6010639397190511,-0.954683623848466,-0.09427823686720582,-0.06986483936322452,VNQ,VAW,ewma,20
VOX-VNQ,-0.026248956843749473,0.047542950257551404,-1.6037910232892745,-0.8041337277796344,-0.0943487984740975,-0.05338743149127634,VOX,VNQ,ewma,5
VFH-VNQ,-0.03007657902598534,0.04989415720691665,-1.6049289838467216,-0.9312443579925727,-0.1112191353494818,-0.060835441459013206,VFH,VNQ,ewma,15
VHT-VGT,-0.11207275066341152,0.10089590878277176,-1.60633619954158,-1.5254957251463668,-0.2695897278956616,-0.20933463487237858,VHT,VGT,adaptive,10
VFH-VHT,-0.047682185143874505,0.060735669322448206,-1.6083165993491513,-1.2009673133248386,-0.15212235739997393,-0.09448794572367991,VFH,VHT,adaptive,20
VOX-VNQ,-0.060703675288414666,0.06874289078545183,-1.6104018033504497,-1.3878090251674269,-0.15185417965113668,-0.11872521786748547,VOX,VNQ,ewma,20
VHT-VAW,-0.0345194729673842,0.052472405282293175,-1.6107413508620942,-0.9495483539178006,-0.12681398316199588,-0.06941126905402084,VHT,VAW,ewma,10
VHT-VCR,-0.07834863509633196,0.0796250403846065,-1.611912967031222,-1.4746270548861315,-0.17720529898234438,-0.15072911514836174,VHT,VCR,adaptive,5
VPU-VDE,-0.04108568625026452,0.056503443298693196,-1.6120377968606228,-0.9861393621766577,-0.12144698471737247,-0.0819835754843361,VPU,VDE,ewma,5
VDC-VPU,-0.026772236153774623,0.047500052772574956,-1.6162558075746079,-0.8677328317920947,-0.13547857704792288,-0.054374725312179906,VDC,VPU,ewma,10
VDE-VGT,-0.0953757428126111,0.08983193522982945,-1.6183080375667762,-1.5527184912238847,-0.20802148095717787,-0.18065413129055474,VDE,VGT,ewma,10
VAW-VHT,-0.0478059227150213,0.06034317892960387,-1.620828144124149,-1.2891283869476444,-0.11969384901651137,-0.09466391692297016,VAW,VHT,adaptive,15
VNQ-VAW,-0.011012032104623752,0.0376009752210381,-1.6226183429010357,-0.42512277897112444,-0.0712154157459729,-0.02320975812359083,VNQ,VAW,ewma,5
VOX-VNQ,-0.07623890621405077,0.077753898810449,-1.6235701121791986,-1.5261347002418795,-0.18462766213816217,-0.1468747652705925,VOX,VNQ,standard,5
VDC-VNQ,-0.036808415301014585,0.053446462590348964,-1.6242125501621112,-1.0676519836483036,-0.10170124067137698,-0.073764566532045,VDC,VNQ,adaptive,20
VNQ-VIS,-0.05413910761765623,0.06406153677700531,-1.6256105122822562,-1.3351942095323663,-0.14759105734951383,-0.10650170461769992,VNQ,VIS,standard,5
VHT-VNQ,-0.04198330975672924,0.056553315512268526,-1.626488366305855,-1.1755887838628505,-0.15019409804309858,-0.08363308194154173,VHT,VNQ,standard,10
VNQ-VPU,-0.03731703428523786,0.053684372956148,-1.6264888547094076,-1.0822400605484281,-0.12066715078477641,-0.07473086472746071,VNQ,VPU,adaptive,15
VNQ-VDE,-0.08120541135191842,0.08062735015771876,-1.6273065044958273,-1.4802014106238217,-0.20745345685330674,-0.155720284403158,VNQ,VDE,adaptive,10
VFH-VDC,-0.05579984207077821,0.06492335101736105,-1.6296115405763085,-1.2496141419810078,-0.15371753008804712,-0.10957510828216566,VFH,VDC,adaptive,15
VOX-VNQ,-0.05468549491017037,0.06413765762664528,-1.6322001579720913,-1.3153404705596778,-0.16118270692306036,-0.1074845160496164,VOX,VNQ,ewma,10
VFH-VOX,-0.04979345896264125,0.061126221133429866,-1.6325802104600293,-1.2754565524788493,-0.13393557271246537,-0.09835292077657609,VFH,VOX,standard,5
VDE-VOX,-0.09297267691027755,0.08755366361567003,-1.6329719512124308,-1.5897940955133198,-0.19100554629093036,-0.17636023399889778,VDE,VOX,adaptive,10
VDC-VNQ,-0.03996654314868351,0.05493643459334921,-1.6376480165601277,-1.2200563935095672,-0.1579437413430177,-0.0797544604879914,VDC,VNQ,standard,5
VAW-VGT,-0.06680254013441321,0.07129020854712213,-1.6384092923112694,-1.3888958005392262,-0.1664565664718588,-0.12975233950623588,VAW,VGT,ewma,20
VDC-VAW,-0.03762081844795587,0.05337589933233811,-1.6415801802681804,-0.9841835092030574,-0.13287815021503713,-0.0752689206648014,VDC,VAW,ewma,15
VOX-VDC,-0.08366509598615075,0.08135984807236453,-1.6428877284439365,-1.580913660493863,-0.23372684343448613,-0.1599682150302183,VOX,VDC,standard,20
VIS-VNQ,-0.05607407420901645,0.06454283968542225,-1.6434677297437612,-1.4271914985993581,-0.13927092724405732,-0.1100051412367623,VIS,VNQ,adaptive,15
VDE-VDC,-0.06938880922476129,0.07263977643926092,-1.6435734672805662,-1.4268289210037806,-0.18956758965451204,-0.1344160252136708,VDE,VDC,ewma,10
VCR-VDE,-0.10962779101900318,0.09707189943245506,-1.6444284283329176,-1.7684979008901176,-0.2382825475678111,-0.20480249817052132,VCR,VDE,standard,15
VDE-VIS,-0.07349430285294947,0.07489346085475033,-1.648933050275997,-1.4698014640148946,-0.19566116201168537,-0.14179662347050026,VDE,VIS,adaptive,20
VHT-VIS,-0.056063814626398,0.0643096667312303,-1.6492670545109647,-1.2631601317335361,-0.12229319551015916,-0.10997489920821069,VHT,VIS,standard,20
VDE-VAW,-0.0877660820019627,0.08349826503142177,-1.6499274799316972,-1.76902155577009,-0.2183866833356729,-0.16712711510730816,VDE,VAW,standard,5
VOX-VCR,-0.04373303413886642,0.05673883663484192,-1.65200838963461,-1.2210636738072551,-0.1318207020229294,-0.08686139526104542,VOX,VCR,adaptive,20
VDE-VFH,-0.07227578801731738,0.07385455730390103,-1.6556295573497222,-1.4159210910630566,-0.20997120972556205,-0.13957021928617852,VDE,VFH,ewma,15
VDE-VNQ,-0.0730514979844491,0.0743090950030942,-1.6559412812028629,-1.4628491413919407,-0.18216381976428409,-0.14095872066637438,VDE,VNQ,ewma,10
VAW-VDE,-0.0347758623471043,0.05118695715428556,-1.6562004670755572,-0.9116157193154227,-0.09146498532710035,-0.06976755842524085,VAW,VDE,ewma,5
VGT-VCR,-0.051523413028163045,0.06124713744202958,-1.65760257978187,-1.3524260817998306,-0.13070475214529542,-0.10147952232104962,VGT,VCR,ewma,15
VDC-VIS,-0.07121816893122372,0.07309913385430802,-1.6582709334534733,-1.4119238759805512,-0.18442272124443793,-0.13764940202156295,VDC,VIS,adaptive,5
VDC-VCR,-0.10007722031137385,0.0904177444009484,-1.6598204401767809,-1.638364311593153,-0.19058993623655984,-0.18842477471145624,VDC,VCR,adaptive,20
VCR-VFH,-0.022960253729206105,0.04392212130742899,-1.6611277314801638,-0.8292343410906365,-0.0553832670915112,-0.046808923543989356,VCR,VFH,ewma,5
VHT-VDE,-0.09720518765393167,0.08861499139204747,-1.6611770236784362,-1.7183135031086367,-0.21171709620087165,-0.18346999293314414,VHT,VDE,standard,5
VIS-VDC,-0.06614700579013162,0.06990134168003631,-1.6615847850500267,-1.54785539800541,-0.1518172523183171,-0.1284263029528231,VIS,VDC,standard,15
VFH-VNQ,-0.04678252816985053,0.058183820734984855,-1.663392450809903,-1.2628770578504385,-0.14083930946490575,-0.09257540684101218,VFH,VNQ,adaptive,20
VAW-VHT,-0.041063769360726136,0.05472137289553879,-1.6641353193854198,-1.2078685746331421,-0.10311671683594881,-0.08175280287714504,VAW,VHT,ewma,20
VIS-VGT,-0.06408791328356615,0.06847297576610115,-1.6661743119399746,-1.393749235349586,-0.16090608946768425,-0.12465894857531667,VIS,VGT,adaptive,15
VDC-VAW,-0.06588725186804463,0.06946974787466875,-1.6681685973168963,-1.382972117714373,-0.16677392984287553,-0.12793254291460632,VDC,VAW,adaptive,20
VIS-VDE,-0.0778905621000623,0.07659075763546996,-1.6697910563667653,-1.6003717796502999,-0.2560350974435681,-0.14954420911193667,VIS,VDE,standard,5
VPU-VNQ,-0.05224313274495408,0.06119896071988115,-1.6706677947185993,-1.352609586225801,-0.12573445324925758,-0.10277589650881913,VPU,VNQ,standard,20
VNQ-VDC,-0.029568198718882947,0.047607280358145425,-1.6713451833479729,-0.9285849466287105,-0.10168767590371064,-0.05966976322288953,VNQ,VDC,ewma,15
VNQ-VIS,-0.05134517915907284,0.060632233382349764,-1.6714736288862273,-1.2756235608387754,-0.15341218851235272,-0.10110143563166929,VNQ,VIS,standard,10
VHT-VOX,-0.04628118208739661,0.05755285872175508,-1.672917457547632,-1.1240609690835757,-0.12485957832402894,-0.0916041672375838,VHT,VOX,ewma,10
VPU-VHT,-0.060134383005693945,0.06583233246349109,-1.6729527708405532,-1.341971222072129,-0.1342387743883645,-0.11738164880317037,VPU,VHT,adaptive,20
VPU-VHT,-0.05998683050187236,0.06572383976537684,-1.6734693361572757,-1.3426102858532492,-0.1326196242603228,-0.11710792467260767,VPU,VHT,adaptive,15
VHT-VPU,-0.06069861099309792,0.06609220254983345,-1.6749118159533458,-1.3446185932806582,-0.14520703924507905,-0.11840982797560251,VHT,VPU,adaptive,20
VAW-VNQ,-0.04922644039087269,0.05920363009141086,-1.6760195318710405,-1.2992411695524142,-0.12947134491772283,-0.09711901534096712,VAW,VNQ,standard,10
VCR-VFH,-0.0573908230232139,0.06403617140797638,-1.6770337867175678,-1.4412748176215588,-0.1469498683717061,-0.11230095270003426,VCR,VFH,standard,10
VDE-VFH,-0.08303943965967685,0.07919454949277756,-1.6799065151801873,-1.5377312411905046,-0.2190358523215633,-0.15862503676909845,VDE,VFH,adaptive,15
VFH-VAW,-0.048387957039013246,0.05852745101116618,-1.6810565869380207,-1.2714508880487427,-0.14770493755318792,-0.09552920626520267,VFH,VAW,adaptive,10
VFH-VAW,-0.022952956639435453,0.04337479703570592,-1.6819204151982756,-0.8363899414992794,-0.08572439799845133,-0.04675163742940547,VFH,VAW,ewma,15
VNQ-VDE,-0.09659217974609119,0.08713980676543369,-1.6822642278825983,-1.6576696383740124,-0.2554656286910443,-0.18225714813116567,VNQ,VDE,standard,10
VIS-VOX,-0.027419164926536555,0.04601060907860341,-1.6826372542531551,-0.8791911113865036,-0.11358706191027668,-0.05547106958306969,VIS,VOX,ewma,15
VDC-VAW,-0.06191145806820475,0.06648246824463991,-1.6833228522201789,-1.3489394444851828,-0.1434904775754684,-0.12059692576051184,VDC,VAW,adaptive,15
VFH-VHT,-0.054102716826867826,0.06181925267444548,-1.6839853657742654,-1.3313147797372775,-0.16855577721228432,-0.10618566283969821,VFH,VHT,adaptive,15
VHT-VAW,-0.05420484817367084,0.06183587814531,-1.6851842538533488,-1.287249279926653,-0.13868706439884293,-0.10637153830753476,VHT,VAW,adaptive,5
VOX-VDC,-0.08151317488266822,0.07802478234242276,-1.6855308138573726,-1.5785181141006057,-0.2111948758616743,-0.15588925337004933,VOX,VDC,adaptive,15
VDC-VIS,-0.07232683485882418,0.07240861762617604,-1.6893960811454918,-1.47540942292124,-0.19651110432509344,-0.13947621709923042,VDC,VIS,adaptive,20
VDC-VOX,-0.08923936215104021,0.08240209652510726,-1.689755091469245,-1.631440690081404,-0.24681324260524284,-0.16944832936836685,VDC,VOX,standard,5
VOX-VFH,-0.04493342466320595,0.05613201510685399,-1.6912527455586415,-1.2367160578799274,-0.13552029622120587,-0.08899200631369153,VOX,VFH,ewma,20
VHT-VPU,-0.04696745414044837,0.05725923301907701,-1.6934815404904526,-1.1981761923661882,-0.1240040582141172,-0.09281753005572702,VHT,VPU,ewma,10
VIS-VAW,-0.021661453490021177,0.04228881317061414,-1.6945723494509801,-0.8210937382236863,-0.09243161272895672,-0.04419288574565483,VIS,VAW,adaptive,5
VDE-VAW,-0.06997724200142516,0.0707704965841275,-1.6953002704849434,-1.4363192148359856,-0.17230134829513521,-0.13520738245355135,VDE,VAW,ewma,20
VPU-VDC,-0.04465602307235956,0.05581480002502797,-1.695894691549817,-1.2677590432338812,-0.1424623336818086,-0.08845379400570164,VPU,VDC,adaptive,5
VFH-VAW,-0.04736760361985133,0.05740172946395989,-1.6962486066031215,-1.2860434738116604,-0.1457637824056588,-0.09355818680768668,VFH,VAW,adaptive,15
VNQ-VPU,-0.04225019105100381,0.054304055535664794,-1.6987716689118633,-1.1653475591895488,-0.10237099287776497,-0.0838977054363318,VNQ,VPU,standard,20
VHT-VDC,-0.04089078405082724,0.05342515495663205,-1.701273194707773,-1.1471513758492107,-0.10267926525776239,-0.08130984650154982,VHT,VDC,standard,20
VDE-VNQ,-0.08688408873572191,0.08043535102029681,-1.7017901581753647,-1.5524449485028822,-0.23271539795260276,-0.16525102096458955,VDE,VNQ,adaptive,20
VIS-VNQ,-0.05280386581740352,0.06021516110765677,-1.707275442369136,-1.3924458472824712,-0.15719191954068645,-0.10367609553262136,VIS,VNQ,standard,15
VCR-VNQ,-0.0845441461824581,0.07876930910217206,-1.7080782822144622,-1.6130081820995705,-0.2155265151111626,-0.16110169742537916,VCR,VNQ,standard,15
VIS-VFH,-0.030827517878680894,0.04726938969861706,-1.709933603840153,-1.0345750474609368,-0.07628837048858861,-0.06200947905561849,VIS,VFH,standard,15
VHT-VOX,-0.07416758411841272,0.07245040093804773,-1.7138288057865718,-1.5305634431715625,-0.19748009251151055,-0.14264928568784585,VHT,VOX,standard,10
VNQ-VHT,-0.040773098575590146,0.05293639028248662,-1.7147579971205809,-1.1815287761957127,-0.10355078388003125,-0.08104470294753618,VNQ,VHT,standard,20
VFH-VDE,-0.07611735580471614,0.07349783615366692,-1.7159329091135962,-1.5086431617084017,-0.17885093660035578,-0.1461245632438949,VFH,VDE,standard,10
VFH-VIS,-0.02606952878430607,0.044309000893955154,-1.716796299839021,-0.8976944634739199,-0.10107750561807427,-0.052766448796819354,VFH,VIS,standard,20
VNQ-VPU,-0.042540988374230204,0.053886815316830296,-1.7173215345930297,-1.227448965080945,-0.12176337851341712,-0.08438812570703169,VNQ,VPU,adaptive,20
VGT-VCR,-0.06978689436736664,0.06965750360305151,-1.719655287246312,-1.6593832291504438,-0.1898216163401124,-0.13473034567492304,VGT,VCR,standard,15
VHT-VCR,-0.07278903019797427,0.07139638708129027,-1.719821341354003,-1.4035607536145762,-0.2032473429406637,-0.1401526244664275,VHT,VCR,ewma,20
VOX-VPU,-0.10047148058125319,0.0874510633536255,-1.7206363743433544,-1.7444167471793286,-0.22926554467125793,-0.18863546304650491,VOX,VPU,adaptive,10
VDC-VHT,-0.04375736644090913,0.054470877653522876,-1.72123840260623,-1.2534117749583107,-0.13155042454066812,-0.08667533846789044,VDC,VHT,standard,10
VAW-VHT,-0.05442661702429079,0.06066766290490747,-1.7212895968643551,-1.4453791554308144,-0.12431579870040399,-0.10663432653837435,VAW,VHT,adaptive,10
VDC-VAW,-0.04743516316515888,0.056590801396719716,-1.7217491316673013,-1.2066758337194425,-0.15604668112677433,-0.09359975948812582,VDC,VAW,ewma,20
VHT-VPU,-0.06365449089165043,0.06594055113751328,-1.7235902480498508,-1.4165283971930602,-0.14553464026481278,-0.12360000908214053,VHT,VPU,adaptive,10
VAW-VFH,-0.048485179470984796,0.05707626312483658,-1.7255015321444414,-1.2927369185923243,-0.1372824532081638,-0.0955528880514197,VAW,VFH,adaptive,5
VDE-VIS,-0.07129299663869257,0.07025147412672124,-1.7265544694464547,-1.5359623033266039,-0.17227542743053104,-0.13741810771938334,VDE,VIS,ewma,15
VDE-VFH,-0.08440218480707959,0.07783544126605746,-1.7267479007110067,-1.5755414028860721,-0.23395396677164737,-0.160741650158979,VDE,VFH,adaptive,20
VCR-VHT,-0.08271659223214796,0.07685447813378754,-1.7268556817355019,-1.6670750751422918,-0.1919640352659313,-0.1577620330856041,VCR,VHT,standard,15
VPU-VDC,-0.05049939467961676,0.05817360996683571,-1.7275770703745323,-1.414992057261045,-0.1126897094749254,-0.0993066144043997,VPU,VDC,standard,10
VOX-VDC,-0.09217666943254593,0.08227796410660879,-1.728004222957261,-1.665030916762182,-0.21822349541620556,-0.17430840822996385,VOX,VDC,standard,10
VDC-VIS,-0.07139825392879409,0.07022043582593018,-1.7288165831059334,-1.4888255155222818,-0.1825648928649466,-0.13760433647585057,VDC,VIS,adaptive,15
VOX-VDC,-0.09032850092037113,0.08116243105728882,-1.7289834606028456,-1.664920508058155,-0.2403119695191872,-0.1710915593576473,VOX,VDC,standard,15
VOX-VNQ,-0.08528655121501648,0.07824381699882106,-1.729038234638462,-1.6875592617234645,-0.24136739478336933,-0.16227563809382628,VOX,VNQ,adaptive,10
VNQ-VFH,-0.05467479168137528,0.060518547796594144,-1.7296315839103156,-1.3376620809141404,-0.15969289258240493,-0.10706818793611328,VNQ,VFH,standard,15
VDE-VCR,-0.10736582283982869,0.09098181488563147,-1.7296404016302054,-1.7012191179823666,-0.2437189547536257,-0.20028315333594726,VDE,VCR,adaptive,15
VHT-VNQ,-0.04606352587892723,0.055439072575551224,-1.7327765674292945,-1.2954682538857156,-0.1442078761420752,-0.09098411762811787,VHT,VNQ,adaptive,15
VAW-VCR,-0.06181311112216106,0.06452005646384162,-1.732997725828455,-1.5194043355015716,-0.1637576654457623,-0.1201896491303901,VAW,VCR,adaptive,5
VAW-VNQ,-0.05683866617544288,0.06156707746584725,-1.7353213856010763,-1.4613669070679198,-0.13033967576135386,-0.1110420929423922,VAW,VNQ,standard,15
VOX-VCR,-0.04896335885922031,0.05700398700549835,-1.7360778439879079,-1.360495393414664,-0.14682745707046074,-0.09641149761446588,VOX,VCR,adaptive,15
VOX-VDC,-0.08625243460505014,0.0782877324725222,-1.740405939754005,-1.7203163655412337,-0.1840860376858413,-0.1638995487542807,VOX,VDC,standard,5
VHT-VCR,-0.0893061685619838,0.08002114232764768,-1.7408670322599589,-1.6534061729559417,-0.23129459415036724,-0.16923948939375932,VHT,VCR,standard,10
VGT-VCR,-0.0569837707578719,0.06139968253439076,-1.742415698940281,-1.4931303122305637,-0.15535037719427702,-0.11127653230485568,VGT,VCR,ewma,10
VHT-VNQ,-0.03202297928280011,0.04707206912694397,-1.7424978507233342,-1.0662003432619032,-0.10166368463331132,-0.0642360882603169,VHT,VNQ,ewma,10
VPU-VHT,-0.07331788922581772,0.07065063361176303,-1.7454604852303233,-1.562385290948843,-0.16046846069010468,-0.14096441069664245,VPU,VHT,standard,20
VPU-VFH,-0.08400530470554847,0.0767566027456265,-1.7458472615006912,-1.549501546183689,-0.15993796137472405,-0.15993796137472405,VPU,VFH,adaptive,15
VDE-VNQ,-0.09161318649434316,0.08107354284132616,-1.7467250292922645,-1.6298704680652842,-0.2275360114305145,-0.1732126368724074,VDE,VNQ,adaptive,15
VFH-VNQ,-0.05327445680057316,0.059114071828595106,-1.7470367647829061,-1.417296228689439,-0.16631198968695682,-0.10440448409322356,VFH,VNQ,adaptive,10
VHT-VFH,-0.06778592359140641,0.06739110788412313,-1.747796219553707,-1.4246605841307807,-0.13381597521327016,-0.1310025383701925,VHT,VFH,standard,15
VAW-VNQ,-0.008949489440219602,0.03372110972011033,-1.7481479681276255,-0.435291271725173,-0.04408458917725222,-0.018889359404857364,VAW,VNQ,ewma,5
VOX-VHT,-0.07859345062198228,0.07341503079325845,-1.7515956777857906,-1.6298553428487002,-0.2161646996548955,-0.15033881591655174,VOX,VHT,adaptive,10
VOX-VCR,-0.03073427966333166,0.04607714635023146,-1.7521545073488716,-1.0537682044587082,-0.11801679569634016,-0.06172967231042337,VOX,VCR,ewma,10
VAW-VHT,-0.059289056446263866,0.06236603769554939,-1.7523809509877364,-1.5288735437828789,-0.13552453071651815,-0.11548424446314531,VAW,VHT,standard,15
VCR-VDE,-0.10976820478458466,0.09113264423478791,-1.7531391317140852,-1.8171310974230561,-0.23254792741824215,-0.20414053883134786,VCR,VDE,adaptive,5
VDC-VDE,-0.11522125690491204,0.09421721210237533,-1.7536207367862309,-1.7399340989306271,-0.30993859005960467,-0.21326759358140224,VDC,VDE,adaptive,20
VPU-VIS,-0.058165451696136725,0.06151178036354071,-1.7584510000664613,-1.236769884419318,-0.13984039591148856,-0.11341584279620742,VPU,VIS,ewma,10
VFH-VCR,-0.05967272845438132,0.06236179987267542,-1.7586523910198388,-1.4419328098538164,-0.13663204507479576,-0.11616916354710671,VFH,VCR,standard,5
VGT-VOX,-0.06830117296830022,0.0672616182433218,-1.7588213911288997,-1.6104973723664375,-0.17332107905288896,-0.13186906260360398,VGT,VOX,standard,5
VNQ-VIS,-0.014563661273249939,0.03665596570944138,-1.761341162991661,-0.5640631294381999,-0.0763080936047763,-0.03006971889156096,VNQ,VIS,ewma,5
VOX-VCR,-0.04873810091958626,0.056043117842852576,-1.7618238370758088,-1.4011660444816638,-0.12052851509756046,-0.09590447755931963,VOX,VCR,adaptive,10
VDC-VPU,-0.03718350692674978,0.04935871024011169,-1.7663246568363433,-1.1592964608450187,-0.14218005539261447,-0.07406909801941464,VDC,VPU,ewma,15
VDC-VIS,-0.077782058433557,0.07227763781681061,-1.7679335171055763,-1.5669637670523116,-0.17718393361682616,-0.14881953437467677,VDC,VIS,standard,10
VHT-VPU,-0.0725205813945785,0.06923504352356645,-1.7696324745267842,-1.7141037010151856,-0.20154013665967474,-0.1394140351247687,VHT,VPU,standard,5
VDC-VHT,-0.033700234939885096,0.047274127838840836,-1.770529436845924,-1.087747553256557,-0.13021720498095168,-0.06739498936305699,VDC,VHT,ewma,20
VAW-VNQ,-0.034003517436294074,0.04744509371972565,-1.770541711489316,-1.132300974729386,-0.10011112964989499,-0.06797534236104652,VAW,VNQ,ewma,10
VDE-VCR,-0.10826757232582757,0.08902385828642677,-1.7778107506486063,-1.7503436683241707,-0.2500377231036477,-0.20144493409115416,VDE,VCR,adaptive,20
VDC-VFH,-0.034229600186819385,0.04737343008347868,-1.7779924324330094,-0.9928520726301407,-0.09878495433986767,-0.0683999898303822,VDC,VFH,ewma,5
VIS-VNQ,-0.06222300013521633,0.06309694750678081,-1.7785804950890234,-1.435091751655021,-0.14039284233602956,-0.12076370882744647,VIS,VNQ,standard,10
VIS-VOX,-0.05284865066075974,0.05782318420200649,-1.7786749740632726,-1.3952710037209086,-0.12047054298148974,-0.10350633288158761,VIS,VOX,standard,20
VDE-VHT,-0.0969516672786314,0.08257427767518999,-1.779630066601042,-1.7405580725965069,-0.22364309595261556,-0.18221144970099545,VDE,VHT,adaptive,15
VHT-VIS,-0.060895829093524055,0.062206360521477426,-1.7827088446242734,-1.364180318886724,-0.16011294262279685,-0.11832198350928702,VHT,VIS,adaptive,15
VGT-VIS,-0.06361985778763941,0.06363889495828784,-1.785383889241188,-1.5802170629028534,-0.13280352265711537,-0.12326864412776317,VGT,VIS,ewma,15
VFH-VDE,-0.09068515083544482,0.07875532755106886,-1.7863572562023509,-1.7030501471614201,-0.1785849091945063,-0.1713635265601513,VFH,VDE,standard,15
VAW-VIS,-0.02032045626404709,0.039348519842187166,-1.7871182079040653,-0.7980439970002184,-0.05858876091161991,-0.041390884699720076,VAW,VIS,ewma,20
VFH-VDC,-0.06975264584912824,0.06696221936566775,-1.7883613623255545,-1.4892017186093756,-0.19319279510479415,-0.13436831029892216,VFH,VDC,adaptive,10
VNQ-VHT,-0.048457369289163714,0.054925346623773706,-1.7925670995501324,-1.3808186071779316,-0.17002204194916437,-0.09528383486158687,VNQ,VHT,standard,10
VDE-VIS,-0.08502149386078257,0.07527767263012744,-1.7936459662375983,-1.7220840509311104,-0.174812289072668,-0.1614470637011659,VDE,VIS,adaptive,10
VDE-VFH,-0.09929183357964669,0.0828467218827389,-1.80202463280266,-1.8434704214040014,-0.23092211783769023,-0.1860757105490336,VDE,VFH,standard,5
VDE-VFH,-0.09229709842281739,0.07872944898993321,-1.8074189550216744,-1.7352567914018544,-0.21793609723983465,-0.1740339080378659,VDE,VFH,adaptive,10
VPU-VHT,-0.06947751270935691,0.06605123470708565,-1.808861155119935,-1.545524421170643,-0.1429653152045559,-0.13378314878643383,VPU,VHT,adaptive,10
VNQ-VHT,-0.04814656625217948,0.05423501359827249,-1.8096532063062978,-1.3873904013217289,-0.1395407777101828,-0.09465141758396067,VNQ,VHT,standard,15
VHT-VCR,-0.06929294389964365,0.06587469360954629,-1.8109070018104216,-1.4718562082589717,-0.16897148054391853,-0.13344501873041892,VHT,VCR,ewma,10
VPU-VFH,-0.10130218370694291,0.08342918855704534,-1.813540156913894,-1.7003232694236035,-0.19811214588323733,-0.18944664632910935,VPU,VFH,standard,20
VDC-VIS,-0.07746289276251761,0.07025781434911535,-1.814216595596708,-1.5781045313932658,-0.19828290301844753,-0.14803242924990945,VDC,VIS,standard,15
VPU-VDE,-0.1145896529464916,0.09071562589379355,-1.8143473224688647,-1.7658942325992737,-0.2312357182851702,-0.21175777191196343,VPU,VDE,standard,10
VOX-VAW,-0.06271062776058531,0.06206924650597246,-1.8158852266676058,-1.4967642788860456,-0.14372054626630482,-0.1215025586440932,VOX,VAW,ewma,20
VHT-VNQ,-0.05135783451487508,0.055778205629200224,-1.8171583931666246,-1.417372963896411,-0.1424190749552373,-0.10061363845538995,VHT,VNQ,adaptive,20
VNQ-VPU,-0.015853976833625768,0.036207889957021094,-1.8187742205302406,-0.6479855593079508,-0.07682208037969018,-0.03254169003336582,VNQ,VPU,ewma,5
VDC-VFH,-0.05061747999014241,0.0553093470236733,-1.8191767830322867,-1.394409773133072,-0.2006481379025007,-0.09923078413836806,VDC,VFH,ewma,20
VCR-VAW,-0.04792294882891127,0.05380949968791632,-1.8198078294138316,-1.311787865903307,-0.1684375067046432,-0.09420459664740055,VCR,VAW,ewma,20
VCR-VIS,-0.03518020405378343,0.046784571436534236,-1.820690057390713,-1.144684638857022,-0.1309563717737099,-0.07011447386626224,VCR,VIS,ewma,15
VDE-VFH,-0.07177936648997857,0.06687233097587153,-1.821072552920553,-1.586185620415205,-0.1656291835712752,-0.13786187051854826,VDE,VFH,ewma,10
VDC-VCR,-0.109723680639377,0.08758603417770863,-1.8236204223529957,-1.8175547945477333,-0.25117385392558356,-0.2035721625564243,VDC,VCR,standard,15
VCR-VNQ,-0.06625404021327676,0.06373671591831122,-1.8239728630241139,-1.5033300036394401,-0.1702628553037896,-0.12790351263409916,VCR,VNQ,ewma,10
VDC-VNQ,-0.0463635067823665,0.05278105664709321,-1.8257214406804316,-1.3481947839499784,-0.12167080177235667,-0.09127042898673166,VDC,VNQ,adaptive,10
VOX-VPU,-0.10490420933824136,0.08480637592431642,-1.826563246571015,-1.8760567729356574,-0.20659760480628075,-0.19544495708564402,VOX,VPU,standard,5
VOX-VPU,-0.04523399767602616,0.052009354846262325,-1.8310936168605476,-1.3180093025565711,-0.11197006283357835,-0.08913011507814805,VOX,VPU,ewma,5
VPU-VCR,-0.09108131682528012,0.07704075017752278,-1.8312557510173575,-1.5858885547897492,-0.19249839923824485,-0.17181940189738254,VPU,VCR,ewma,10
VIS-VHT,-0.06395869526695105,0.062193433372848356,-1.8323268082623931,-1.5775125309524134,-0.17926822841163104,-0.12370946516408232,VIS,VHT,standard,10
VCR-VAW,-0.048404504986096435,0.053666362261241,-1.8336347171637206,-1.3640030268915102,-0.1627030600591839,-0.0950627673924368,VCR,VAW,ewma,15
VIS-VHT,-0.05302363572148618,0.0561627008218869,-1.8343782299254616,-1.5401607947669766,-0.13035447363995611,-0.10364369073586144,VIS,VHT,ewma,20
VGT-VAW,-0.10255971907712945,0.08297359608856357,-1.838653816019878,-1.9495700619360004,-0.2357888902456281,-0.19140374946422323,VGT,VAW,standard,5
VNQ-VPU,-0.05759773159623223,0.0583940379269576,-1.8426150239999028,-1.541276609659246,-0.15540923058123834,-0.11205759790606906,VNQ,VPU,standard,10
VGT-VAW,-0.10341996821229923,0.08324094832484488,-1.8430828972969306,-2.008888383376857,-0.23859801117461765,-0.19282656915710072,VGT,VAW,standard,10
VDC-VFH,-0.08481397363370825,0.07308748575614475,-1.8445561813894231,-1.69548353235712,-0.18482691433607812,-0.16083933839535003,VDC,VFH,standard,10
VFH-VIS,-0.03316611084786999,0.04503433858653937,-1.846726597040066,-1.1660747435275927,-0.10173405939085278,-0.06620312801367256,VFH,VIS,standard,15
VCR-VFH,-0.07001929976801763,0.06497158755564954,-1.8472582290715696,-1.7103408479086721,-0.15535858969547922,-0.13459479257164242,VCR,VFH,standard,15
VIS-VDE,-0.06491741007630579,0.06218197733481882,-1.848082274025045,-1.4902692193029496,-0.1416993841946802,-0.12539444135253175,VIS,VDE,ewma,10
VPU-VAW,-0.06710486378958228,0.06334576384177072,-1.8486613261479425,-1.4591426727494132,-0.1357811418216941,-0.12935241859903845,VPU,VAW,ewma,10
VNQ-VFH,-0.05922755391794931,0.05905781955798122,-1.8495019751061572,-1.4297032022468446,-0.12491002972884413,-0.11502743131345727,VNQ,VFH,adaptive,20
VHT-VGT,-0.13082115402552655,0.0977374372184666,-1.850070547904258,-1.9170091795924338,-0.3010781055524041,-0.23801936161954407,VHT,VGT,standard,5
VNQ-VHT,-0.04744748908666198,0.05266163899209437,-1.850445427672521,-1.3923372757076469,-0.10356088693155596,-0.09322989174458474,VNQ,VHT,adaptive,15
VIS-VFH,-0.007667121355346174,0.031162150870392206,-1.8505500982647787,-0.3973367696738105,-0.03921329312478272,-0.016202227608081432,VIS,VFH,ewma,5
VFH-VDC,-0.04274946155902794,0.050070004272157485,-1.8523957188995746,-1.2120107819647286,-0.0994259097422373,-0.08440931320452572,VFH,VDC,ewma,10
VCR-VOX,-0.047917129476022044,0.052855351085183924,-1.8525490317567777,-1.382195769450532,-0.11639615691392446,-0.09410275745539698,VCR,VOX,standard,15
VDE-VOX,-0.09989301921324514,0.08076957458325973,-1.8558104334043608,-1.7730627191788275,-0.20703750793893072,-0.18678244036158576,VDE,VOX,ewma,15
VHT-VPU,-0.05782943755244379,0.05807435743589988,-1.8567478369685193,-1.3783039153311951,-0.14728499514296,-0.11244264785850566,VHT,VPU,ewma,20
VGT-VIS,-0.03556369360823733,0.046041982114693285,-1.8583842327876574,-1.1809850593004827,-0.08812471546163958,-0.07076136670204891,VGT,VIS,ewma,5
VIS-VHT,-0.06453263293201951,0.06157350195479403,-1.860096133822418,-1.6858150988782161,-0.1449112143079101,-0.12464525579810026,VIS,VHT,standard,15
VHT-VFH,-0.06642498885654066,0.06251994301280034,-1.8622056138583458,-1.4366683856897915,-0.14474093334577032,-0.12808104981382162,VHT,VFH,adaptive,5
VIS-VHT,-0.0324743892899709,0.044284233301402263,-1.8623872006238247,-1.0266730158092146,-0.08615953343313076,-0.06484666847316423,VIS,VHT,ewma,5
VCR-VNQ,-0.09363069001839139,0.07710926647575354,-1.8626903948509874,-1.7725263274982264,-0.21665956295387923,-0.17603274459646256,VCR,VNQ,adaptive,5
VPU-VFH,-0.10135820692973786,0.08125477105427709,-1.8627608565733653,-1.7158462000618504,-0.18975799302623242,-0.18924833734707136,VPU,VFH,adaptive,10
VDC-VDE,-0.06642984598855677,0.062317800368293805,-1.8683240631162294,-1.350195642228674,-0.15961462123629278,-0.12807774938587935,VDC,VDE,ewma,5
VOX-VCR,-0.01419698383727735,0.03435661993155094,-1.8685477199205762,-0.6264084538616309,-0.0784488909719614,-0.0291967075807803,VOX,VCR,ewma,5
VAW-VHT,-0.052640293116145154,0.05484730365569928,-1.8713826619529652,-1.5228103628298786,-0.118125056512414,-0.10282659705517372,VAW,VHT,ewma,15
VNQ-VFH,-0.06164159616050695,0.05958797066835985,-1.8735592923923254,-1.4671791640907554,-0.13800546898040256,-0.11935512835107354,VNQ,VFH,adaptive,15
VPU-VDE,-0.10233681386744664,0.08127194283278881,-1.8744084189160908,-1.722766447453969,-0.22236777548725084,-0.19083615001463172,VPU,VDE,ewma,15
VIS-VGT,-0.07415139192915801,0.0661782885815439,-1.876013940375332,-1.6253692965078663,-0.16316171003662683,-0.14187645948744299,VIS,VGT,adaptive,20
VDC-VPU,-0.05925090698892333,0.05820600302358129,-1.876969750777458,-1.5238535290993902,-0.16871423997204682,-0.11497864189295437,VDC,VPU,standard,15
VDC-VFH,-0.09311256937624779,0.07605397404437392,-1.8817237517759209,-1.7290198775224,-0.1999627577247587,-0.17505502237766857,VDC,VFH,adaptive,5
VHT-VCR,-0.10464122473483417,0.08214467966793024,-1.882547054294582,-1.811973562195654,-0.23565347165275574,-0.19467348717444055,VHT,VCR,adaptive,20
VOX-VGT,-0.019069513168570824,0.036613206597690344,-1.8864644642441093,-0.7532738221439058,-0.08327053868871293,-0.038786262915457836,VOX,VGT,ewma,5
VPU-VFH,-0.10326036515385416,0.08119857480237368,-1.8874760490177207,-1.7189959085137714,-0.19351732961042611,-0.19232926803372374,VPU,VFH,adaptive,20
VGT-VIS,-0.08390135920620125,0.07085388890213867,-1.8898237101867739,-1.894832917081387,-0.19069076161997012,-0.1590155073864219,VGT,VIS,standard,15
VDC-VHT,-0.050958456262430236,0.053418074737571576,-1.8899680821222322,-1.45620044066595,-0.14686501754925885,-0.09966141013878371,VDC,VHT,standard,15
VDE-VCR,-0.113441550996914,0.08632519081075368,-1.8933239470645196,-1.8692028170242103,-0.241553041577104,-0.2093117962319554,VDE,VCR,ewma,15
VDC-VHT,-0.03566377838884458,0.04522793322961032,-1.8940458312333688,-1.1664951299683635,-0.12504403585198753,-0.0708826659556655,VDC,VHT,ewma,10
VNQ-VAW,-0.06174181010320802,0.05886668137141889,-1.8982182705047341,-1.6374791867023997,-0.15822479662965372,-0.1194516535049368,VNQ,VAW,standard,15
VFH-VAW,-0.01829552076763541,0.03593840711426364,-1.9003491320718418,-0.7828355767483346,-0.06708699824619824,-0.03724469183997803,VFH,VAW,ewma,5
VNQ-VAW,-0.048349767853154264,0.05168311668235127,-1.9029380224420311,-1.3301334880400153,-0.11853837290426705,-0.0947788984577651,VNQ,VAW,ewma,15
VPU-VIS,-0.08678179114251232,0.07177354965451391,-1.9057409282516928,-1.7539813209511481,-0.20914671063770807,-0.16398150755929597,VPU,VIS,standard,5
VOX-VPU,-0.11965767860932845,0.08880035955127182,-1.910551707973333,-2.038933405742907,-0.2712185326209495,-0.21943836584783305,VOX,VPU,standard,20
VIS-VNQ,-0.07020490488930324,0.06289702550643839,-1.9111381487666466,-1.8025170128092167,-0.13987603854869246,-0.1346793845868629,VIS,VNQ,adaptive,20
VFH-VDE,-0.0955715489379016,0.07614612721998085,-1.9117393655143557,-1.8623424846862486,-0.19760541039290613,-0.17910903639725673,VFH,VDE,standard,20
VAW-VFH,-0.058014615870290775,0.05647881264701847,-1.9124802878800056,-1.488459579972816,-0.13899302214832043,-0.1126074495588043,VAW,VFH,adaptive,20
VNQ-VHT,-0.0234408355437091,0.03838478031324615,-1.9132800798749259,-0.9035128889079997,-0.082876929584629,-0.04729505800062006,VNQ,VHT,ewma,5
VNQ-VDC,-0.022615108005212405,0.03791539680809358,-1.915187868737053,-0.8750490208747833,-0.0916819673695396,-0.045682792985853204,VNQ,VDC,ewma,5
VFH-VIS,-0.03718734706674213,0.04548614022197896,-1.9167893041980533,-1.2698437790015549,-0.1010173963519535,-0.07373687407142893,VFH,VIS,adaptive,20
VHT-VCR,-0.10367359819164432,0.08000603649102499,-1.9207750431291923,-1.829522939147205,-0.23894013138965597,-0.19282972819127053,VHT,VCR,adaptive,15
VCR-VAW,-0.07085955352006451,0.06287860861045146,-1.9221092226900143,-1.7055753294805587,-0.18730206850196762,-0.1358212585154519,VCR,VAW,adaptive,5
VIS-VGT,-0.08743064197277613,0.07146006768298278,-1.9231809656612355,-1.8499706459770588,-0.21055433166161097,-0.16502285465455235,VIS,VGT,standard,20
VIS-VGT,-0.06215300310554011,0.058295266150878926,-1.9238783954646919,-1.524176755469339,-0.15639176253414944,-0.12012227850889423,VIS,VGT,ewma,10
VFH-VNQ,-0.0635477994179547,0.05901496294770693,-1.9240510159867288,-1.6670329243171,-0.16698332938806915,-0.12264848747317625,VFH,VNQ,adaptive,15
VIS-VAW,-0.03492067011482107,0.044109243226072285,-1.925235254651247,-1.2421877111784532,-0.10591335078392095,-0.06940469672398097,VIS,VAW,adaptive,15
VOX-VPU,-0.11156549999891935,0.08386011644812172,-1.926607150597846,-2.030931979341524,-0.22748606594014187,-0.20599123484663284,VOX,VPU,adaptive,20
VIS-VOX,-0.02203147544956055,0.03737723617904612,-1.9271482542077785,-0.8435317344690206,-0.06313039567117262,-0.044528394740578126,VIS,VOX,ewma,5
VFH-VDE,-0.09953841466297669,0.07751298302720978,-1.929204745100358,-1.8767569195050584,-0.1890905815450551,-0.18578436501982853,VFH,VDE,adaptive,20
VFH-VOX,-0.06250015208487619,0.058299213792007566,-1.9297027312622037,-1.6418983820196817,-0.1481993914185029,-0.12073057293542633,VFH,VOX,standard,10
VPU-VFH,-0.10192620233866392,0.07872908576616694,-1.929734111099671,-1.7927472899216086,-0.19705747136264407,-0.18984187484781634,VPU,VFH,adaptive,5
VOX-VAW,-0.062191742461892366,0.05810468059053597,-1.9308555063318948,-1.6243857923465899,-0.16032887584651878,-0.12016596559420367,VOX,VAW,ewma,10
VDE-VCR,-0.14554546378372302,0.10119903943862378,-1.9322857693952649,-2.1913260782465556,-0.31143957551336676,-0.26066753676605237,VDE,VCR,standard,5
VDE-VIS,-0.07849312352060583,0.06649318449356406,-1.9324254733662631,-1.7910024084074663,-0.16973998887051034,-0.14934002323333062,VDE,VIS,ewma,10
VIS-VCR,-0.06244992566330683,0.05816710282273037,-1.9332220483115405,-1.67364018187807,-0.14496550062841718,-0.120628751640382,VIS,VCR,standard,10
VCR-VDE,-0.09464119483153224,0.07480704502421438,-1.9335237046820006,-1.8224040774490853,-0.1905142036101477,-0.17740875717448934,VCR,VDE,ewma,10
VIS-VGT,-0.041166756260421454,0.047149275909796,-1.9335770168525561,-1.199703990478927,-0.10105149117120626,-0.08124077431090837,VIS,VGT,ewma,5
VHT-VCR,-0.08189990029364491,0.06802869747444062,-1.9388861640809987,-1.665557668292998,-0.20794157494944876,-0.15531512805451597,VHT,VCR,ewma,15
VDE-VHT,-0.09999780294027455,0.07735507827989051,-1.9390815221922988,-1.8780022815379482,-0.23905132031933873,-0.18651156434351213,VDE,VHT,ewma,15
VOX-VCR,-0.06347095270351004,0.058499539237592414,-1.9396896827281742,-1.6799893622675746,-0.12246246075552958,-0.12246246075552958,VOX,VCR,standard,10
VAW-VGT,-0.04785568747020718,0.050444768101729,-1.939858010108548,-1.294409649141447,-0.11356246736693831,-0.09376871915690854,VAW,VGT,ewma,5
VOX-VCR,-0.060628242507457346,0.05699860820243169,-1.9408937515554578,-1.6649298569874589,-0.13397878241203987,-0.11729395546398613,VOX,VCR,standard,20
VNQ-VFH,-0.06311315846727186,0.05824963154765675,-1.9418690807465226,-1.5342502590314453,-0.13632597921432255,-0.12180988693501116,VNQ,VFH,standard,20
VCR-VIS,-0.041340340829883936,0.04701969725105697,-1.942597383011237,-1.3067424298579253,-0.13521168000045924,-0.08154619269919838,VCR,VIS,ewma,20
VIS-VAW,-0.018687129962299702,0.03535307876684441,-1.942889625407034,-0.8327029696392779,-0.07983239351166282,-0.037960094130534694,VIS,VAW,ewma,10
VNQ-VAW,-0.07180930409809472,0.06261563221292163,-1.9453497440365635,-1.8351361154527004,-0.1678515250381425,-0.1374359846204698,VNQ,VAW,standard,5
VHT-VNQ,-0.05930743255798616,0.05611379546595416,-1.9479600631239793,-1.7213654621863392,-0.16893341673261753,-0.11486269454126519,VHT,VNQ,standard,5
VCR-VOX,-0.06078850996657623,0.05684015010798292,-1.9491241623413043,-1.580079114190008,-0.12746245683346014,-0.11756400534153388,VCR,VOX,standard,5
VAW-VHT,-0.050122766410678546,0.051353444846658554,-1.9496796506961747,-1.5163963158899396,-0.11288173141050217,-0.09795387939118405,VAW,VHT,ewma,10
VOX-VHT,-0.09480533057495955,0.07425035386293653,-1.950230847953465,-1.8846822870440447,-0.23561294476446304,-0.17761350547704757,VOX,VHT,adaptive,15
VPU-VNQ,-0.06270410325227309,0.057767802312457275,-1.9509847828843074,-1.6555844122642307,-0.1402596579471701,-0.12103595257636846,VPU,VNQ,standard,10
VPU-VDC,-0.06651137252816507,0.05970905581967564,-1.9513182871294312,-1.653700708852055,-0.13517417315803937,-0.12792069930170802,VPU,VDC,adaptive,15
VDE-VFH,-0.04351814179233438,0.04790396967959797,-1.9522002543384873,-1.300498926926381,-0.1031197294480316,-0.08562326895499184,VDE,VFH,ewma,5
VAW-VOX,-0.05261458943194561,0.05255750817549083,-1.9524249340229922,-1.4633143171187697,-0.13232458834583105,-0.10256337998110454,VAW,VOX,ewma,10
VAW-VFH,-0.0563964634512754,0.05439288941105632,-1.9560730198982297,-1.4836003820743713,-0.12108240161149242,-0.1095184576785242,VAW,VFH,ewma,20
VPU-VDC,-0.06711009686117207,0.05982869612628762,-1.9574235182056068,-1.6589833878867446,-0.14351714528573378,-0.1289792677072472,VPU,VDC,adaptive,20
VIS-VAW,-0.030591326895994534,0.04115436862951862,-1.9582690630367035,-1.1433558492287335,-0.09769848032493755,-0.061058160191464594,VIS,VAW,ewma,20
VHT-VPU,-0.08195910591451855,0.06738480871995439,-1.9582916152946204,-1.7752865861995175,-0.215614563406348,-0.15533846634126225,VHT,VPU,standard,10
VDC-VDE,-0.09147940178885808,0.07223597270953402,-1.9585726679109972,-1.812354533059269,-0.21142969898655817,-0.1718677201540476,VDC,VDE,ewma,15
VFH-VDE,-0.07079225410815902,0.061560704513607255,-1.9621649079967778,-1.5989139289279388,-0.15642492577229783,-0.1355684916473695,VFH,VDE,ewma,15
VAW-VGT,-0.09078799264246593,0.07171168663164665,-1.963250332761461,-1.8173562834879486,-0.1998655326369435,-0.17065879973759468,VAW,VGT,ewma,15
VDC-VPU,-0.056471099649822075,0.05417848460370816,-1.9651915410445944,-1.637887088461753,-0.17784989327291456,-0.10962632478739187,VDC,VPU,adaptive,15
VDE-VCR,-0.13017482107922748,0.09165808927199091,-1.9657274389014092,-2.0451958873749536,-0.25451818587333574,-0.23612573842639684,VDE,VCR,adaptive,10
VHT-VIS,-0.07368263250316025,0.06289159715068628,-1.9666002789978532,-1.6253655764681043,-0.17903771949601954,-0.14070738506541636,VHT,VIS,adaptive,20
VPU-VDC,-0.06899973675158393,0.06049141232523473,-1.9672170342424244,-1.7131847148965111,-0.1387391755051426,-0.13234122602885756,VPU,VDC,adaptive,10
VHT-VNQ,-0.04367912703198955,0.047613126647327926,-1.967506308205173,-1.39696156247427,-0.10938817413882751,-0.0858916147731309,VHT,VNQ,ewma,15
VOX-VAW,-0.08298286784603776,0.06754695927014176,-1.9687469174474164,-1.88892697892592,-0.16568764377122536,-0.15708484613231644,VOX,VAW,standard,5
VFH-VGT,-0.11626057956796497,0.08443823464750257,-1.9690200803230844,-1.9600963634731732,-0.25400610892794606,-0.21352178813593303,VFH,VGT,standard,10
VDC-VHT,-0.05529378764412517,0.05345351740760707,-1.9698196255489182,-1.6090870423348342,-0.1349990233415037,-0.10745344549597369,VDC,VHT,adaptive,15
VOX-VFH,-0.02488907286439608,0.03798106820126779,-1.9717474102504657,-0.9388741690503174,-0.0846738952030367,-0.050027687355874595,VOX,VFH,ewma,5
VOX-VFH,-0.07563699069417389,0.06369348145284708,-1.972525097206128,-1.8994178901177465,-0.18035376844077144,-0.14414308639352602,VOX,VFH,standard,15
VIS-VCR,-0.042921478691888455,0.04706204442142891,-1.9744462832893466,-1.3862288123077013,-0.10703868742005884,-0.08445568924274294,VIS,VCR,ewma,20
VIS-VDE,-0.07705436461868913,0.0642776132390295,-1.9766503175251915,-1.7274990522937013,-0.15957286209926747,-0.1466415368621019,VIS,VDE,ewma,15
VCR-VGT,-0.07990629998729026,0.0657074044943803,-1.97704202421206,-1.8199437956848077,-0.16529573524943142,-0.1516596765143543,VCR,VGT,adaptive,5
VPU-VNQ,-0.06672981550678134,0.05897244928546226,-1.9793957504077624,-1.7952849284106431,-0.14503039765847192,-0.12822235823092587,VPU,VNQ,standard,5
VDE-VOX,-0.058197608685998346,0.05461312430230726,-1.9811649684621184,-1.4457549193645427,-0.14870133669238117,-0.11274888762687452,VDE,VOX,ewma,5
VOX-VIS,-0.07062088516657632,0.06086667471797777,-1.9817229333697992,-1.7590870976619752,-0.15091106740420113,-0.1351943896055997,VOX,VIS,standard,5
VHT-VAW,-0.0694560965648604,0.060224720850052635,-1.9835060234198827,-1.6392991318306236,-0.14810171844209385,-0.13310905731920342,VHT,VAW,adaptive,15
VGT-VIS,-0.0741410631388097,0.06255613200884592,-1.984474729371937,-1.8568381604713486,-0.1621743615680381,-0.14144843558351672,VGT,VIS,ewma,10
VIS-VCR,-0.059326265750690735,0.05507815887987572,-1.984929561446107,-1.6577857807172107,-0.13452533287534085,-0.11479612188277,VIS,VCR,standard,15
VPU-VHT,-0.08458630753781043,0.06778230948523092,-1.9855668619130693,-2.0472970076720896,-0.18919439843178,-0.1598124661131245,VPU,VHT,standard,5
VGT-VIS,-0.08915944027703128,0.06992234355435638,-1.9901998875202342,-2.078163371279709,-0.20000643650400274,-0.16772310594318396,VGT,VIS,standard,5
VPU-VNQ,-0.04621021316594769,0.04832906900794754,-1.9907317715995365,-1.380829859832768,-0.11202246145081729,-0.09058170295073653,VPU,VNQ,ewma,10
VFH-VIS,-0.030760403392347847,0.040501604754876935,-1.994005024766907,-1.1248750511540693,-0.09516565989697623,-0.06132675883342842,VFH,VIS,ewma,20
VHT-VDC,-0.05480588474645444,0.05251369902025,-1.9957817998316942,-1.5652447660704076,-0.15202526947011963,-0.10649324851165332,VHT,VDC,adaptive,15
VNQ-VAW,-0.06821257715243373,0.05909698905563422,-2.000314720622192,-1.7242705402912821,-0.13655818785552465,-0.13082504280704632,VNQ,VAW,adaptive,20
VDE-VHT,-0.1134455829988078,0.0816214393610095,-2.00248346853934,-2.023752222121936,-0.24199622843510393,-0.20868877644177153,VDE,VHT,adaptive,20
VIS-VOX,-0.03848425821996672,0.04412260753021437,-2.0054177024640776,-1.2868119238177496,-0.09136099082627513,-0.07602933227342112,VIS,VOX,ewma,10
VDC-VAW,-0.0849344596273226,0.06727235531410113,-2.0057935982366084,-1.8064861409137678,-0.17407627403551806,-0.16035001238041047,VDC,VAW,adaptive,10
VCR-VPU,-0.14500606274554845,0.09718263487108583,-2.006593698598796,-2.164093571376984,-0.27713623819372124,-0.25928824240201165,VCR,VPU,standard,5
VDE-VGT,-0.07793909191417747,0.06356717919600387,-2.012659575780268,-1.642149994612965,-0.17053450454466101,-0.14808203200743586,VDE,VGT,ewma,5
VOX-VHT,-0.0990129233436814,0.07398072304876784,-2.0142128544141498,-1.9748018675029524,-0.24132804367076965,-0.184488462608284,VOX,VHT,adaptive,20
VHT-VNQ,-0.06468738196494113,0.05669537142440923,-2.0228702817098823,-1.7422687382421076,-0.1561445194414729,-0.12441620024833078,VHT,VNQ,adaptive,10
VDC-VNQ,-0.025207421967830684,0.037149939485432104,-2.0244291917978052,-0.9762762087429835,-0.08156722812465034,-0.05057550142311762,VDC,VNQ,ewma,5
VHT-VFH,-0.05292331291224685,0.050803708287555656,-2.025901580445415,-1.538073754276284,-0.12104880637286342,-0.10295491710439719,VHT,VFH,ewma,10
VOX-VAW,-0.02933939367840635,0.03911553957217429,-2.028334379281992,-1.0722396547056874,-0.08541378804354793,-0.058545557457809094,VOX,VAW,ewma,5
VOX-VFH,-0.07824811694097752,0.06319602069853064,-2.029370133172948,-1.942045579318965,-0.1954585894037424,-0.14855843812486047,VOX,VFH,adaptive,20
VFH-VIS,-0.045337442425936035,0.04692782388613715,-2.031576035941003,-1.491428522808128,-0.11300770576476482,-0.08886650213037894,VFH,VIS,adaptive,10
VNQ-VAW,-0.06986029781140238,0.05898297142669776,-2.032116980751997,-1.7481093307012328,-0.14168946904579482,-0.13367960882732577,VNQ,VAW,standard,20
VGT-VCR,-0.09013236857954976,0.06892532170432743,-2.0331043093376175,-2.143475765373542,-0.19856942942427314,-0.16922642385390563,VGT,VCR,standard,10
VDC-VCR,-0.12514418140835742,0.08607092941452886,-2.0348819584001476,-2.0780809864468806,-0.23195109170177486,-0.2276159227396869,VDC,VCR,adaptive,10
VFH-VHT,-0.047386601445422054,0.04779080417214337,-2.037768627927534,-1.4541343773085202,-0.12649800415582113,-0.09267583884808672,VFH,VHT,ewma,10
VDC-VIS,-0.09263096214433823,0.06991234022206129,-2.0401400052022582,-1.9078727340375972,-0.19987979219220098,-0.17350591924318826,VDC,VIS,adaptive,10
VOX-VNQ,-0.1070942401779897,0.07698661733566206,-2.040539584861326,-2.0948933006802566,-0.2658828383266356,-0.1979563989956642,VOX,VNQ,adaptive,20
VNQ-VHT,-0.058370772460916924,0.05305295848062181,-2.042690465612781,-1.6710305201164988,-0.12319378418820437,-0.11290463243404458,VNQ,VHT,adaptive,20
VHT-VNQ,-0.06316725123435178,0.05537461328388001,-2.043666664617515,-1.7790740729469576,-0.15812387353155022,-0.12161317781528735,VHT,VNQ,adaptive,5
VDE-VNQ,-0.11411624041829312,0.08023019596623085,-2.045566989358597,-2.0696687124293103,-0.23321029088089318,-0.20957395069080154,VDE,VNQ,adaptive,10
VFH-VDE,-0.11680316831997453,0.08138024251544215,-2.049676471390744,-2.0644212239238873,-0.2191928046448165,-0.21397159266744603,VFH,VDE,adaptive,10
VDC-VHT,-0.06406743851997619,0.05557385860193089,-2.0525376748990563,-1.8259540798553593,-0.20395636127322192,-0.12321564344422631,VDC,VHT,standard,5
VIS-VNQ,-0.07524074711473905,0.06095549759488337,-2.0546259493623062,-1.910488758132357,-0.16754627309271553,-0.14317245693303937,VIS,VNQ,standard,20
VCR-VGT,-0.03354051923713201,0.04063025861784877,-2.056115862389142,-1.1487431386030023,-0.0935923886740112,-0.06655388523945649,VCR,VGT,ewma,5
VOX-VFH,-0.07985261382108724,0.06314300617756745,-2.0564845052819076,-2.0056524400296687,-0.1839399574160776,-0.1512864931858655,VOX,VFH,adaptive,10
VNQ-VIS,-0.0734871282224856,0.05999762212727516,-2.058200372683567,-1.76469539798179,-0.15854814256816552,-0.14006069511386643,VNQ,VIS,adaptive,5
VAW-VIS,-0.04085352577960787,0.04409173870775937,-2.0605566585111608,-1.4375571095026118,-0.107058391984715,-0.08040380945376402,VAW,VIS,standard,15
VPU-VDE,-0.15011900621906524,0.09707011819711052,-2.0615922792295738,-2.197595377810317,-0.29683896855842207,-0.26683417634230977,VPU,VDE,standard,20
VHT-VDC,-0.058010558119935565,0.05238320676337006,-2.06193100410691,-1.6648260802300197,-0.16650482993882798,-0.11220209141365522,VHT,VDC,adaptive,20
VNQ-VFH,-0.05579539901539835,0.051280776860250545,-2.0630615504072813,-1.4844747173353539,-0.1350514351234734,-0.10815241257119701,VNQ,VFH,ewma,15
VHT-VAW,-0.0611595427437721,0.05386689078569438,-2.063596786865098,-1.5896161072383619,-0.1514555180974988,-0.11792990507242984,VHT,VAW,ewma,20
VHT-VCR,-0.11889781703410968,0.08179174747345147,-2.0649738176694616,-2.092516293699273,-0.23996664117439592,-0.21732277264367195,VHT,VCR,standard,5
VAW-VFH,-0.06951575570190828,0.05785253726475169,-2.0658688685505013,-1.764509045362718,-0.16702758924551087,-0.132967215715889,VAW,VFH,adaptive,10
VHT-VIS,-0.06672487896482203,0.05640797008650714,-2.06929763268937,-1.5753874700787047,-0.14997154311724092,-0.1279638420375504,VHT,VIS,ewma,20
VDC-VDE,-0.14076916678862106,0.09218494734405998,-2.0694177551202277,-2.148169130010696,-0.30622344608801844,-0.25226893995351074,VDC,VDE,adaptive,15
VPU-VAW,-0.1060060290393605,0.07530413998801705,-2.071679313570081,-2.0437698029835136,-0.22174408577965,-0.1960049638103195,VPU,VAW,standard,5
VOX-VFH,-0.08253894914513388,0.06392438006972243,-2.0733708954325945,-2.0419616471871525,-0.20292450621443048,-0.15592864496301784,VOX,VFH,standard,10
VOX-VAW,-0.07486399230103796,0.060197669092156895,-2.0742330090868313,-1.8067100335839283,-0.16238656289347175,-0.14244868122942467,VOX,VAW,ewma,15
VFH-VNQ,-0.04564869498017496,0.04607909751885701,-2.075750180242408,-1.4466485497781714,-0.10439383614180875,-0.08936332220716892,VFH,VNQ,ewma,10
VDE-VAW,-0.10762025630388596,0.075792524266809,-2.0796280085490015,-2.0686360527553314,-0.22949119304961718,-0.19865640236014126,VDE,VAW,adaptive,15
VAW-VFH,-0.07646820706265095,0.06064893571605301,-2.0852502285407195,-1.7999586581760294,-0.17123748096395386,-0.14525351094065242,VAW,VFH,standard,20
VOX-VCR,-0.06513705609241496,0.05514895192235593,-2.087746948564247,-1.8749048896863814,-0.15019760927751236,-0.1250524432173299,VOX,VCR,adaptive,5
VAW-VHT,-0.0822238131958724,0.06329873007508041,-2.088885717597145,-2.0359732638627333,-0.16898398826489036,-0.15532792883304958,VAW,VHT,standard,20
VCR-VOX,-0.01965230344800007,0.033334600878672974,-2.0894896477540446,-0.8828659385907365,-0.05744683017722385,-0.03968599375546644,VCR,VOX,ewma,5
VPU-VFH,-0.08860160279700682,0.06632224832275257,-2.089820630363914,-1.7534131155507124,-0.18756280946559123,-0.16640861870381962,VPU,VFH,ewma,10
VDC-VCR,-0.13038752655996272,0.08616458722142482,-2.093522784440489,-2.214954826709721,-0.2607563314411585,-0.2356983696981677,VDC,VCR,standard,20
VNQ-VFH,-0.05905351846436466,0.051985616451685784,-2.0977633027727283,-1.5390171829449393,-0.14115471313325023,-0.11402258596440129,VNQ,VFH,ewma,20
VDC-VDE,-0.14997055331181003,0.09521437942672155,-2.100213796653586,-2.380719161347788,-0.26632612271980405,-0.26632612271980405,VDC,VDE,standard,10
VNQ-VAW,-0.07516652064348796,0.05950229763420843,-2.103557772053638,-1.928018797366649,-0.17638327282094424,-0.14289736616744086,VNQ,VAW,standard,10
VHT-VDC,-0.04077376765930463,0.043140613530471876,-2.1041371512991485,-1.4188601873854843,-0.09638748324174307,-0.08018015639245912,VHT,VDC,ewma,10
VCR-VAW,-0.03424374727702775,0.0399988979434678,-2.1061517093819218,-1.3062336040439722,-0.08345594060636885,-0.06781676075256415,VCR,VAW,ewma,5
VCR-VFH,-0.08168567735427817,0.0625012851124774,-2.106927515447025,-2.0726921519706676,-0.19216136198158784,-0.15433118805395185,VCR,VFH,adaptive,5
VNQ-VAW,-0.07578929193656594,0.05967299320702559,-2.1079769117691276,-1.8691368770925807,-0.14513766229381708,-0.14398561233801377,VNQ,VAW,adaptive,15
VOX-VNQ,-0.11631112743095577,0.07889261217522499,-2.108069727258735,-2.271298376222419,-0.26738598009601233,-0.21287333435500555,VOX,VNQ,standard,20
VAW-VHT,-0.03378153310101841,0.03966741889284484,-2.1120994367528865,-1.3067684330720977,-0.08855649938534715,-0.06692784998780466,VAW,VHT,ewma,5
VOX-VIS,-0.02191952821441962,0.03404588567933014,-2.1124293517229082,-0.9524877722859926,-0.07532401945805767,-0.044085547103273726,VOX,VIS,ewma,5
VNQ-VPU,-0.0664317165885284,0.055029659489319746,-2.115799328380828,-1.8286093014766513,-0.13790364989605164,-0.12731058221052527,VNQ,VPU,adaptive,10
VOX-VDE,-0.15014871473700298,0.09456930121202418,-2.1164237460977944,-2.342482482900435,-0.26945095069796954,-0.26651433638851163,VOX,VDE,adaptive,10
VDE-VIS,-0.05559489883711265,0.04986310480025709,-2.1176960251494044,-1.622182843421031,-0.11166100859627204,-0.10766035534319107,VDE,VIS,ewma,5
VAW-VFH,-0.0718790899398444,0.057497176558340295,-2.1197404331007124,-1.8083074648384627,-0.154924525790062,-0.13703009513153142,VAW,VFH,adaptive,15
VDC-VFH,-0.09949789133760253,0.07044742132635985,-2.1221201361654916,-1.9792532466831545,-0.21242991456311577,-0.18487289420257313,VDC,VFH,adaptive,15
VFH-VDE,-0.08892646375494044,0.06531906569204696,-2.1268899406786166,-1.88273189320775,-0.1902739260342472,-0.16682692464986815,VFH,VDE,ewma,20
VOX-VFH,-0.08482851672050844,0.0633918003517178,-2.1269078330704776,-1.994775522790911,-0.1860980501220536,-0.15974156527409122,VOX,VFH,standard,5
VFH-VDE,-0.1201140278875108,0.07955285126939604,-2.1383775084495755,-2.1837327626807608,-0.22049950882726366,-0.21894059949126665,VFH,VDE,adaptive,15
VDC-VFH,-0.1087517177282682,0.07421456916036587,-2.1390910103544623,-2.0865589638598387,-0.27285868087174725,-0.20029922930208255,VDC,VFH,standard,5
VIS-VAW,-0.042528427571851435,0.043165279877321994,-2.1435845622876095,-1.5235128870443078,-0.10837988444033231,-0.08341146542625755,VIS,VAW,adaptive,20
VFH-VDE,-0.07375641009607181,0.05767794130685584,-2.1456454112616115,-1.7411290075580306,-0.15909937093775262,-0.1402916804943869,VFH,VDE,ewma,10
VHT-VCR,-0.12832035814045661,0.08308168011479626,-2.146325855399968,-2.1472971079726437,-0.2719892663033938,-0.232135372804964,VHT,VCR,adaptive,10
VDC-VIS,-0.07295136797467139,0.057271807134496255,-2.1468044073750674,-1.8011305836775047,-0.18833873812290747,-0.13886260127602923,VDC,VIS,ewma,20
VDE-VHT,-0.12561903535368424,0.08177107233320349,-2.147691479916833,-2.2718748912585056,-0.23601630276832963,-0.22778554598404932,VDE,VHT,adaptive,10
VOX-VNQ,-0.1174549653089827,0.07795451814242915,-2.1481110947671946,-2.2737065351540875,-0.28178638736958794,-0.21456263892121208,VOX,VNQ,adaptive,15
VDC-VHT,-0.051784285144274696,0.04737595298581759,-2.1484377353790585,-1.6072232293994722,-0.13383197001520053,-0.10060272751623212,VDC,VHT,ewma,15
VHT-VIS,-0.08706502070855489,0.06367283174858941,-2.1526452796971975,-1.875339493751158,-0.18854666324185076,-0.16353657151145506,VHT,VIS,adaptive,10
VHT-VFH,-0.07916954288689448,0.05989170085867168,-2.1567185609188133,-1.9592386616168678,-0.19611425921844505,-0.1497870646919678,VHT,VFH,standard,10
VOX-VIS,-0.0628445468224125,0.05230370210076316,-2.157486799022702,-1.7506708642237407,-0.13733471052292812,-0.12075545254250919,VOX,VIS,ewma,15
VHT-VFH,-0.08241434185399839,0.0613531264687717,-2.15823299439184,-1.7933636795910461,-0.17152957329394836,-0.15546145822391644,VHT,VFH,adaptive,15
VOX-VIS,-0.06558175343386759,0.05353814179320312,-2.158867483304046,-1.776464646859963,-0.14219479451979156,-0.12568135680765624,VOX,VIS,ewma,20
VDC-VHT,-0.030711629388010604,0.03735966543495775,-2.1603948656480223,-1.174538757789843,-0.0935204086744742,-0.061004939116278245,VDC,VHT,ewma,5
VFH-VIS,-0.05032135029516992,0.046377963768411266,-2.163125375579777,-1.6649196969287783,-0.12200239553583792,-0.09787668400341909,VFH,VIS,adaptive,15
VHT-VDC,-0.04315453719127087,0.042986406459287495,-2.1670696590908958,-1.5026456919165085,-0.09825013227980106,-0.08454685479290569,VHT,VDC,ewma,15
VIS-VCR,-0.0714720404989109,0.0560482282393311,-2.167277081091914,-1.9038108954012634,-0.14873827771705816,-0.1361818135809717,VIS,VCR,adaptive,10
VHT-VPU,-0.07222584822937142,0.05638734843656487,-2.1676112039010684,-1.7508605529091936,-0.16295271412007428,-0.13752281933808652,VHT,VPU,ewma,15
VFH-VCR,-0.03930209913309596,0.04118326731071788,-2.168407340275676,-1.3145987187371924,-0.09254043556438118,-0.07731292491421482,VFH,VCR,ewma,5
VIS-VFH,-0.05638161537428234,0.04905413072063737,-2.1686576402734397,-1.654268516647236,-0.13252277142351054,-0.10899879732265993,VIS,VFH,adaptive,10
VDE-VHT,-0.11021505910655124,0.07380906153226535,-2.170669234651003,-2.1737247010047525,-0.23998371359477577,-0.20257546498119428,VDE,VHT,ewma,10
VNQ-VFH,-0.031633993562937085,0.03757427546960303,-2.17260326493794,-1.1443886309037357,-0.08791664361503448,-0.0627556451867981,VNQ,VFH,ewma,5
VDE-VAW,-0.11284718042015891,0.07492786201565986,-2.173386188252962,-2.1739653219438115,-0.23886056187240912,-0.2069069508835195,VDE,VAW,adaptive,20
VOX-VFH,-0.06548644787292006,0.05307128932205247,-2.1760626008558743,-1.821512079552554,-0.1469645922755921,-0.12546920977868758,VOX,VFH,ewma,10
VDE-VCR,-0.0766503487514955,0.05812139509068039,-2.17906587675497,-1.717419912986378,-0.14571732459439335,-0.1453120134413871,VDE,VCR,ewma,5
VOX-VPU,-0.13585813956560905,0.08526562475024524,-2.1797546210446836,-2.3816676404365724,-0.2743137156622467,-0.24392047880126644,VOX,VPU,adaptive,15
VOX-VIS,-0.060569038660324086,0.05056320802455372,-2.186748882836534,-1.7867592953036124,-0.14231125621003105,-0.11657675154566127,VOX,VIS,ewma,10
VIS-VAW,-0.04786974269156695,0.04475514188348889,-2.186782089672542,-1.6497887636949484,-0.1315774290657844,-0.09329882720109339,VIS,VAW,standard,20
VPU-VNQ,-0.07857280968170055,0.05875461467726941,-2.1883014702408032,-1.9793333616245834,-0.15486172706192813,-0.14865576183852014,VPU,VNQ,adaptive,10
VDC-VAW,-0.09281036768969016,0.06523257106467625,-2.1892494095947517,-2.032314892158554,-0.19345179882961416,-0.1732770877448555,VDC,VAW,standard,20
VPU-VNQ,-0.07291869325362221,0.056135581720227826,-2.189675237823888,-1.9596221602726633,-0.17137638862463211,-0.13869093225103601,VPU,VNQ,adaptive,5
VDE-VNQ,-0.06414837508261989,0.05209491527636464,-2.1911615457489524,-1.6545443319947108,-0.12446617644005675,-0.12303515240043639,VDE,VNQ,ewma,5
VDC-VHT,-0.0714711488860772,0.05543577063653987,-2.191205200023157,-1.979109833251648,-0.14230971953619853,-0.13611932335728338,VDC,VHT,adaptive,5
VDC-VNQ,-0.06420933922740249,0.052113846602284714,-2.1915353917167084,-1.9024779748806633,-0.15823407649681642,-0.12313911165518154,VDC,VNQ,standard,20
VHT-VIS,-0.06463859444204502,0.05227011857898119,-2.193195606947473,-1.6821608419932177,-0.13294892754824128,-0.12391220372937184,VHT,VIS,ewma,10
VHT-VAW,-0.06801858053981102,0.05375617862913574,-2.1954421528736643,-1.771298341033223,-0.15328209012777483,-0.12996382660478478,VHT,VAW,ewma,15
VAW-VOX,-0.04097018096005753,0.04142818840751247,-2.195852255599988,-1.3209745148335408,-0.09709559155936098,-0.0804119213180714,VAW,VOX,ewma,5
VCR-VIS,-0.07388169720167775,0.056350856948838984,-2.1983995259229174,-2.0045517845098,-0.16565031143986764,-0.14037168183259563,VCR,VIS,adaptive,5
VCR-VIS,-0.05266885396276782,0.04667325274613274,-2.199736421226283,-1.6752554869923546,-0.13309170016304928,-0.10213624100333374,VCR,VIS,ewma,10
VDC-VIS,-0.11300135868690199,0.07409289127056633,-2.1999594818302746,-2.239293720460508,-0.23805584889708187,-0.20705691525706993,VDC,VIS,standard,5
VDE-VAW,-0.1054151406973399,0.07062120007526043,-2.200686770144308,-2.1192290948100543,-0.2235662858987285,-0.19449672420586184,VDE,VAW,ewma,15
VHT-VDC,-0.04916979521898763,0.04502456880874599,-2.2025706818034854,-1.5842593831109153,-0.11238902818835206,-0.09568134199583445,VHT,VDC,ewma,20
VDC-VIS,-0.07049613049939464,0.054699861281895114,-2.2028598916991613,-1.8391954284618164,-0.16521459767738034,-0.13436341265570306,VDC,VIS,ewma,15
VOX-VHT,-0.11794498290190462,0.0758927519573411,-2.2129251947050963,-2.2872568498586934,-0.2515933112992338,-0.21508794265205133,VOX,VHT,standard,20
VDC-VPU,-0.07563601294370513,0.05677078343489148,-2.2130399713048328,-2.0541338442485473,-0.18907389074069836,-0.14342959847333947,VDC,VPU,standard,20
VAW-VIS,-0.04136916670491488,0.04127113055696451,-2.2138760308202006,-1.5283473150089053,-0.10025445962732316,-0.081132637098844,VAW,VIS,adaptive,20
VPU-VNQ,-0.08058771402783783,0.05895975478955953,-2.2148618917079013,-2.016759565306165,-0.16027319621142377,-0.15210782394182887,VPU,VNQ,adaptive,20
VHT-VFH,-0.08843838824460397,0.06247570698717671,-2.2158754965833163,-1.885099433851193,-0.1746088059611809,-0.1657153362007764,VHT,VFH,adaptive,20
VOX-VDE,-0.16009517744621427,0.09467578650655571,-2.2191014746063544,-2.526249709389794,-0.28493544514423097,-0.2810108886557675,VOX,VDE,adaptive,15
VCR-VIS,-0.029474687165987595,0.035721962730667134,-2.224813002723362,-1.266058486684678,-0.070587925045559,-0.058560406210243277,VCR,VIS,ewma,5
VOX-VAW,-0.1030169393320625,0.06876979281063685,-2.225060351038238,-2.2778426951944053,-0.24402687132942935,-0.190403140804409,VOX,VAW,adaptive,5
VNQ-VDC,-0.061396032506046014,0.04993710715991677,-2.2307265847281745,-1.788487801471195,-0.11798626672377466,-0.11798626672377466,VNQ,VDC,standard,20
VPU-VDE,-0.1395252513613868,0.0849372630334765,-2.2313557629787155,-2.1583846903283916,-0.26457696947019016,-0.2494407657746729,VPU,VDE,ewma,20
VDE-VOX,-0.12111263997750675,0.07665654528867466,-2.2321986900548096,-2.224489427726607,-0.23559447817917,-0.2201483273535012,VDE,VOX,ewma,10
VDE-VPU,-0.06943646711616042,0.05350269465620244,-2.232344891853301,-1.7886870531040984,-0.13728050209292408,-0.13240813305107724,VDE,VPU,ewma,5
VDC-VDE,-0.1526211008175802,0.09076317036122881,-2.2324154170812607,-2.339848640388837,-0.3286805842163961,-0.2696398261365023,VDC,VDE,adaptive,10
VDE-VAW,-0.11887891884209897,0.07553795609989519,-2.235682927649842,-2.303417739519181,-0.23158235213502742,-0.21651095193203795,VDE,VAW,adaptive,10
VDC-VPU,-0.0345278131950076,0.03780768057272582,-2.2357312565739704,-1.3188641100615035,-0.08958924980761585,-0.0681903611579796,VDC,VPU,ewma,5
VOX-VDE,-0.15786576833350738,0.09272743686954903,-2.241685690352225,-2.499239770214249,-0.2801178017873569,-0.27752720196762126,VOX,VDE,adaptive,20
VAW-VCR,-0.07239825593971365,0.05457725189175926,-2.2426606635024586,-1.9286073394421643,-0.1459389141255364,-0.13764382313182033,VAW,VCR,ewma,20
VNQ-VCR,-0.08741900929427161,0.061214600891413486,-2.24487307428557,-1.9383689507913326,-0.17818333056314928,-0.16387280055023057,VNQ,VCR,ewma,10
VOX-VHT,-0.12440060561080947,0.077685545485285,-2.244955667381443,-2.295427418651941,-0.2597475287142196,-0.22539786704022446,VOX,VHT,standard,10
VFH-VAW,-0.04189071438968828,0.04088831479591927,-2.2473588077261417,-1.5868817867470033,-0.10470360359745445,-0.08206247135115152,VFH,VAW,ewma,10
VHT-VAW,-0.08636040777443142,0.06058379794668766,-2.2507735136451066,-2.0205568711884156,-0.17620312427824292,-0.16202912648937673,VHT,VAW,adaptive,20
VFH-VOX,-0.032730745623478906,0.036738486010535074,-2.2518822795189535,-1.2737698659975378,-0.09200452330691422,-0.06475423333935793,VFH,VOX,ewma,5
VNQ-VAW,-0.08678622826226579,0.06056165218108995,-2.258627750994161,-2.1263331596679964,-0.16324579056711075,-0.1627384328346595,VNQ,VAW,adaptive,5
VHT-VOX,-0.12150147864789632,0.07588680122061112,-2.2599645246519615,-2.3220397683324867,-0.23516750694439692,-0.22066833031141886,VHT,VOX,standard,5
VCR-VAW,-0.06867201647866558,0.05246939408910605,-2.2617378862262254,-1.9467272493772096,-0.17018711740421355,-0.13097884413392913,VCR,VAW,ewma,10
VNQ-VHT,-0.07516679640294516,0.055335042845355974,-2.26198065397269,-1.9806175607710448,-0.1822968673731198,-0.14248800093935055,VNQ,VHT,adaptive,5
VOX-VGT,-0.11369474869239722,0.072238897427774,-2.2660194787173036,-2.274933284227517,-0.20916295375585903,-0.20794800688578607,VOX,VGT,standard,10
VPU-VFH,-0.11609163263722817,0.0732725848248014,-2.2667636611204856,-2.3816955650899314,-0.2607783035659623,-0.2118564922318611,VPU,VFH,standard,5
VNQ-VDC,-0.0644892127490493,0.050478504254020035,-2.26807855028572,-1.8704898068995035,-0.1311552185738878,-0.12348561843933037,VNQ,VDC,adaptive,15
VAW-VFH,-0.0882273211237098,0.06092982862454281,-2.2686313788191295,-2.058619575315394,-0.20533273005051544,-0.16519539861588883,VAW,VFH,standard,15
VIS-VHT,-0.09310102313044259,0.0629371272620855,-2.273713932549465,-2.3402670065139795,-0.19251108787206517,-0.1735071746129031,VIS,VHT,standard,20
VAW-VIS,-0.046638594600406535,0.04246019805932015,-2.27598077770139,-1.6503632679490146,-0.09882482508842128,-0.09087721984203545,VAW,VIS,adaptive,15
VNQ-VFH,-0.05532688372506834,0.04627367683192878,-2.2761727819388002,-1.7083942244280066,-0.14225421301152785,-0.10687465917565087,VNQ,VFH,ewma,10
VHT-VGT,-0.10887927731769133,0.06974266849939297,-2.278078552716608,-1.8586101350115423,-0.2624787587540064,-0.20001288398332595,VHT,VGT,ewma,5
VAW-VCR,-0.0995414988534313,0.06564158144623426,-2.2781519816965075,-2.2644407295647087,-0.20444242040669802,-0.18440057800549636,VAW,VCR,standard,5
VOX-VCR,-0.07775858038659125,0.05606607221046768,-2.278714654862845,-2.168285653709967,-0.1695502534253276,-0.14700018439324636,VOX,VCR,standard,5
VCR-VFH,-0.09012458041665661,0.06141082935413619,-2.2817568479429564,-2.1799081845787893,-0.17551927024972913,-0.1684102028681861,VCR,VFH,standard,5
VPU-VNQ,-0.08406669353893251,0.05872447283198122,-2.2829782384341817,-2.0924657275875074,-0.1585509145324222,-0.15797756109346572,VPU,VNQ,adaptive,15
VDC-VDE,-0.1206927177793033,0.07469192678369155,-2.2852900591737417,-2.3324185775996087,-0.2750759811463359,-0.2192571642719675,VDC,VDE,ewma,20
VAW-VCR,-0.09341327141600755,0.0627275690565319,-2.2862877291922366,-2.190845404513565,-0.19684481456715797,-0.1740096681101383,VAW,VCR,standard,15
VHT-VFH,-0.0945669243703343,0.06308769545335836,-2.291523304686485,-2.0091313207805532,-0.18411884959667646,-0.17596549263472339,VHT,VFH,adaptive,10
VNQ-VDC,-0.07967037873083758,0.056586335334961796,-2.2915493283538524,-2.1428906234764353,-0.19302080130481225,-0.15031309467744747,VNQ,VDC,standard,5
VAW-VIS,-0.04989599177109864,0.04351397512617262,-2.2957220405959555,-1.7286371260158382,-0.11404749267491943,-0.09687539871907425,VAW,VIS,adaptive,10
VFH-VIS,-0.05185690871559762,0.04415866769695856,-2.3066119071933198,-1.9074334508486972,-0.1429083078248714,-0.10046719740219923,VFH,VIS,standard,5
VDC-VIS,-0.10367519279809129,0.06662207241707858,-2.3066708558092914,-2.312369171095707,-0.20832446334621046,-0.19123456048971244,VDC,VIS,standard,20
VIS-VCR,-0.030593726658788886,0.03490638060908599,-2.3088537182170836,-1.2784334880806374,-0.0778184048246302,-0.06061615890106198,VIS,VCR,ewma,5
VFH-VDE,-0.06668399223522486,0.050378964931123565,-2.3161252398645207,-1.6854869280508311,-0.15266620202920678,-0.12733022569545727,VFH,VDE,ewma,5
VNQ-VPU,-0.0864653715508523,0.058826064533797184,-2.319811339282254,-2.2464994312042994,-0.2061141857828952,-0.16202525437032544,VNQ,VPU,standard,5
VDE-VCR,-0.13885448915485749,0.08122381249582687,-2.3251123451581455,-2.3579584792622073,-0.27355077887313395,-0.24794926424703734,VDE,VCR,ewma,10
VAW-VDC,-0.04272109268073627,0.03980821898166059,-2.329194700306796,-1.6649922321646164,-0.08686355407609025,-0.08350646690140939,VAW,VDC,ewma,5
VAW-VIS,-0.052920352698387366,0.04414693047292964,-2.3313139010082895,-1.770014052316373,-0.12918284272268998,-0.10238393687084935,VAW,VIS,standard,20
VHT-VIS,-0.09225259035466347,0.06095196074961396,-2.3338476499390453,-2.169221773620453,-0.21597456442676255,-0.17190485268201383,VHT,VIS,standard,10
VDC-VPU,-0.09035675492244097,0.06006943192266589,-2.336575366704615,-2.221242817117937,-0.1933849945026137,-0.16866161613663377,VDC,VPU,standard,10
VAW-VCR,-0.07173455893331748,0.05195720889061963,-2.34297726018334,-1.9738695224817004,-0.14456334522573333,-0.13625489398252144,VAW,VCR,ewma,15
VNQ-VAW,-0.05973532319780931,0.04661461570348435,-2.3540969187826386,-1.8246239258012706,-0.1379961137612531,-0.11476111557380442,VNQ,VAW,ewma,10
VAW-VCR,-0.10051392499388974,0.06383059400361818,-2.3580216876151576,-2.3385210351368366,-0.20877594066160132,-0.18579733459889614,VAW,VCR,adaptive,10
VFH-VGT,-0.0757181622530414,0.05327319218881574,-2.3598766487928775,-1.8082756212589293,-0.14630718215710437,-0.14325226573143723,VFH,VGT,ewma,5
VGT-VIS,-0.11257780892209042,0.06883173066418571,-2.3619602086611824,-2.6305996417701287,-0.24207291946947507,-0.20577441447842837,VGT,VIS,standard,10
VDC-VPU,-0.08174691764492208,0.05567019895626602,-2.366560926940843,-2.2478002891343776,-0.2077477686887672,-0.15375397536530144,VDC,VPU,adaptive,20
VDC-VAW,-0.10784269145462091,0.066663489526789,-2.3677532120665714,-2.4231187792840205,-0.19982840727250262,-0.19796932819849478,VDC,VAW,standard,5
VAW-VFH,-0.026513208176506556,0.03230236079741344,-2.3686568500786858,-1.1653194263412034,-0.05882020423624157,-0.05273702962185378,VAW,VFH,ewma,5
VAW-VCR,-0.09695515026743845,0.061959154146938276,-2.3718069152288495,-2.312110925886898,-0.20078451310085255,-0.179774217429144,VAW,VCR,adaptive,20
VGT-VCR,-0.103582776543906,0.0645009147752043,-2.3810945484907595,-2.6229959938380376,-0.22124571205264643,-0.1908551283762452,VGT,VCR,standard,5
VOX-VIS,-0.09535193514486383,0.06100182544442977,-2.382747304460153,-2.3283937523063707,-0.2212202444226602,-0.17703674454062934,VOX,VIS,adaptive,5
VAW-VIS,-0.04150599445301935,0.0383633972799376,-2.3852422084858746,-1.6018094440372637,-0.09441061200879741,-0.08117184484351536,VAW,VIS,ewma,15
VDE-VHT,-0.08706835066368533,0.05739160946918337,-2.388299473240677,-2.0143994775553486,-0.16551474605984984,-0.16290129899347794,VDE,VHT,ewma,5
VCR-VAW,-0.0990315230753012,0.06238344157529174,-2.388959623130639,-2.3496602103000397,-0.2211496731452921,-0.18322368523910215,VCR,VAW,standard,10
VCR-VIS,-0.08502486554633093,0.05644351379790934,-2.3922122571917592,-2.241092895143725,-0.17774843877974622,-0.15937128163710113,VCR,VIS,standard,15
VDC-VPU,-0.09619714653572577,0.06110682094650434,-2.3924849021963244,-2.517206773154429,-0.23017411300519452,-0.17843488358911563,VDC,VPU,standard,5
VCR-VNQ,-0.1405137910715151,0.07951245358281432,-2.396024553224105,-2.5212736849558004,-0.2981227617172434,-0.25024293815993115,VCR,VNQ,standard,5
VHT-VFH,-0.08374343213891343,0.055665649832653444,-2.4026205126677525,-1.9564698985200013,-0.16851218125462641,-0.1571455282778209,VHT,VFH,ewma,20
VIS-VAW,-0.05689872178124948,0.04445257068400853,-2.4047815488813895,-1.9567119236768964,-0.13885280331609684,-0.10953645436632353,VIS,VAW,standard,15
VPU-VOX,-0.15516464779167416,0.08528018371698062,-2.405771644120211,-2.659343048432352,-0.29823180972231067,-0.27263778387233384,VPU,VOX,standard,5
VAW-VFH,-0.07031250890460408,0.04997759017763593,-2.4073291344575822,-1.9930598861854532,-0.14486547537198358,-0.1336144460194313,VAW,VFH,ewma,15
VOX-VIS,-0.0961018477908006,0.06064659008720118,-2.4090694560193224,-2.434384295280841,-0.20591370508782847,-0.17823615134687398,VOX,VIS,standard,15
VHT-VIS,-0.07671345825296409,0.05226703812456615,-2.42434740516523,-1.9653004036976496,-0.14702290771853221,-0.1448633208008323,VHT,VIS,ewma,15
VCR-VOX,-0.07811583963462701,0.05267341243825963,-2.4322676983344502,-2.2233593548435815,-0.15587416368242835,-0.14729626640943239,VCR,VOX,standard,10
VFH-VAW,-0.0752181803363654,0.051442967053613245,-2.4341166054023375,-2.244512181128015,-0.188918446723503,-0.14221697366801012,VFH,VAW,standard,10
VNQ-VCR,-0.0710614434940991,0.04972070586034621,-2.4348295423265363,-1.8274221026326192,-0.14882911594087322,-0.13489782887378565,VNQ,VCR,ewma,5
VPU-VHT,-0.10832267852000872,0.06481605221643354,-2.442646120922918,-2.4464370184275883,-0.20372582136592687,-0.19854685209419976,VPU,VHT,adaptive,5
VAW-VCR,-0.10412452856556419,0.06304120364313076,-2.444822110917266,-2.4286121394991547,-0.21643149907231618,-0.19158966281631695,VAW,VCR,standard,10
VHT-VDC,-0.07561134367652397,0.05123390632050695,-2.451722944776643,-2.218652632176672,-0.1733887129154903,-0.14287582485865957,VHT,VDC,adaptive,10
VDC-VFH,-0.0839581328257404,0.05448954957372171,-2.458418795415102,-2.168871921259164,-0.17595438255341467,-0.1573912858724491,VDC,VFH,ewma,15
VOX-VFH,-0.1045559170548108,0.06275163856775616,-2.4629781880186092,-2.570028918872144,-0.21272994518830945,-0.19225497403807723,VOX,VFH,adaptive,15
VCR-VAW,-0.10978025108937957,0.06483576325458913,-2.4643845166436,-2.4461237046950517,-0.23655800263256255,-0.2008882739974993,VCR,VAW,standard,15
VNQ-VDC,-0.07464745590385673,0.05049647528175548,-2.468438741681683,-2.128794299315187,-0.14770405827079114,-0.1411550434290153,VNQ,VDC,adaptive,20
VCR-VIS,-0.08884530292063438,0.0560589343766721,-2.4767738535253407,-2.4152779105205875,-0.17963461859787033,-0.16574750820170958,VCR,VIS,standard,10
VIS-VFH,-0.06789241615094845,0.04754360190634575,-2.4796694281426137,-2.121174864233577,-0.13918415268272177,-0.12919283103398915,VIS,VFH,standard,20
VAW-VIS,-0.058239380176967386,0.043573844231168384,-2.4840447770165692,-2.0541360612153223,-0.12700489646453916,-0.11185753196270931,VAW,VIS,standard,10
VPU-VCR,-0.18508152288707622,0.09431227684493618,-2.49258665734034,-2.7662098081708772,-0.3487483881758505,-0.3161174251277463,VPU,VCR,standard,5
VIS-VCR,-0.09400604604702652,0.057526566022496034,-2.503296407275766,-2.388585913220477,-0.18916480672431957,-0.17447373238519326,VIS,VCR,adaptive,5
VDE-VAW,-0.11938852607494398,0.0676203827296655,-2.50499212274692,-2.4568329511415326,-0.23503448969416885,-0.2164247095214128,VDE,VAW,ewma,10
VFH-VIS,-0.0445762040665128,0.03770003263997184,-2.5086504558151876,-1.7007907897351375,-0.10342456808094325,-0.08676294236387205,VFH,VIS,ewma,15
VAW-VCR,-0.11073593755797863,0.06400294904172053,-2.5113833028725345,-2.4821037322799557,-0.22906760294918405,-0.20233258574272173,VAW,VCR,standard,20
VOX-VHT,-0.13937977131533139,0.07514783114900044,-2.520096301113946,-2.727470782394455,-0.27758037326766516,-0.2480212039038211,VOX,VHT,standard,15
VIS-VFH,-0.06944001739651767,0.047383258421334375,-2.5207219042314666,-2.164761329607399,-0.15837137019439818,-0.13187746706603032,VIS,VFH,standard,10
VOX-VFH,-0.11234566958090224,0.06438514750370776,-2.52147701566659,-2.670292408551801,-0.2155557812511224,-0.20493705372004378,VOX,VFH,standard,20
VPU-VDE,-0.1418563178525993,0.07602874032914171,-2.523470953510734,-2.379583366524169,-0.2655255758427857,-0.25186529186440787,VPU,VDE,ewma,10
VDC-VDE,-0.17929797892012914,0.09080480077123201,-2.5251746270310993,-2.7524372054849096,-0.3132091806732802,-0.3076902726394871,VDC,VDE,standard,5
VHT-VFH,-0.07538049082669282,0.04956894590354693,-2.5294161201382575,-2.119929810714899,-0.15390236998407902,-0.14233599711838874,VHT,VFH,ewma,15
VOX-VNQ,-0.14718859034614945,0.07785823439872361,-2.5326619832697115,-2.81963972610511,-0.2797036973721875,-0.26000934132063014,VOX,VNQ,standard,10
VIS-VAW,-0.05793977659551218,0.042583352319969854,-2.5347881440722744,-2.110587763173093,-0.1300954585981713,-0.11124795689804312,VIS,VAW,standard,5
VAW-VCR,-0.11028328991078871,0.06317855310173912,-2.5369889312387013,-2.5788373457648865,-0.21247975396610108,-0.20152281564759988,VAW,VCR,adaptive,15
VNQ-VDC,-0.08158645524708713,0.051613369090756235,-2.5494645586051035,-2.268115565919186,-0.16506973670594216,-0.15311561577496102,VNQ,VDC,adaptive,5
VDC-VFH,-0.12412350707905527,0.06824838876816669,-2.5513204080251075,-2.5347335929577235,-0.23003704772098377,-0.223900805685044,VDC,VFH,standard,15
VAW-VHT,-0.11365582928287127,0.06390957660701953,-2.5607403142285263,-2.670411813379805,-0.22082183955970291,-0.20697619250680577,VAW,VHT,standard,10
VHT-VAW,-0.05785823531147586,0.0421097074084543,-2.5613627343756207,-1.7519882092307315,-0.14619826782081424,-0.11107207743439107,VHT,VAW,ewma,5
VOX-VPU,-0.17704794094430681,0.08850603257012377,-2.565338591631204,-2.962540513426148,-0.3360114963979369,-0.3042523900075508,VOX,VPU,standard,15
VIS-VAW,-0.06427023141226927,0.04446875481314682,-2.5696746376736015,-2.1910519149947594,-0.14981520317666175,-0.12259872594705679,VIS,VAW,standard,10
VHT-VAW,-0.10764395827801443,0.06120104642980408,-2.575837628182187,-2.4627721398100464,-0.20464481459260508,-0.19709281519742383,VHT,VAW,adaptive,10
VIS-VFH,-0.0713110118674614,0.047086260020212704,-2.5763569205833345,-2.131374015427016,-0.15921919337382762,-0.1351042267808773,VIS,VFH,adaptive,5
VOX-VNQ,-0.1531099712067631,0.07857022013216762,-2.5850757559938065,-2.934233241350341,-0.28385457000457304,-0.2688244199607952,VOX,VNQ,standard,15
VDC-VFH,-0.13570444744148344,0.0717558730422407,-2.588003456276873,-2.568408225044639,-0.24563803058550993,-0.24209110778756282,VDC,VFH,adaptive,20
VAW-VIS,-0.05738002786261608,0.04139021960476588,-2.5943333688002905,-2.031348955124352,-0.11179288603047555,-0.11016213263417929,VAW,VIS,adaptive,5
VOX-VIS,-0.11028597781391626,0.06173739591984351,-2.5962542706210496,-2.6869333429626994,-0.22205581062981838,-0.20138278373790908,VOX,VIS,standard,20
VAW-VIS,-0.05705225833220432,0.04120607549444095,-2.597972678729052,-2.089869353691313,-0.13980775895138675,-0.1095633413846705,VAW,VIS,standard,5
VIS-VFH,-0.07394999240954395,0.047701993542490564,-2.598423738813671,-2.2433731014124083,-0.15108841270361906,-0.13971638689231847,VIS,VFH,adaptive,20
VDE-VAW,-0.08008580709861761,0.0498549042969951,-2.6092880717145053,-2.123114845192796,-0.1516610136406934,-0.15041361693870547,VDE,VAW,ewma,5
VDC-VPU,-0.09321162363662529,0.05483726614996683,-2.6115748229493367,-2.5944939336465453,-0.20668444988157575,-0.17290516289839064,VDC,VPU,adaptive,10
VIS-VFH,-0.06430884069610254,0.04376365181214196,-2.6119584623966015,-2.122596349992469,-0.1297073952824498,-0.12261219097975307,VIS,VFH,ewma,20
VOX-VAW,-0.1368322070263035,0.07118340428905874,-2.6246596224538896,-2.8763507826328665,-0.25069942434518844,-0.2437291662555482,VOX,VAW,standard,10
VIS-VCR,-0.0923299112436652,0.05407176585018127,-2.632240856309819,-2.5434236616970636,-0.18144920682001087,-0.1713745650052071,VIS,VCR,standard,20
VHT-VDC,-0.08461627024501803,0.051090171346477836,-2.6348760768894635,-2.5500096173353923,-0.16505633258650443,-0.158196164738992,VHT,VDC,standard,10
VHT-VFH,-0.11562461571842661,0.06274036947463316,-2.639841255404003,-2.787240471465269,-0.21687193842761643,-0.2099826381819223,VHT,VFH,standard,5
VHT-VAW,-0.11305783958237604,0.061466629374099586,-2.652786418301379,-2.642928328873557,-0.21904037896569617,-0.20578504939348186,VHT,VAW,standard,5
VHT-VCR,-0.09347877115964845,0.054055646693716215,-2.6542790612165104,-2.111633993173069,-0.2080671746577084,-0.17329280745341025,VHT,VCR,ewma,5
VAW-VFH,-0.10616140715507068,0.05863297818174598,-2.663371570023504,-2.6494141133168236,-0.22623983642404089,-0.19445157983965744,VAW,VFH,standard,10
VOX-VAW,-0.13697375015984503,0.0701537631381549,-2.6651991539161584,-2.9147532025167977,-0.25691364465759836,-0.2438340156984926,VOX,VAW,adaptive,10
VDE-VDC,-0.08828518796495761,0.051846093583453164,-2.667224826541063,-2.177820245281976,-0.16443660186165987,-0.16443660186165987,VDE,VDC,ewma,5
VIS-VCR,-0.06663006154857704,0.04369501071460873,-2.669184871250841,-2.2032061513870307,-0.13542133552188196,-0.12667996144192173,VIS,VCR,ewma,15
VIS-VCR,-0.09426933099929304,0.05377751470100444,-2.68270729507324,-2.577777135990135,-0.18171669277004954,-0.1745642236364986,VIS,VCR,adaptive,15
VOX-VAW,-0.14070395382181405,0.07089339266986482,-2.6900102624497184,-2.9797011884659126,-0.2580033197046361,-0.2495462267209766,VOX,VAW,standard,15
VCR-VIS,-0.0955677766918843,0.05378171629058457,-2.7066405970641827,-2.586205148223338,-0.18999487273751448,-0.17671152494994857,VCR,VIS,standard,5
VCR-VAW,-0.1164658640427871,0.061414284504264914,-2.7105398261413733,-2.751407191799803,-0.22998598950042115,-0.21118697433460643,VCR,VAW,standard,5
VAW-VGT,-0.13156703281628984,0.06671984519429885,-2.7213347436214463,-2.6420115398864605,-0.2649725726516643,-0.23523929227332996,VAW,VGT,ewma,10
VDC-VHT,-0.0981284060766531,0.05437737650873579,-2.724081513069247,-2.725598164195796,-0.19257227641020713,-0.18097662755654076,VDC,VHT,adaptive,20
VPU-VDC,-0.10865070768049695,0.05805532190022053,-2.7327504608995072,-2.8823609402659454,-0.22651745222597564,-0.19840541623941643,VPU,VDC,standard,5
VIS-VCR,-0.09685882578098204,0.053413628542099134,-2.7494635693066987,-2.6491026211228914,-0.178806135744349,-0.178806135744349,VIS,VCR,adaptive,20
VIS-VFH,-0.08353241168920711,0.048541856734187525,-2.750871529707301,-2.4830030721913934,-0.16623466906447792,-0.15615223045658377,VIS,VFH,adaptive,15
VAW-VCR,-0.06284678028231754,0.04100066766299872,-2.752315674706846,-1.974375304201275,-0.12174158886695874,-0.1198333796980674,VAW,VCR,ewma,5
VOX-VAW,-0.14671998969126465,0.07140460832470334,-2.7550041139740675,-3.096791423728166,-0.28380745532801865,-0.2585980807907293,VOX,VAW,standard,20
VAW-VFH,-0.1025191918920563,0.055159785044459834,-2.765043260576938,-2.8038007130180973,-0.19880754244816756,-0.18822439254850076,VAW,VFH,standard,5
VIS-VFH,-0.053543226190117824,0.03725725680677838,-2.7791425097963662,-2.0988242028203192,-0.10882836950677388,-0.10299991775748252,VIS,VFH,ewma,10
VOX-VAW,-0.14586789724257856,0.06995694214912888,-2.7998350303111064,-3.0572249919380012,-0.27692019078182584,-0.2571797804074528,VOX,VAW,adaptive,20
VIS-VCR,-0.10799005979572007,0.05633751565634336,-2.8043490728177156,-2.949384764013963,-0.24697090160764368,-0.1971850276895405,VIS,VCR,standard,5
VOX-VPU,-0.1990219018724386,0.08879028533282603,-2.804607519155865,-3.2535898175302127,-0.3692821276396535,-0.33428325840091666,VOX,VPU,standard,10
VOX-VIS,-0.12089517786246849,0.060620438300705425,-2.8191016537153573,-2.8904281600080934,-0.22404707415008307,-0.2180848610321363,VOX,VIS,adaptive,20
VDC-VDE,-0.2115233072747734,0.09239729562184364,-2.8304216645594833,-3.1183678460067368,-0.35993360366338556,-0.3512104151682076,VDC,VDE,standard,15
VOX-VAW,-0.15028670153157575,0.07073103917295433,-2.8316663217944074,-3.1471362440041637,-0.28593936252357866,-0.26381238484063296,VOX,VAW,adaptive,15
VHT-VOX,-0.09089195921819385,0.04975383742086313,-2.831780753440216,-2.2133447918706883,-0.19026950038952806,-0.16861905511873365,VHT,VOX,ewma,5
VHT-VIS,-0.12858974917111163,0.06275016376850207,-2.846044351851653,-2.901022919137442,-0.2448377371004704,-0.23026060783033708,VHT,VIS,standard,5
VOX-VIS,-0.12531415335330198,0.060798661793610105,-2.8835199358241037,-3.0015039012435576,-0.22900943260877504,-0.22499867148065877,VOX,VIS,adaptive,10
VIS-VFH,-0.06756508424216398,0.040676974177368784,-2.890212131549671,-2.2973533161602084,-0.13395935929745484,-0.12809384182130523,VIS,VFH,ewma,15
VHT-VNQ,-0.06235704631279052,0.038774935281749114,-2.897672052741648,-2.2040643076438773,-0.13880862670690597,-0.11880996029930513,VHT,VNQ,ewma,5
VDC-VHT,-0.10509626369784866,0.05307219617206428,-2.922363777730513,-2.916811549717914,-0.2195684487334395,-0.1922252820455962,VDC,VHT,standard,20
VAW-VFH,-0.08773578234723599,0.04688150455299117,-2.9379556748557483,-2.540937933087207,-0.17384658253390628,-0.1631014279409433,VAW,VFH,ewma,10
VDC-VDE,-0.2093968703479235,0.08827709698685011,-2.9384390651922274,-3.3173584311192292,-0.3525888863154931,-0.347938458218514,VDC,VDE,standard,20
VIS-VAW,-0.030070957967686576,0.027188480481245482,-2.945032475166063,-1.5366709118888944,-0.0806293307917556,-0.05918122050107977,VIS,VAW,ewma,5
VFH-VIS,-0.07402884162361888,0.0419603129782061,-2.955860736502099,-2.5819309534001444,-0.16117069030317643,-0.13940866430753085,VFH,VIS,standard,10
VHT-VDC,-0.055224749413197605,0.03555045330237038,-2.9598708212865894,-2.1305462111780566,-0.11572412694483891,-0.1059070382463545,VHT,VDC,ewma,5
VHT-VAW,-0.13492776759597924,0.06221185152336857,-2.972548848293239,-3.1768303898394885,-0.2612687314745551,-0.23992597675288196,VHT,VAW,standard,10
VOX-VIS,-0.1314158650647916,0.06094541060568016,-2.9766944428114726,-3.1289501816140657,-0.24537339471801212,-0.23443599475801546,VOX,VIS,adaptive,15
VHT-VDC,-0.11122849190409963,0.054132420082824866,-2.9784090875193323,-3.0784254151526285,-0.20793436975563695,-0.20218759607773207,VHT,VDC,standard,5
VOX-VIS,-0.13166208627313855,0.0609854268285421,-2.978778631555268,-3.189196926426303,-0.24480807830642837,-0.23481663493505012,VOX,VIS,standard,10
VHT-VPU,-0.09041053713950593,0.04691872080128412,-2.9926335318089707,-2.40739516912767,-0.18110005163526988,-0.16758369435644616,VHT,VPU,ewma,5
VFH-VIS,-0.05725940075240927,0.03539041017962517,-3.03074760105946,-2.2226290273325433,-0.11920038216086137,-0.10953663261552271,VFH,VIS,ewma,10
VCR-VOX,-0.10534410966328951,0.05117081251634556,-3.035795251710489,-2.985442557183189,-0.20433489261228244,-0.19246730686476332,VCR,VOX,adaptive,5
VIS-VCR,-0.07712536224787823,0.04159525387389685,-3.056246816843109,-2.678720154527806,-0.15156672700190332,-0.14470754525353557,VIS,VCR,ewma,10
VDC-VHT,-0.11242706895890676,0.05295377438856,-3.067336952547751,-3.086516049203453,-0.22506915686310802,-0.2040009089057242,VDC,VHT,adaptive,10
VDC-VFH,-0.16174876829886836,0.06807792909650412,-3.1103879202715334,-3.2459935139077563,-0.28149145556509614,-0.28028044381200157,VDC,VFH,standard,20
VAW-VIS,-0.06276297934790977,0.035611302562940525,-3.1664940968842403,-2.523308725458238,-0.12809629094871344,-0.11931903155496282,VAW,VIS,ewma,10
VHT-VIS,-0.09049135921731942,0.043890122884354815,-3.2009789443401018,-2.3959871396309804,-0.19131156978921027,-0.16749284027306155,VHT,VIS,ewma,5
VDC-VFH,-0.17417011509167662,0.06991715304859439,-3.20622487211217,-3.28208971103907,-0.30180234841726217,-0.29817065320613223,VDC,VFH,adaptive,10
VAW-VIS,-0.03099961727091975,0.024865968516037246,-3.257448718262442,-1.841049267580582,-0.06545223100769815,-0.06081636004578994,VAW,VIS,ewma,5
VCR-VDE,-0.24017578831886938,0.08903290128627624,-3.2591972644566374,-3.828493960249453,-0.3980737576954477,-0.3870583606754361,VCR,VDE,standard,5
VAW-VCR,-0.11682366866241124,0.049750334592300285,-3.353217019131969,-3.092334379239652,-0.22014565820092957,-0.2107297707303658,VAW,VCR,ewma,10
VFH-VIS,-0.046697896352302454,0.028257626213818433,-3.4220105970902686,-2.2053333165446807,-0.09556503753676582,-0.09007141562780296,VFH,VIS,ewma,5
VHT-VFH,-0.10570754445700402,0.04146268769519846,-3.75536544089098,-2.9923930156781764,-0.20823650987462627,-0.1923341670730475,VHT,VFH,ewma,5
VIS-VFH,-0.11863907488736329,0.04485594575528595,-3.759570153918567,-3.7109053524355033,-0.23531864524260193,-0.21323096597775304,VIS,VFH,standard,5
